solid OpenSCAD_Model
  facet normal 0.998795 0.0490716 0
    outer loop
      vertex 8.05 52.6 4
      vertex 8.037 52.8646 2
      vertex 8.037 52.8646 4
    endloop
  endfacet
  facet normal 0.998795 0.0490716 0
    outer loop
      vertex 8.037 52.8646 2
      vertex 8.05 52.6 4
      vertex 8.05 52.6 2
    endloop
  endfacet
  facet normal -0.998795 0.0490716 0
    outer loop
      vertex 2.65 52.6 2
      vertex 2.663 52.8646 4
      vertex 2.663 52.8646 2
    endloop
  endfacet
  facet normal -0.998795 0.0490716 0
    outer loop
      vertex 2.663 52.8646 4
      vertex 2.65 52.6 2
      vertex 2.65 52.6 4
    endloop
  endfacet
  facet normal -0.0490623 0.998796 0
    outer loop
      vertex 5.35 55.3 2
      vertex 5.08535 55.287 4
      vertex 5.35 55.3 4
    endloop
  endfacet
  facet normal -0.0490623 0.998796 0
    outer loop
      vertex 5.08535 55.287 4
      vertex 5.35 55.3 2
      vertex 5.08535 55.287 2
    endloop
  endfacet
  facet normal 0.67147 0.741032 -0
    outer loop
      vertex 7.25919 54.5092 2
      vertex 7.06286 54.6871 4
      vertex 7.25919 54.5092 4
    endloop
  endfacet
  facet normal 0.67147 0.741032 0
    outer loop
      vertex 7.06286 54.6871 4
      vertex 7.25919 54.5092 2
      vertex 7.06286 54.6871 2
    endloop
  endfacet
  facet normal -0.67147 0.741032 0
    outer loop
      vertex 3.63714 54.6871 2
      vertex 3.44081 54.5092 4
      vertex 3.63714 54.6871 4
    endloop
  endfacet
  facet normal -0.67147 0.741032 0
    outer loop
      vertex 3.44081 54.5092 4
      vertex 3.63714 54.6871 2
      vertex 3.44081 54.5092 2
    endloop
  endfacet
  facet normal -0.427603 0.903967 0
    outer loop
      vertex 4.31675 55.0945 2
      vertex 4.07723 54.9812 4
      vertex 4.31675 55.0945 4
    endloop
  endfacet
  facet normal -0.427603 0.903967 0
    outer loop
      vertex 4.07723 54.9812 4
      vertex 4.31675 55.0945 2
      vertex 4.07723 54.9812 2
    endloop
  endfacet
  facet normal 0.904051 0.427424 0
    outer loop
      vertex 7.84447 53.6332 4
      vertex 7.73119 53.8728 2
      vertex 7.73119 53.8728 4
    endloop
  endfacet
  facet normal 0.904051 0.427424 0
    outer loop
      vertex 7.73119 53.8728 2
      vertex 7.84447 53.6332 4
      vertex 7.84447 53.6332 2
    endloop
  endfacet
  facet normal 0.336683 0.941618 -0
    outer loop
      vertex 6.38324 55.0945 2
      vertex 6.13377 55.1837 4
      vertex 6.38324 55.0945 4
    endloop
  endfacet
  facet normal 0.336683 0.941618 0
    outer loop
      vertex 6.13377 55.1837 4
      vertex 6.38324 55.0945 2
      vertex 6.13377 55.1837 2
    endloop
  endfacet
  facet normal 0.514046 0.857763 -0
    outer loop
      vertex 6.85004 54.845 2
      vertex 6.62277 54.9812 4
      vertex 6.85004 54.845 4
    endloop
  endfacet
  facet normal 0.514046 0.857763 0
    outer loop
      vertex 6.62277 54.9812 4
      vertex 6.85004 54.845 2
      vertex 6.62277 54.9812 2
    endloop
  endfacet
  facet normal -0.904051 0.427424 0
    outer loop
      vertex 2.85553 53.6332 2
      vertex 2.96881 53.8728 4
      vertex 2.96881 53.8728 2
    endloop
  endfacet
  facet normal -0.904051 0.427424 0
    outer loop
      vertex 2.96881 53.8728 4
      vertex 2.85553 53.6332 2
      vertex 2.85553 53.6332 4
    endloop
  endfacet
  facet normal -0.243042 0.970016 0
    outer loop
      vertex 4.82326 55.2481 2
      vertex 4.56623 55.1837 4
      vertex 4.82326 55.2481 4
    endloop
  endfacet
  facet normal -0.243042 0.970016 0
    outer loop
      vertex 4.56623 55.1837 4
      vertex 4.82326 55.2481 2
      vertex 4.56623 55.1837 2
    endloop
  endfacet
  facet normal 0.970049 0.242908 0
    outer loop
      vertex 7.99812 53.1267 4
      vertex 7.93374 53.3838 2
      vertex 7.93374 53.3838 4
    endloop
  endfacet
  facet normal 0.970049 0.242908 0
    outer loop
      vertex 7.93374 53.3838 2
      vertex 7.99812 53.1267 4
      vertex 7.99812 53.1267 2
    endloop
  endfacet
  facet normal 0.989176 0.146735 0
    outer loop
      vertex 8.037 52.8646 4
      vertex 7.99812 53.1267 2
      vertex 7.99812 53.1267 4
    endloop
  endfacet
  facet normal 0.989176 0.146735 0
    outer loop
      vertex 7.99812 53.1267 2
      vertex 8.037 52.8646 4
      vertex 8.037 52.8646 2
    endloop
  endfacet
  facet normal 0.941504 0.337001 0
    outer loop
      vertex 7.93374 53.3838 4
      vertex 7.84447 53.6332 2
      vertex 7.84447 53.6332 4
    endloop
  endfacet
  facet normal 0.941504 0.337001 0
    outer loop
      vertex 7.84447 53.6332 2
      vertex 7.93374 53.3838 4
      vertex 7.93374 53.3838 2
    endloop
  endfacet
  facet normal 0.803311 0.59556 0
    outer loop
      vertex 7.59497 54.1 4
      vertex 7.43713 54.3129 2
      vertex 7.43713 54.3129 4
    endloop
  endfacet
  facet normal 0.803311 0.59556 0
    outer loop
      vertex 7.43713 54.3129 2
      vertex 7.59497 54.1 4
      vertex 7.59497 54.1 2
    endloop
  endfacet
  facet normal 0.740906 0.671609 0
    outer loop
      vertex 7.43713 54.3129 4
      vertex 7.25919 54.5092 2
      vertex 7.25919 54.5092 4
    endloop
  endfacet
  facet normal 0.740906 0.671609 0
    outer loop
      vertex 7.25919 54.5092 2
      vertex 7.43713 54.3129 4
      vertex 7.43713 54.3129 2
    endloop
  endfacet
  facet normal 0.857659 0.514218 0
    outer loop
      vertex 7.73119 53.8728 4
      vertex 7.59497 54.1 2
      vertex 7.59497 54.1 4
    endloop
  endfacet
  facet normal 0.857659 0.514218 0
    outer loop
      vertex 7.59497 54.1 2
      vertex 7.73119 53.8728 4
      vertex 7.73119 53.8728 2
    endloop
  endfacet
  facet normal 0.146814 0.989164 -0
    outer loop
      vertex 5.87674 55.2481 2
      vertex 5.61465 55.287 4
      vertex 5.87674 55.2481 4
    endloop
  endfacet
  facet normal 0.146814 0.989164 0
    outer loop
      vertex 5.61465 55.287 4
      vertex 5.87674 55.2481 2
      vertex 5.61465 55.287 2
    endloop
  endfacet
  facet normal 0.243042 0.970016 -0
    outer loop
      vertex 6.13377 55.1837 2
      vertex 5.87674 55.2481 4
      vertex 6.13377 55.1837 4
    endloop
  endfacet
  facet normal 0.243042 0.970016 0
    outer loop
      vertex 5.87674 55.2481 4
      vertex 6.13377 55.1837 2
      vertex 5.87674 55.2481 2
    endloop
  endfacet
  facet normal 0.0490623 0.998796 -0
    outer loop
      vertex 5.61465 55.287 2
      vertex 5.35 55.3 4
      vertex 5.61465 55.287 4
    endloop
  endfacet
  facet normal 0.0490623 0.998796 0
    outer loop
      vertex 5.35 55.3 4
      vertex 5.61465 55.287 2
      vertex 5.35 55.3 2
    endloop
  endfacet
  facet normal 0.427588 0.903974 -0
    outer loop
      vertex 6.62277 54.9812 2
      vertex 6.38324 55.0945 4
      vertex 6.62277 54.9812 4
    endloop
  endfacet
  facet normal 0.427588 0.903974 0
    outer loop
      vertex 6.38324 55.0945 4
      vertex 6.62277 54.9812 2
      vertex 6.38324 55.0945 2
    endloop
  endfacet
  facet normal 0.59585 0.803096 -0
    outer loop
      vertex 7.06286 54.6871 2
      vertex 6.85004 54.845 4
      vertex 7.06286 54.6871 4
    endloop
  endfacet
  facet normal 0.59585 0.803096 0
    outer loop
      vertex 6.85004 54.845 4
      vertex 7.06286 54.6871 2
      vertex 6.85004 54.845 2
    endloop
  endfacet
  facet normal -0.970049 0.242908 0
    outer loop
      vertex 2.70188 53.1267 2
      vertex 2.76626 53.3838 4
      vertex 2.76626 53.3838 2
    endloop
  endfacet
  facet normal -0.970049 0.242908 0
    outer loop
      vertex 2.76626 53.3838 4
      vertex 2.70188 53.1267 2
      vertex 2.70188 53.1267 4
    endloop
  endfacet
  facet normal -0.803311 0.59556 0
    outer loop
      vertex 3.10503 54.1 2
      vertex 3.26287 54.3129 4
      vertex 3.26287 54.3129 2
    endloop
  endfacet
  facet normal -0.803311 0.59556 0
    outer loop
      vertex 3.26287 54.3129 4
      vertex 3.10503 54.1 2
      vertex 3.10503 54.1 4
    endloop
  endfacet
  facet normal -0.740906 0.671609 0
    outer loop
      vertex 3.26287 54.3129 2
      vertex 3.44081 54.5092 4
      vertex 3.44081 54.5092 2
    endloop
  endfacet
  facet normal -0.740906 0.671609 0
    outer loop
      vertex 3.44081 54.5092 4
      vertex 3.26287 54.3129 2
      vertex 3.26287 54.3129 4
    endloop
  endfacet
  facet normal -0.857659 0.514218 0
    outer loop
      vertex 2.96881 53.8728 2
      vertex 3.10503 54.1 4
      vertex 3.10503 54.1 2
    endloop
  endfacet
  facet normal -0.857659 0.514218 0
    outer loop
      vertex 3.10503 54.1 4
      vertex 2.96881 53.8728 2
      vertex 2.96881 53.8728 4
    endloop
  endfacet
  facet normal -0.941504 0.337001 0
    outer loop
      vertex 2.76626 53.3838 2
      vertex 2.85553 53.6332 4
      vertex 2.85553 53.6332 2
    endloop
  endfacet
  facet normal -0.941504 0.337001 0
    outer loop
      vertex 2.85553 53.6332 4
      vertex 2.76626 53.3838 2
      vertex 2.76626 53.3838 4
    endloop
  endfacet
  facet normal -0.989176 0.146735 0
    outer loop
      vertex 2.663 52.8646 2
      vertex 2.70188 53.1267 4
      vertex 2.70188 53.1267 2
    endloop
  endfacet
  facet normal -0.989176 0.146735 0
    outer loop
      vertex 2.70188 53.1267 4
      vertex 2.663 52.8646 2
      vertex 2.663 52.8646 4
    endloop
  endfacet
  facet normal 0 0 1
    outer loop
      vertex 6.2 52.6 4
      vertex 8.05 52.6 4
      vertex 8.037 52.8646 4
    endloop
  endfacet
  facet normal 0 0 1
    outer loop
      vertex 6.19591 52.6833 4
      vertex 8.037 52.8646 4
      vertex 7.99812 53.1267 4
    endloop
  endfacet
  facet normal 0 0 1
    outer loop
      vertex 8.05 52.6 4
      vertex 6.2 52.6 4
      vertex 8.037 52.3354 4
    endloop
  endfacet
  facet normal 0 0 1
    outer loop
      vertex 6.18367 52.7658 4
      vertex 7.99812 53.1267 4
      vertex 7.93374 53.3838 4
    endloop
  endfacet
  facet normal -0 0 1
    outer loop
      vertex 6.19591 52.5167 4
      vertex 8.037 52.3354 4
      vertex 6.2 52.6 4
    endloop
  endfacet
  facet normal 0 0 1
    outer loop
      vertex 6.1634 52.8467 4
      vertex 7.93374 53.3838 4
      vertex 7.84447 53.6332 4
    endloop
  endfacet
  facet normal 0 0 1
    outer loop
      vertex 8.037 52.3354 4
      vertex 6.19591 52.5167 4
      vertex 7.99812 52.0733 4
    endloop
  endfacet
  facet normal 0 0 1
    outer loop
      vertex 6.1353 52.9253 4
      vertex 7.84447 53.6332 4
      vertex 7.73119 53.8728 4
    endloop
  endfacet
  facet normal -0 0 1
    outer loop
      vertex 6.18367 52.4342 4
      vertex 7.99812 52.0733 4
      vertex 6.19591 52.5167 4
    endloop
  endfacet
  facet normal 0 0 1
    outer loop
      vertex 6.09963 53.0007 4
      vertex 7.73119 53.8728 4
      vertex 7.59497 54.1 4
    endloop
  endfacet
  facet normal 0 0 1
    outer loop
      vertex 7.99812 52.0733 4
      vertex 6.18367 52.4342 4
      vertex 7.93374 51.8162 4
    endloop
  endfacet
  facet normal 0 0 1
    outer loop
      vertex 6.05675 53.0722 4
      vertex 7.59497 54.1 4
      vertex 7.43713 54.3129 4
    endloop
  endfacet
  facet normal -0 0 1
    outer loop
      vertex 6.1634 52.3533 4
      vertex 7.93374 51.8162 4
      vertex 6.18367 52.4342 4
    endloop
  endfacet
  facet normal 0 0 1
    outer loop
      vertex 6.00706 53.1392 4
      vertex 7.43713 54.3129 4
      vertex 7.25919 54.5092 4
    endloop
  endfacet
  facet normal 0 0 1
    outer loop
      vertex 7.93374 51.8162 4
      vertex 6.1634 52.3533 4
      vertex 7.84447 51.5668 4
    endloop
  endfacet
  facet normal 0 0 1
    outer loop
      vertex 5.95104 53.201 4
      vertex 7.25919 54.5092 4
      vertex 7.06286 54.6871 4
    endloop
  endfacet
  facet normal -0 0 1
    outer loop
      vertex 6.1353 52.2747 4
      vertex 7.84447 51.5668 4
      vertex 6.1634 52.3533 4
    endloop
  endfacet
  facet normal 0 0 1
    outer loop
      vertex 5.88923 53.2571 4
      vertex 7.06286 54.6871 4
      vertex 6.85004 54.845 4
    endloop
  endfacet
  facet normal 0 0 1
    outer loop
      vertex 7.84447 51.5668 4
      vertex 6.1353 52.2747 4
      vertex 7.73119 51.3272 4
    endloop
  endfacet
  facet normal 0 0 1
    outer loop
      vertex 5.82223 53.3067 4
      vertex 6.85004 54.845 4
      vertex 6.62277 54.9812 4
    endloop
  endfacet
  facet normal -0 0 1
    outer loop
      vertex 6.09963 52.1993 4
      vertex 7.73119 51.3272 4
      vertex 6.1353 52.2747 4
    endloop
  endfacet
  facet normal 0 0 1
    outer loop
      vertex 5.75069 53.3496 4
      vertex 6.62277 54.9812 4
      vertex 6.38324 55.0945 4
    endloop
  endfacet
  facet normal 0 0 1
    outer loop
      vertex 7.73119 51.3272 4
      vertex 6.09963 52.1993 4
      vertex 7.59497 51.1 4
    endloop
  endfacet
  facet normal -0 0 1
    outer loop
      vertex 6.05675 52.1278 4
      vertex 7.59497 51.1 4
      vertex 6.09963 52.1993 4
    endloop
  endfacet
  facet normal 0 0 1
    outer loop
      vertex 8.037 52.8646 4
      vertex 6.19591 52.6833 4
      vertex 6.2 52.6 4
    endloop
  endfacet
  facet normal 0 0 1
    outer loop
      vertex 7.99812 53.1267 4
      vertex 6.18367 52.7658 4
      vertex 6.19591 52.6833 4
    endloop
  endfacet
  facet normal 0 0 1
    outer loop
      vertex 7.93374 53.3838 4
      vertex 6.1634 52.8467 4
      vertex 6.18367 52.7658 4
    endloop
  endfacet
  facet normal 0 0 1
    outer loop
      vertex 7.84447 53.6332 4
      vertex 6.1353 52.9253 4
      vertex 6.1634 52.8467 4
    endloop
  endfacet
  facet normal 0 0 1
    outer loop
      vertex 5.67528 53.3853 4
      vertex 6.38324 55.0945 4
      vertex 6.13377 55.1837 4
    endloop
  endfacet
  facet normal 0 0 1
    outer loop
      vertex 7.73119 53.8728 4
      vertex 6.09963 53.0007 4
      vertex 6.1353 52.9253 4
    endloop
  endfacet
  facet normal 0 0 1
    outer loop
      vertex 7.59497 54.1 4
      vertex 6.05675 53.0722 4
      vertex 6.09963 53.0007 4
    endloop
  endfacet
  facet normal 0 0 1
    outer loop
      vertex 7.43713 54.3129 4
      vertex 6.00706 53.1392 4
      vertex 6.05675 53.0722 4
    endloop
  endfacet
  facet normal 0 0 1
    outer loop
      vertex 7.25919 54.5092 4
      vertex 5.95104 53.201 4
      vertex 6.00706 53.1392 4
    endloop
  endfacet
  facet normal 0 0 1
    outer loop
      vertex 7.06286 54.6871 4
      vertex 5.88923 53.2571 4
      vertex 5.95104 53.201 4
    endloop
  endfacet
  facet normal 0 0 1
    outer loop
      vertex 5.59674 53.4134 4
      vertex 6.13377 55.1837 4
      vertex 5.87674 55.2481 4
    endloop
  endfacet
  facet normal 0 0 1
    outer loop
      vertex 6.85004 54.845 4
      vertex 5.82223 53.3067 4
      vertex 5.88923 53.2571 4
    endloop
  endfacet
  facet normal 0 0 1
    outer loop
      vertex 6.62277 54.9812 4
      vertex 5.75069 53.3496 4
      vertex 5.82223 53.3067 4
    endloop
  endfacet
  facet normal 0 0 1
    outer loop
      vertex 6.38324 55.0945 4
      vertex 5.67528 53.3853 4
      vertex 5.75069 53.3496 4
    endloop
  endfacet
  facet normal 0 0 1
    outer loop
      vertex 5.51583 53.4337 4
      vertex 5.87674 55.2481 4
      vertex 5.61465 55.287 4
    endloop
  endfacet
  facet normal 0 0 1
    outer loop
      vertex 6.13377 55.1837 4
      vertex 5.59674 53.4134 4
      vertex 5.67528 53.3853 4
    endloop
  endfacet
  facet normal 0 0 1
    outer loop
      vertex 5.87674 55.2481 4
      vertex 5.51583 53.4337 4
      vertex 5.59674 53.4134 4
    endloop
  endfacet
  facet normal 0 0 1
    outer loop
      vertex 5.61465 55.287 4
      vertex 5.43331 53.4459 4
      vertex 5.51583 53.4337 4
    endloop
  endfacet
  facet normal 0 0 1
    outer loop
      vertex 5.35 55.3 4
      vertex 5.43331 53.4459 4
      vertex 5.61465 55.287 4
    endloop
  endfacet
  facet normal 0 0 1
    outer loop
      vertex 5.35 55.3 4
      vertex 5.35 53.45 4
      vertex 5.43331 53.4459 4
    endloop
  endfacet
  facet normal 0 0 1
    outer loop
      vertex 5.35 55.3 4
      vertex 5.26668 53.4459 4
      vertex 5.35 53.45 4
    endloop
  endfacet
  facet normal -0 0 1
    outer loop
      vertex 5.08535 55.287 4
      vertex 5.26668 53.4459 4
      vertex 5.35 55.3 4
    endloop
  endfacet
  facet normal 0 0 1
    outer loop
      vertex 5.26668 53.4459 4
      vertex 5.08535 55.287 4
      vertex 5.18417 53.4337 4
    endloop
  endfacet
  facet normal -0 0 1
    outer loop
      vertex 4.82326 55.2481 4
      vertex 5.18417 53.4337 4
      vertex 5.08535 55.287 4
    endloop
  endfacet
  facet normal 0 0 1
    outer loop
      vertex 5.18417 53.4337 4
      vertex 4.82326 55.2481 4
      vertex 5.10326 53.4134 4
    endloop
  endfacet
  facet normal -0 0 1
    outer loop
      vertex 4.56623 55.1837 4
      vertex 5.10326 53.4134 4
      vertex 4.82326 55.2481 4
    endloop
  endfacet
  facet normal 0 0 1
    outer loop
      vertex 5.10326 53.4134 4
      vertex 4.56623 55.1837 4
      vertex 5.02472 53.3853 4
    endloop
  endfacet
  facet normal -0 0 1
    outer loop
      vertex 4.31675 55.0945 4
      vertex 5.02472 53.3853 4
      vertex 4.56623 55.1837 4
    endloop
  endfacet
  facet normal 0 0 1
    outer loop
      vertex 5.02472 53.3853 4
      vertex 4.31675 55.0945 4
      vertex 4.94931 53.3496 4
    endloop
  endfacet
  facet normal -0 0 1
    outer loop
      vertex 4.07723 54.9812 4
      vertex 4.94931 53.3496 4
      vertex 4.31675 55.0945 4
    endloop
  endfacet
  facet normal 0 0 1
    outer loop
      vertex 4.94931 53.3496 4
      vertex 4.07723 54.9812 4
      vertex 4.87776 53.3067 4
    endloop
  endfacet
  facet normal -0 0 1
    outer loop
      vertex 3.84996 54.845 4
      vertex 4.87776 53.3067 4
      vertex 4.07723 54.9812 4
    endloop
  endfacet
  facet normal 0 0 1
    outer loop
      vertex 4.87776 53.3067 4
      vertex 3.84996 54.845 4
      vertex 4.81077 53.2571 4
    endloop
  endfacet
  facet normal -0 0 1
    outer loop
      vertex 3.63714 54.6871 4
      vertex 4.81077 53.2571 4
      vertex 3.84996 54.845 4
    endloop
  endfacet
  facet normal 0 0 1
    outer loop
      vertex 4.81077 53.2571 4
      vertex 3.63714 54.6871 4
      vertex 4.74896 53.201 4
    endloop
  endfacet
  facet normal -0 0 1
    outer loop
      vertex 3.44081 54.5092 4
      vertex 4.74896 53.201 4
      vertex 3.63714 54.6871 4
    endloop
  endfacet
  facet normal 0 0 1
    outer loop
      vertex 4.74896 53.201 4
      vertex 3.44081 54.5092 4
      vertex 4.69294 53.1392 4
    endloop
  endfacet
  facet normal -0 0 1
    outer loop
      vertex 3.26287 54.3129 4
      vertex 4.69294 53.1392 4
      vertex 3.44081 54.5092 4
    endloop
  endfacet
  facet normal 0 0 1
    outer loop
      vertex 4.69294 53.1392 4
      vertex 3.26287 54.3129 4
      vertex 4.64325 53.0722 4
    endloop
  endfacet
  facet normal -0 0 1
    outer loop
      vertex 3.10503 54.1 4
      vertex 4.64325 53.0722 4
      vertex 3.26287 54.3129 4
    endloop
  endfacet
  facet normal 0 0 1
    outer loop
      vertex 7.59497 51.1 4
      vertex 6.05675 52.1278 4
      vertex 7.43713 50.8871 4
    endloop
  endfacet
  facet normal -0 0 1
    outer loop
      vertex 6.00706 52.0608 4
      vertex 7.43713 50.8871 4
      vertex 6.05675 52.1278 4
    endloop
  endfacet
  facet normal 0 0 1
    outer loop
      vertex 7.43713 50.8871 4
      vertex 6.00706 52.0608 4
      vertex 7.25919 50.6908 4
    endloop
  endfacet
  facet normal -0 0 1
    outer loop
      vertex 5.95104 51.999 4
      vertex 7.25919 50.6908 4
      vertex 6.00706 52.0608 4
    endloop
  endfacet
  facet normal 0 0 1
    outer loop
      vertex 7.25919 50.6908 4
      vertex 5.95104 51.999 4
      vertex 7.06286 50.5129 4
    endloop
  endfacet
  facet normal -0 0 1
    outer loop
      vertex 5.88923 51.9429 4
      vertex 7.06286 50.5129 4
      vertex 5.95104 51.999 4
    endloop
  endfacet
  facet normal 0 0 1
    outer loop
      vertex 7.06286 50.5129 4
      vertex 5.88923 51.9429 4
      vertex 6.85004 50.355 4
    endloop
  endfacet
  facet normal -0 0 1
    outer loop
      vertex 5.82223 51.8932 4
      vertex 6.85004 50.355 4
      vertex 5.88923 51.9429 4
    endloop
  endfacet
  facet normal 0 0 1
    outer loop
      vertex 6.85004 50.355 4
      vertex 5.82223 51.8932 4
      vertex 6.62277 50.2188 4
    endloop
  endfacet
  facet normal -0 0 1
    outer loop
      vertex 5.75069 51.8504 4
      vertex 6.62277 50.2188 4
      vertex 5.82223 51.8932 4
    endloop
  endfacet
  facet normal 0 0 1
    outer loop
      vertex 6.62277 50.2188 4
      vertex 5.75069 51.8504 4
      vertex 6.38324 50.1055 4
    endloop
  endfacet
  facet normal -0 0 1
    outer loop
      vertex 5.67528 51.8147 4
      vertex 6.38324 50.1055 4
      vertex 5.75069 51.8504 4
    endloop
  endfacet
  facet normal 0 0 1
    outer loop
      vertex 6.38324 50.1055 4
      vertex 5.67528 51.8147 4
      vertex 6.13377 50.0163 4
    endloop
  endfacet
  facet normal -0 0 1
    outer loop
      vertex 5.59674 51.7866 4
      vertex 6.13377 50.0163 4
      vertex 5.67528 51.8147 4
    endloop
  endfacet
  facet normal 0 0 1
    outer loop
      vertex 6.13377 50.0163 4
      vertex 5.59674 51.7866 4
      vertex 5.87674 49.9519 4
    endloop
  endfacet
  facet normal -0 0 1
    outer loop
      vertex 5.51583 51.7663 4
      vertex 5.87674 49.9519 4
      vertex 5.59674 51.7866 4
    endloop
  endfacet
  facet normal 0 0 1
    outer loop
      vertex 5.87674 49.9519 4
      vertex 5.51583 51.7663 4
      vertex 5.61465 49.913 4
    endloop
  endfacet
  facet normal -0 0 1
    outer loop
      vertex 5.43331 51.7541 4
      vertex 5.61465 49.913 4
      vertex 5.51583 51.7663 4
    endloop
  endfacet
  facet normal -0 0 1
    outer loop
      vertex 5.35 51.75 4
      vertex 5.61465 49.913 4
      vertex 5.43331 51.7541 4
    endloop
  endfacet
  facet normal 0 0 1
    outer loop
      vertex 5.35 51.75 4
      vertex 5.35 49.9 4
      vertex 5.61465 49.913 4
    endloop
  endfacet
  facet normal 0 0 1
    outer loop
      vertex 5.26668 51.7541 4
      vertex 5.35 49.9 4
      vertex 5.35 51.75 4
    endloop
  endfacet
  facet normal 0 0 1
    outer loop
      vertex 5.08535 49.913 4
      vertex 5.26668 51.7541 4
      vertex 5.18417 51.7663 4
    endloop
  endfacet
  facet normal 0 0 1
    outer loop
      vertex 4.82326 49.9519 4
      vertex 5.18417 51.7663 4
      vertex 5.10326 51.7866 4
    endloop
  endfacet
  facet normal 0 0 1
    outer loop
      vertex 5.26668 51.7541 4
      vertex 5.08535 49.913 4
      vertex 5.35 49.9 4
    endloop
  endfacet
  facet normal 0 0 1
    outer loop
      vertex 4.56623 50.0163 4
      vertex 5.10326 51.7866 4
      vertex 5.02472 51.8147 4
    endloop
  endfacet
  facet normal 0 0 1
    outer loop
      vertex 4.31675 50.1055 4
      vertex 5.02472 51.8147 4
      vertex 4.94931 51.8504 4
    endloop
  endfacet
  facet normal 0 0 1
    outer loop
      vertex 4.07723 50.2188 4
      vertex 4.94931 51.8504 4
      vertex 4.87776 51.8932 4
    endloop
  endfacet
  facet normal 0 0 1
    outer loop
      vertex 5.18417 51.7663 4
      vertex 4.82326 49.9519 4
      vertex 5.08535 49.913 4
    endloop
  endfacet
  facet normal 0 0 1
    outer loop
      vertex 3.84996 50.355 4
      vertex 4.87776 51.8932 4
      vertex 4.81077 51.9429 4
    endloop
  endfacet
  facet normal 0 0 1
    outer loop
      vertex 3.63714 50.5129 4
      vertex 4.81077 51.9429 4
      vertex 4.74896 51.999 4
    endloop
  endfacet
  facet normal 0 0 1
    outer loop
      vertex 3.44081 50.6908 4
      vertex 4.74896 51.999 4
      vertex 4.69294 52.0608 4
    endloop
  endfacet
  facet normal 0 0 1
    outer loop
      vertex 3.26287 50.8871 4
      vertex 4.69294 52.0608 4
      vertex 4.64325 52.1278 4
    endloop
  endfacet
  facet normal 0 0 1
    outer loop
      vertex 3.10503 51.1 4
      vertex 4.64325 52.1278 4
      vertex 4.60037 52.1993 4
    endloop
  endfacet
  facet normal 0 0 1
    outer loop
      vertex 5.10326 51.7866 4
      vertex 4.56623 50.0163 4
      vertex 4.82326 49.9519 4
    endloop
  endfacet
  facet normal 0 0 1
    outer loop
      vertex 2.96881 51.3272 4
      vertex 4.60037 52.1993 4
      vertex 4.5647 52.2747 4
    endloop
  endfacet
  facet normal 0 0 1
    outer loop
      vertex 2.85553 51.5668 4
      vertex 4.5647 52.2747 4
      vertex 4.5366 52.3533 4
    endloop
  endfacet
  facet normal 0 0 1
    outer loop
      vertex 2.76626 51.8162 4
      vertex 4.5366 52.3533 4
      vertex 4.51633 52.4342 4
    endloop
  endfacet
  facet normal 0 0 1
    outer loop
      vertex 2.70188 52.0733 4
      vertex 4.51633 52.4342 4
      vertex 4.50409 52.5167 4
    endloop
  endfacet
  facet normal 0 0 1
    outer loop
      vertex 2.663 52.3354 4
      vertex 4.50409 52.5167 4
      vertex 4.5 52.6 4
    endloop
  endfacet
  facet normal 0 0 1
    outer loop
      vertex 4.64325 53.0722 4
      vertex 3.10503 54.1 4
      vertex 4.60037 53.0007 4
    endloop
  endfacet
  facet normal 0 0 1
    outer loop
      vertex 5.02472 51.8147 4
      vertex 4.31675 50.1055 4
      vertex 4.56623 50.0163 4
    endloop
  endfacet
  facet normal -0 0 1
    outer loop
      vertex 2.96881 53.8728 4
      vertex 4.60037 53.0007 4
      vertex 3.10503 54.1 4
    endloop
  endfacet
  facet normal 0 0 1
    outer loop
      vertex 4.94931 51.8504 4
      vertex 4.07723 50.2188 4
      vertex 4.31675 50.1055 4
    endloop
  endfacet
  facet normal 0 0 1
    outer loop
      vertex 4.60037 53.0007 4
      vertex 2.96881 53.8728 4
      vertex 4.5647 52.9253 4
    endloop
  endfacet
  facet normal 0 0 1
    outer loop
      vertex 4.87776 51.8932 4
      vertex 3.84996 50.355 4
      vertex 4.07723 50.2188 4
    endloop
  endfacet
  facet normal -0 0 1
    outer loop
      vertex 2.85553 53.6332 4
      vertex 4.5647 52.9253 4
      vertex 2.96881 53.8728 4
    endloop
  endfacet
  facet normal 0 0 1
    outer loop
      vertex 4.81077 51.9429 4
      vertex 3.63714 50.5129 4
      vertex 3.84996 50.355 4
    endloop
  endfacet
  facet normal 0 0 1
    outer loop
      vertex 4.5647 52.9253 4
      vertex 2.85553 53.6332 4
      vertex 4.5366 52.8467 4
    endloop
  endfacet
  facet normal 0 0 1
    outer loop
      vertex 4.74896 51.999 4
      vertex 3.44081 50.6908 4
      vertex 3.63714 50.5129 4
    endloop
  endfacet
  facet normal -0 0 1
    outer loop
      vertex 2.76626 53.3838 4
      vertex 4.5366 52.8467 4
      vertex 2.85553 53.6332 4
    endloop
  endfacet
  facet normal 0 0 1
    outer loop
      vertex 4.69294 52.0608 4
      vertex 3.26287 50.8871 4
      vertex 3.44081 50.6908 4
    endloop
  endfacet
  facet normal 0 0 1
    outer loop
      vertex 4.5366 52.8467 4
      vertex 2.76626 53.3838 4
      vertex 4.51633 52.7658 4
    endloop
  endfacet
  facet normal 0 0 1
    outer loop
      vertex 4.64325 52.1278 4
      vertex 3.10503 51.1 4
      vertex 3.26287 50.8871 4
    endloop
  endfacet
  facet normal -0 0 1
    outer loop
      vertex 2.70188 53.1267 4
      vertex 4.51633 52.7658 4
      vertex 2.76626 53.3838 4
    endloop
  endfacet
  facet normal 0 0 1
    outer loop
      vertex 4.60037 52.1993 4
      vertex 2.96881 51.3272 4
      vertex 3.10503 51.1 4
    endloop
  endfacet
  facet normal 0 0 1
    outer loop
      vertex 4.51633 52.7658 4
      vertex 2.70188 53.1267 4
      vertex 4.50409 52.6833 4
    endloop
  endfacet
  facet normal 0 0 1
    outer loop
      vertex 4.5647 52.2747 4
      vertex 2.85553 51.5668 4
      vertex 2.96881 51.3272 4
    endloop
  endfacet
  facet normal -0 0 1
    outer loop
      vertex 2.663 52.8646 4
      vertex 4.50409 52.6833 4
      vertex 2.70188 53.1267 4
    endloop
  endfacet
  facet normal 0 0 1
    outer loop
      vertex 4.5366 52.3533 4
      vertex 2.76626 51.8162 4
      vertex 2.85553 51.5668 4
    endloop
  endfacet
  facet normal 0 0 1
    outer loop
      vertex 4.50409 52.6833 4
      vertex 2.663 52.8646 4
      vertex 4.5 52.6 4
    endloop
  endfacet
  facet normal 0 0 1
    outer loop
      vertex 4.51633 52.4342 4
      vertex 2.70188 52.0733 4
      vertex 2.76626 51.8162 4
    endloop
  endfacet
  facet normal 0 0 1
    outer loop
      vertex 2.65 52.6 4
      vertex 4.5 52.6 4
      vertex 2.663 52.8646 4
    endloop
  endfacet
  facet normal 0 0 1
    outer loop
      vertex 4.50409 52.5167 4
      vertex 2.663 52.3354 4
      vertex 2.70188 52.0733 4
    endloop
  endfacet
  facet normal 0 0 1
    outer loop
      vertex 4.5 52.6 4
      vertex 2.65 52.6 4
      vertex 2.663 52.3354 4
    endloop
  endfacet
  facet normal -0.514046 0.857763 0
    outer loop
      vertex 4.07723 54.9812 2
      vertex 3.84996 54.845 4
      vertex 4.07723 54.9812 4
    endloop
  endfacet
  facet normal -0.514046 0.857763 0
    outer loop
      vertex 3.84996 54.845 4
      vertex 4.07723 54.9812 2
      vertex 3.84996 54.845 2
    endloop
  endfacet
  facet normal -0.59585 0.803096 0
    outer loop
      vertex 3.84996 54.845 2
      vertex 3.63714 54.6871 4
      vertex 3.84996 54.845 4
    endloop
  endfacet
  facet normal -0.59585 0.803096 0
    outer loop
      vertex 3.63714 54.6871 4
      vertex 3.84996 54.845 2
      vertex 3.63714 54.6871 2
    endloop
  endfacet
  facet normal -0.336671 0.941622 0
    outer loop
      vertex 4.56623 55.1837 2
      vertex 4.31675 55.0945 4
      vertex 4.56623 55.1837 4
    endloop
  endfacet
  facet normal -0.336671 0.941622 0
    outer loop
      vertex 4.31675 55.0945 4
      vertex 4.56623 55.1837 2
      vertex 4.31675 55.0945 2
    endloop
  endfacet
  facet normal -0.146814 0.989164 0
    outer loop
      vertex 5.08535 55.287 2
      vertex 4.82326 55.2481 4
      vertex 5.08535 55.287 4
    endloop
  endfacet
  facet normal -0.146814 0.989164 0
    outer loop
      vertex 4.82326 55.2481 4
      vertex 5.08535 55.287 2
      vertex 4.82326 55.2481 2
    endloop
  endfacet
  facet normal 0.998795 -0.0490716 0
    outer loop
      vertex 8.037 52.3354 4
      vertex 8.05 52.6 2
      vertex 8.05 52.6 4
    endloop
  endfacet
  facet normal 0.998795 -0.0490716 0
    outer loop
      vertex 8.05 52.6 2
      vertex 8.037 52.3354 4
      vertex 8.037 52.3354 2
    endloop
  endfacet
  facet normal 0.0490623 -0.998796 0
    outer loop
      vertex 5.35 49.9 2
      vertex 5.61465 49.913 4
      vertex 5.35 49.9 4
    endloop
  endfacet
  facet normal 0.0490623 -0.998796 0
    outer loop
      vertex 5.61465 49.913 4
      vertex 5.35 49.9 2
      vertex 5.61465 49.913 2
    endloop
  endfacet
  facet normal 0.336683 -0.941618 0
    outer loop
      vertex 6.13377 50.0163 2
      vertex 6.38324 50.1055 4
      vertex 6.13377 50.0163 4
    endloop
  endfacet
  facet normal 0.336683 -0.941618 0
    outer loop
      vertex 6.38324 50.1055 4
      vertex 6.13377 50.0163 2
      vertex 6.38324 50.1055 2
    endloop
  endfacet
  facet normal 0.67147 -0.741032 0
    outer loop
      vertex 7.06286 50.5129 2
      vertex 7.25919 50.6908 4
      vertex 7.06286 50.5129 4
    endloop
  endfacet
  facet normal 0.67147 -0.741032 0
    outer loop
      vertex 7.25919 50.6908 4
      vertex 7.06286 50.5129 2
      vertex 7.25919 50.6908 2
    endloop
  endfacet
  facet normal 0.514046 -0.857763 0
    outer loop
      vertex 6.62277 50.2188 2
      vertex 6.85004 50.355 4
      vertex 6.62277 50.2188 4
    endloop
  endfacet
  facet normal 0.514046 -0.857763 0
    outer loop
      vertex 6.85004 50.355 4
      vertex 6.62277 50.2188 2
      vertex 6.85004 50.355 2
    endloop
  endfacet
  facet normal 0.803311 -0.59556 0
    outer loop
      vertex 7.43713 50.8871 4
      vertex 7.59497 51.1 2
      vertex 7.59497 51.1 4
    endloop
  endfacet
  facet normal 0.803311 -0.59556 0
    outer loop
      vertex 7.59497 51.1 2
      vertex 7.43713 50.8871 4
      vertex 7.43713 50.8871 2
    endloop
  endfacet
  facet normal 0.904051 -0.427424 0
    outer loop
      vertex 7.73119 51.3272 4
      vertex 7.84447 51.5668 2
      vertex 7.84447 51.5668 4
    endloop
  endfacet
  facet normal 0.904051 -0.427424 0
    outer loop
      vertex 7.84447 51.5668 2
      vertex 7.73119 51.3272 4
      vertex 7.73119 51.3272 2
    endloop
  endfacet
  facet normal -0.67147 -0.741032 0
    outer loop
      vertex 3.44081 50.6908 2
      vertex 3.63714 50.5129 4
      vertex 3.44081 50.6908 4
    endloop
  endfacet
  facet normal -0.67147 -0.741032 -0
    outer loop
      vertex 3.63714 50.5129 4
      vertex 3.44081 50.6908 2
      vertex 3.63714 50.5129 2
    endloop
  endfacet
  facet normal -0.514046 -0.857763 0
    outer loop
      vertex 3.84996 50.355 2
      vertex 4.07723 50.2188 4
      vertex 3.84996 50.355 4
    endloop
  endfacet
  facet normal -0.514046 -0.857763 -0
    outer loop
      vertex 4.07723 50.2188 4
      vertex 3.84996 50.355 2
      vertex 4.07723 50.2188 2
    endloop
  endfacet
  facet normal -0.336671 -0.941622 0
    outer loop
      vertex 4.31675 50.1055 2
      vertex 4.56623 50.0163 4
      vertex 4.31675 50.1055 4
    endloop
  endfacet
  facet normal -0.336671 -0.941622 -0
    outer loop
      vertex 4.56623 50.0163 4
      vertex 4.31675 50.1055 2
      vertex 4.56623 50.0163 2
    endloop
  endfacet
  facet normal -0.146814 -0.989164 0
    outer loop
      vertex 4.82326 49.9519 2
      vertex 5.08535 49.913 4
      vertex 4.82326 49.9519 4
    endloop
  endfacet
  facet normal -0.146814 -0.989164 -0
    outer loop
      vertex 5.08535 49.913 4
      vertex 4.82326 49.9519 2
      vertex 5.08535 49.913 2
    endloop
  endfacet
  facet normal -0.904051 -0.427424 0
    outer loop
      vertex 2.96881 51.3272 2
      vertex 2.85553 51.5668 4
      vertex 2.85553 51.5668 2
    endloop
  endfacet
  facet normal -0.904051 -0.427424 0
    outer loop
      vertex 2.85553 51.5668 4
      vertex 2.96881 51.3272 2
      vertex 2.96881 51.3272 4
    endloop
  endfacet
  facet normal -0.803311 -0.59556 0
    outer loop
      vertex 3.26287 50.8871 2
      vertex 3.10503 51.1 4
      vertex 3.10503 51.1 2
    endloop
  endfacet
  facet normal -0.803311 -0.59556 0
    outer loop
      vertex 3.10503 51.1 4
      vertex 3.26287 50.8871 2
      vertex 3.26287 50.8871 4
    endloop
  endfacet
  facet normal -0.970049 -0.242908 0
    outer loop
      vertex 2.76626 51.8162 2
      vertex 2.70188 52.0733 4
      vertex 2.70188 52.0733 2
    endloop
  endfacet
  facet normal -0.970049 -0.242908 0
    outer loop
      vertex 2.70188 52.0733 4
      vertex 2.76626 51.8162 2
      vertex 2.76626 51.8162 4
    endloop
  endfacet
  facet normal -0.998795 -0.0490716 0
    outer loop
      vertex 2.663 52.3354 2
      vertex 2.65 52.6 4
      vertex 2.65 52.6 2
    endloop
  endfacet
  facet normal -0.998795 -0.0490716 0
    outer loop
      vertex 2.65 52.6 4
      vertex 2.663 52.3354 2
      vertex 2.663 52.3354 4
    endloop
  endfacet
  facet normal 0.146814 -0.989164 0
    outer loop
      vertex 5.61465 49.913 2
      vertex 5.87674 49.9519 4
      vertex 5.61465 49.913 4
    endloop
  endfacet
  facet normal 0.146814 -0.989164 0
    outer loop
      vertex 5.87674 49.9519 4
      vertex 5.61465 49.913 2
      vertex 5.87674 49.9519 2
    endloop
  endfacet
  facet normal 0.427588 -0.903974 0
    outer loop
      vertex 6.38324 50.1055 2
      vertex 6.62277 50.2188 4
      vertex 6.38324 50.1055 4
    endloop
  endfacet
  facet normal 0.427588 -0.903974 0
    outer loop
      vertex 6.62277 50.2188 4
      vertex 6.38324 50.1055 2
      vertex 6.62277 50.2188 2
    endloop
  endfacet
  facet normal 0.740906 -0.671609 0
    outer loop
      vertex 7.25919 50.6908 4
      vertex 7.43713 50.8871 2
      vertex 7.43713 50.8871 4
    endloop
  endfacet
  facet normal 0.740906 -0.671609 0
    outer loop
      vertex 7.43713 50.8871 2
      vertex 7.25919 50.6908 4
      vertex 7.25919 50.6908 2
    endloop
  endfacet
  facet normal 0.59585 -0.803096 0
    outer loop
      vertex 6.85004 50.355 2
      vertex 7.06286 50.5129 4
      vertex 6.85004 50.355 4
    endloop
  endfacet
  facet normal 0.59585 -0.803096 0
    outer loop
      vertex 7.06286 50.5129 4
      vertex 6.85004 50.355 2
      vertex 7.06286 50.5129 2
    endloop
  endfacet
  facet normal 0.857659 -0.514218 0
    outer loop
      vertex 7.59497 51.1 4
      vertex 7.73119 51.3272 2
      vertex 7.73119 51.3272 4
    endloop
  endfacet
  facet normal 0.857659 -0.514218 0
    outer loop
      vertex 7.73119 51.3272 2
      vertex 7.59497 51.1 4
      vertex 7.59497 51.1 2
    endloop
  endfacet
  facet normal 0.941504 -0.337001 0
    outer loop
      vertex 7.84447 51.5668 4
      vertex 7.93374 51.8162 2
      vertex 7.93374 51.8162 4
    endloop
  endfacet
  facet normal 0.941504 -0.337001 0
    outer loop
      vertex 7.93374 51.8162 2
      vertex 7.84447 51.5668 4
      vertex 7.84447 51.5668 2
    endloop
  endfacet
  facet normal 0.989176 -0.146735 0
    outer loop
      vertex 7.99812 52.0733 4
      vertex 8.037 52.3354 2
      vertex 8.037 52.3354 4
    endloop
  endfacet
  facet normal 0.989176 -0.146735 0
    outer loop
      vertex 8.037 52.3354 2
      vertex 7.99812 52.0733 4
      vertex 7.99812 52.0733 2
    endloop
  endfacet
  facet normal 0.970049 -0.242908 0
    outer loop
      vertex 7.93374 51.8162 4
      vertex 7.99812 52.0733 2
      vertex 7.99812 52.0733 4
    endloop
  endfacet
  facet normal 0.970049 -0.242908 0
    outer loop
      vertex 7.99812 52.0733 2
      vertex 7.93374 51.8162 4
      vertex 7.93374 51.8162 2
    endloop
  endfacet
  facet normal -0.59585 -0.803096 0
    outer loop
      vertex 3.63714 50.5129 2
      vertex 3.84996 50.355 4
      vertex 3.63714 50.5129 4
    endloop
  endfacet
  facet normal -0.59585 -0.803096 -0
    outer loop
      vertex 3.84996 50.355 4
      vertex 3.63714 50.5129 2
      vertex 3.84996 50.355 2
    endloop
  endfacet
  facet normal -0.427603 -0.903967 0
    outer loop
      vertex 4.07723 50.2188 2
      vertex 4.31675 50.1055 4
      vertex 4.07723 50.2188 4
    endloop
  endfacet
  facet normal -0.427603 -0.903967 -0
    outer loop
      vertex 4.31675 50.1055 4
      vertex 4.07723 50.2188 2
      vertex 4.31675 50.1055 2
    endloop
  endfacet
  facet normal -0.243042 -0.970016 0
    outer loop
      vertex 4.56623 50.0163 2
      vertex 4.82326 49.9519 4
      vertex 4.56623 50.0163 4
    endloop
  endfacet
  facet normal -0.243042 -0.970016 -0
    outer loop
      vertex 4.82326 49.9519 4
      vertex 4.56623 50.0163 2
      vertex 4.82326 49.9519 2
    endloop
  endfacet
  facet normal -0.0490623 -0.998796 0
    outer loop
      vertex 5.08535 49.913 2
      vertex 5.35 49.9 4
      vertex 5.08535 49.913 4
    endloop
  endfacet
  facet normal -0.0490623 -0.998796 -0
    outer loop
      vertex 5.35 49.9 4
      vertex 5.08535 49.913 2
      vertex 5.35 49.9 2
    endloop
  endfacet
  facet normal -0.857659 -0.514218 0
    outer loop
      vertex 3.10503 51.1 2
      vertex 2.96881 51.3272 4
      vertex 2.96881 51.3272 2
    endloop
  endfacet
  facet normal -0.857659 -0.514218 0
    outer loop
      vertex 2.96881 51.3272 4
      vertex 3.10503 51.1 2
      vertex 3.10503 51.1 4
    endloop
  endfacet
  facet normal -0.740906 -0.671609 0
    outer loop
      vertex 3.44081 50.6908 2
      vertex 3.26287 50.8871 4
      vertex 3.26287 50.8871 2
    endloop
  endfacet
  facet normal -0.740906 -0.671609 0
    outer loop
      vertex 3.26287 50.8871 4
      vertex 3.44081 50.6908 2
      vertex 3.44081 50.6908 4
    endloop
  endfacet
  facet normal -0.941504 -0.337001 0
    outer loop
      vertex 2.85553 51.5668 2
      vertex 2.76626 51.8162 4
      vertex 2.76626 51.8162 2
    endloop
  endfacet
  facet normal -0.941504 -0.337001 0
    outer loop
      vertex 2.76626 51.8162 4
      vertex 2.85553 51.5668 2
      vertex 2.85553 51.5668 4
    endloop
  endfacet
  facet normal -0.989176 -0.146735 0
    outer loop
      vertex 2.70188 52.0733 2
      vertex 2.663 52.3354 4
      vertex 2.663 52.3354 2
    endloop
  endfacet
  facet normal -0.989176 -0.146735 0
    outer loop
      vertex 2.663 52.3354 4
      vertex 2.70188 52.0733 2
      vertex 2.70188 52.0733 4
    endloop
  endfacet
  facet normal 0.243042 -0.970016 0
    outer loop
      vertex 5.87674 49.9519 2
      vertex 6.13377 50.0163 4
      vertex 5.87674 49.9519 4
    endloop
  endfacet
  facet normal 0.243042 -0.970016 0
    outer loop
      vertex 6.13377 50.0163 4
      vertex 5.87674 49.9519 2
      vertex 6.13377 50.0163 2
    endloop
  endfacet
  facet normal 0.998795 0.0490716 0
    outer loop
      vertex 38.05 52.6 4
      vertex 38.037 52.8646 2
      vertex 38.037 52.8646 4
    endloop
  endfacet
  facet normal 0.998795 0.0490716 0
    outer loop
      vertex 38.037 52.8646 2
      vertex 38.05 52.6 4
      vertex 38.05 52.6 2
    endloop
  endfacet
  facet normal -0.998795 0.0490716 0
    outer loop
      vertex 32.65 52.6 2
      vertex 32.663 52.8646 4
      vertex 32.663 52.8646 2
    endloop
  endfacet
  facet normal -0.998795 0.0490716 0
    outer loop
      vertex 32.663 52.8646 4
      vertex 32.65 52.6 2
      vertex 32.65 52.6 4
    endloop
  endfacet
  facet normal -0.0490716 0.998795 0
    outer loop
      vertex 35.35 55.3 2
      vertex 35.0854 55.287 4
      vertex 35.35 55.3 4
    endloop
  endfacet
  facet normal -0.0490716 0.998795 0
    outer loop
      vertex 35.0854 55.287 4
      vertex 35.35 55.3 2
      vertex 35.0854 55.287 2
    endloop
  endfacet
  facet normal 0.671526 0.740981 -0
    outer loop
      vertex 37.2592 54.5092 2
      vertex 37.0629 54.6871 4
      vertex 37.2592 54.5092 4
    endloop
  endfacet
  facet normal 0.671526 0.740981 0
    outer loop
      vertex 37.0629 54.6871 4
      vertex 37.2592 54.5092 2
      vertex 37.0629 54.6871 2
    endloop
  endfacet
  facet normal -0.671526 0.740981 0
    outer loop
      vertex 33.6371 54.6871 2
      vertex 33.4408 54.5092 4
      vertex 33.6371 54.6871 4
    endloop
  endfacet
  facet normal -0.671526 0.740981 0
    outer loop
      vertex 33.4408 54.5092 4
      vertex 33.6371 54.6871 2
      vertex 33.4408 54.5092 2
    endloop
  endfacet
  facet normal -0.427486 0.904022 0
    outer loop
      vertex 34.3168 55.0945 2
      vertex 34.0772 54.9812 4
      vertex 34.3168 55.0945 4
    endloop
  endfacet
  facet normal -0.427486 0.904022 0
    outer loop
      vertex 34.0772 54.9812 4
      vertex 34.3168 55.0945 2
      vertex 34.0772 54.9812 2
    endloop
  endfacet
  facet normal -0.970031 -0.242979 0
    outer loop
      vertex 32.7663 51.8162 2
      vertex 32.7019 52.0733 4
      vertex 32.7019 52.0733 2
    endloop
  endfacet
  facet normal -0.970031 -0.242979 0
    outer loop
      vertex 32.7019 52.0733 4
      vertex 32.7663 51.8162 2
      vertex 32.7663 51.8162 4
    endloop
  endfacet
  facet normal 0.904022 0.427486 0
    outer loop
      vertex 37.8445 53.6332 4
      vertex 37.7312 53.8728 2
      vertex 37.7312 53.8728 4
    endloop
  endfacet
  facet normal 0.904022 0.427486 0
    outer loop
      vertex 37.7312 53.8728 2
      vertex 37.8445 53.6332 4
      vertex 37.8445 53.6332 2
    endloop
  endfacet
  facet normal 0.336767 0.941588 -0
    outer loop
      vertex 36.3832 55.0945 2
      vertex 36.1338 55.1837 4
      vertex 36.3832 55.0945 4
    endloop
  endfacet
  facet normal 0.336767 0.941588 0
    outer loop
      vertex 36.1338 55.1837 4
      vertex 36.3832 55.0945 2
      vertex 36.1338 55.1837 2
    endloop
  endfacet
  facet normal -0.857693 0.514163 0
    outer loop
      vertex 32.9688 53.8728 2
      vertex 33.105 54.1 4
      vertex 33.105 54.1 2
    endloop
  endfacet
  facet normal -0.857693 0.514163 0
    outer loop
      vertex 33.105 54.1 4
      vertex 32.9688 53.8728 2
      vertex 32.9688 53.8728 4
    endloop
  endfacet
  facet normal -0.803203 0.595706 0
    outer loop
      vertex 33.105 54.1 2
      vertex 33.2629 54.3129 4
      vertex 33.2629 54.3129 2
    endloop
  endfacet
  facet normal -0.803203 0.595706 0
    outer loop
      vertex 33.2629 54.3129 4
      vertex 33.105 54.1 2
      vertex 33.105 54.1 4
    endloop
  endfacet
  facet normal -0.595706 0.803203 0
    outer loop
      vertex 33.85 54.845 2
      vertex 33.6371 54.6871 4
      vertex 33.85 54.845 4
    endloop
  endfacet
  facet normal -0.595706 0.803203 0
    outer loop
      vertex 33.6371 54.6871 4
      vertex 33.85 54.845 2
      vertex 33.6371 54.6871 2
    endloop
  endfacet
  facet normal -0.242979 0.970031 0
    outer loop
      vertex 34.8233 55.2481 2
      vertex 34.5662 55.1837 4
      vertex 34.8233 55.2481 4
    endloop
  endfacet
  facet normal -0.242979 0.970031 0
    outer loop
      vertex 34.5662 55.1837 4
      vertex 34.8233 55.2481 2
      vertex 34.5662 55.1837 2
    endloop
  endfacet
  facet normal 0.904022 -0.427486 0
    outer loop
      vertex 37.7312 51.3272 4
      vertex 37.8445 51.5668 2
      vertex 37.8445 51.5668 4
    endloop
  endfacet
  facet normal 0.904022 -0.427486 0
    outer loop
      vertex 37.8445 51.5668 2
      vertex 37.7312 51.3272 4
      vertex 37.7312 51.3272 2
    endloop
  endfacet
  facet normal 0.336767 -0.941588 0
    outer loop
      vertex 36.1338 50.0163 2
      vertex 36.3832 50.1055 4
      vertex 36.1338 50.0163 4
    endloop
  endfacet
  facet normal 0.336767 -0.941588 0
    outer loop
      vertex 36.3832 50.1055 4
      vertex 36.1338 50.0163 2
      vertex 36.3832 50.1055 2
    endloop
  endfacet
  facet normal 0.740981 -0.671526 0
    outer loop
      vertex 37.2592 50.6908 4
      vertex 37.4371 50.8871 2
      vertex 37.4371 50.8871 4
    endloop
  endfacet
  facet normal 0.740981 -0.671526 0
    outer loop
      vertex 37.4371 50.8871 2
      vertex 37.2592 50.6908 4
      vertex 37.2592 50.6908 2
    endloop
  endfacet
  facet normal 0.970031 -0.242979 0
    outer loop
      vertex 37.9337 51.8162 4
      vertex 37.9981 52.0733 2
      vertex 37.9981 52.0733 4
    endloop
  endfacet
  facet normal 0.970031 -0.242979 0
    outer loop
      vertex 37.9981 52.0733 2
      vertex 37.9337 51.8162 4
      vertex 37.9337 51.8162 2
    endloop
  endfacet
  facet normal -0.336767 -0.941588 0
    outer loop
      vertex 34.3168 50.1055 2
      vertex 34.5662 50.0163 4
      vertex 34.3168 50.1055 4
    endloop
  endfacet
  facet normal -0.336767 -0.941588 -0
    outer loop
      vertex 34.5662 50.0163 4
      vertex 34.3168 50.1055 2
      vertex 34.5662 50.0163 2
    endloop
  endfacet
  facet normal -0.803203 -0.595706 0
    outer loop
      vertex 33.2629 50.8871 2
      vertex 33.105 51.1 4
      vertex 33.105 51.1 2
    endloop
  endfacet
  facet normal -0.803203 -0.595706 0
    outer loop
      vertex 33.105 51.1 4
      vertex 33.2629 50.8871 2
      vertex 33.2629 50.8871 4
    endloop
  endfacet
  facet normal 0.970031 0.242979 0
    outer loop
      vertex 37.9981 53.1267 4
      vertex 37.9337 53.3838 2
      vertex 37.9337 53.3838 4
    endloop
  endfacet
  facet normal 0.970031 0.242979 0
    outer loop
      vertex 37.9337 53.3838 2
      vertex 37.9981 53.1267 4
      vertex 37.9981 53.1267 2
    endloop
  endfacet
  facet normal 0.989165 0.146809 0
    outer loop
      vertex 38.037 52.8646 4
      vertex 37.9981 53.1267 2
      vertex 37.9981 53.1267 4
    endloop
  endfacet
  facet normal 0.989165 0.146809 0
    outer loop
      vertex 37.9981 53.1267 2
      vertex 38.037 52.8646 4
      vertex 38.037 52.8646 2
    endloop
  endfacet
  facet normal 0.941588 0.336767 0
    outer loop
      vertex 37.9337 53.3838 4
      vertex 37.8445 53.6332 2
      vertex 37.8445 53.6332 4
    endloop
  endfacet
  facet normal 0.941588 0.336767 0
    outer loop
      vertex 37.8445 53.6332 2
      vertex 37.9337 53.3838 4
      vertex 37.9337 53.3838 2
    endloop
  endfacet
  facet normal 0.803203 0.595706 0
    outer loop
      vertex 37.595 54.1 4
      vertex 37.4371 54.3129 2
      vertex 37.4371 54.3129 4
    endloop
  endfacet
  facet normal 0.803203 0.595706 0
    outer loop
      vertex 37.4371 54.3129 2
      vertex 37.595 54.1 4
      vertex 37.595 54.1 2
    endloop
  endfacet
  facet normal 0.740981 0.671526 0
    outer loop
      vertex 37.4371 54.3129 4
      vertex 37.2592 54.5092 2
      vertex 37.2592 54.5092 4
    endloop
  endfacet
  facet normal 0.740981 0.671526 0
    outer loop
      vertex 37.2592 54.5092 2
      vertex 37.4371 54.3129 4
      vertex 37.4371 54.3129 2
    endloop
  endfacet
  facet normal 0.857693 0.514163 0
    outer loop
      vertex 37.7312 53.8728 4
      vertex 37.595 54.1 2
      vertex 37.595 54.1 4
    endloop
  endfacet
  facet normal 0.857693 0.514163 0
    outer loop
      vertex 37.595 54.1 2
      vertex 37.7312 53.8728 4
      vertex 37.7312 53.8728 2
    endloop
  endfacet
  facet normal 0.146809 0.989165 -0
    outer loop
      vertex 35.8767 55.2481 2
      vertex 35.6146 55.287 4
      vertex 35.8767 55.2481 4
    endloop
  endfacet
  facet normal 0.146809 0.989165 0
    outer loop
      vertex 35.6146 55.287 4
      vertex 35.8767 55.2481 2
      vertex 35.6146 55.287 2
    endloop
  endfacet
  facet normal 0.242979 0.970031 -0
    outer loop
      vertex 36.1338 55.1837 2
      vertex 35.8767 55.2481 4
      vertex 36.1338 55.1837 4
    endloop
  endfacet
  facet normal 0.242979 0.970031 0
    outer loop
      vertex 35.8767 55.2481 4
      vertex 36.1338 55.1837 2
      vertex 35.8767 55.2481 2
    endloop
  endfacet
  facet normal 0.0490716 0.998795 -0
    outer loop
      vertex 35.6146 55.287 2
      vertex 35.35 55.3 4
      vertex 35.6146 55.287 4
    endloop
  endfacet
  facet normal 0.0490716 0.998795 0
    outer loop
      vertex 35.35 55.3 4
      vertex 35.6146 55.287 2
      vertex 35.35 55.3 2
    endloop
  endfacet
  facet normal 0.514163 0.857693 -0
    outer loop
      vertex 36.85 54.845 2
      vertex 36.6228 54.9812 4
      vertex 36.85 54.845 4
    endloop
  endfacet
  facet normal 0.514163 0.857693 0
    outer loop
      vertex 36.6228 54.9812 4
      vertex 36.85 54.845 2
      vertex 36.6228 54.9812 2
    endloop
  endfacet
  facet normal 0.427486 0.904022 -0
    outer loop
      vertex 36.6228 54.9812 2
      vertex 36.3832 55.0945 4
      vertex 36.6228 54.9812 4
    endloop
  endfacet
  facet normal 0.427486 0.904022 0
    outer loop
      vertex 36.3832 55.0945 4
      vertex 36.6228 54.9812 2
      vertex 36.3832 55.0945 2
    endloop
  endfacet
  facet normal 0.595706 0.803203 -0
    outer loop
      vertex 37.0629 54.6871 2
      vertex 36.85 54.845 4
      vertex 37.0629 54.6871 4
    endloop
  endfacet
  facet normal 0.595706 0.803203 0
    outer loop
      vertex 36.85 54.845 4
      vertex 37.0629 54.6871 2
      vertex 36.85 54.845 2
    endloop
  endfacet
  facet normal -0.970031 0.242979 0
    outer loop
      vertex 32.7019 53.1267 2
      vertex 32.7663 53.3838 4
      vertex 32.7663 53.3838 2
    endloop
  endfacet
  facet normal -0.970031 0.242979 0
    outer loop
      vertex 32.7663 53.3838 4
      vertex 32.7019 53.1267 2
      vertex 32.7019 53.1267 4
    endloop
  endfacet
  facet normal -0.740981 0.671526 0
    outer loop
      vertex 33.2629 54.3129 2
      vertex 33.4408 54.5092 4
      vertex 33.4408 54.5092 2
    endloop
  endfacet
  facet normal -0.740981 0.671526 0
    outer loop
      vertex 33.4408 54.5092 4
      vertex 33.2629 54.3129 2
      vertex 33.2629 54.3129 4
    endloop
  endfacet
  facet normal -0.904022 0.427486 0
    outer loop
      vertex 32.8555 53.6332 2
      vertex 32.9688 53.8728 4
      vertex 32.9688 53.8728 2
    endloop
  endfacet
  facet normal -0.904022 0.427486 0
    outer loop
      vertex 32.9688 53.8728 4
      vertex 32.8555 53.6332 2
      vertex 32.8555 53.6332 4
    endloop
  endfacet
  facet normal -0.941588 0.336767 0
    outer loop
      vertex 32.7663 53.3838 2
      vertex 32.8555 53.6332 4
      vertex 32.8555 53.6332 2
    endloop
  endfacet
  facet normal -0.941588 0.336767 0
    outer loop
      vertex 32.8555 53.6332 4
      vertex 32.7663 53.3838 2
      vertex 32.7663 53.3838 4
    endloop
  endfacet
  facet normal -0.989165 0.146809 0
    outer loop
      vertex 32.663 52.8646 2
      vertex 32.7019 53.1267 4
      vertex 32.7019 53.1267 2
    endloop
  endfacet
  facet normal -0.989165 0.146809 0
    outer loop
      vertex 32.7019 53.1267 4
      vertex 32.663 52.8646 2
      vertex 32.663 52.8646 4
    endloop
  endfacet
  facet normal 0 0 1
    outer loop
      vertex 36.2 52.6 4
      vertex 38.05 52.6 4
      vertex 38.037 52.8646 4
    endloop
  endfacet
  facet normal 0 0 1
    outer loop
      vertex 36.1959 52.6833 4
      vertex 38.037 52.8646 4
      vertex 37.9981 53.1267 4
    endloop
  endfacet
  facet normal 0 0 1
    outer loop
      vertex 38.05 52.6 4
      vertex 36.2 52.6 4
      vertex 38.037 52.3354 4
    endloop
  endfacet
  facet normal 0 0 1
    outer loop
      vertex 36.1837 52.7658 4
      vertex 37.9981 53.1267 4
      vertex 37.9337 53.3838 4
    endloop
  endfacet
  facet normal -0 0 1
    outer loop
      vertex 36.1959 52.5167 4
      vertex 38.037 52.3354 4
      vertex 36.2 52.6 4
    endloop
  endfacet
  facet normal 0 0 1
    outer loop
      vertex 36.1634 52.8467 4
      vertex 37.9337 53.3838 4
      vertex 37.8445 53.6332 4
    endloop
  endfacet
  facet normal 0 0 1
    outer loop
      vertex 38.037 52.3354 4
      vertex 36.1959 52.5167 4
      vertex 37.9981 52.0733 4
    endloop
  endfacet
  facet normal 0 0 1
    outer loop
      vertex 36.1353 52.9253 4
      vertex 37.8445 53.6332 4
      vertex 37.7312 53.8728 4
    endloop
  endfacet
  facet normal -0 0 1
    outer loop
      vertex 36.1837 52.4342 4
      vertex 37.9981 52.0733 4
      vertex 36.1959 52.5167 4
    endloop
  endfacet
  facet normal 0 0 1
    outer loop
      vertex 36.0996 53.0007 4
      vertex 37.7312 53.8728 4
      vertex 37.595 54.1 4
    endloop
  endfacet
  facet normal 0 0 1
    outer loop
      vertex 37.9981 52.0733 4
      vertex 36.1837 52.4342 4
      vertex 37.9337 51.8162 4
    endloop
  endfacet
  facet normal 0 0 1
    outer loop
      vertex 36.0567 53.0722 4
      vertex 37.595 54.1 4
      vertex 37.4371 54.3129 4
    endloop
  endfacet
  facet normal -0 0 1
    outer loop
      vertex 36.1634 52.3533 4
      vertex 37.9337 51.8162 4
      vertex 36.1837 52.4342 4
    endloop
  endfacet
  facet normal 0 0 1
    outer loop
      vertex 36.0071 53.1392 4
      vertex 37.4371 54.3129 4
      vertex 37.2592 54.5092 4
    endloop
  endfacet
  facet normal 0 0 1
    outer loop
      vertex 37.9337 51.8162 4
      vertex 36.1634 52.3533 4
      vertex 37.8445 51.5668 4
    endloop
  endfacet
  facet normal 0 0 1
    outer loop
      vertex 35.951 53.201 4
      vertex 37.2592 54.5092 4
      vertex 37.0629 54.6871 4
    endloop
  endfacet
  facet normal -0 0 1
    outer loop
      vertex 36.1353 52.2747 4
      vertex 37.8445 51.5668 4
      vertex 36.1634 52.3533 4
    endloop
  endfacet
  facet normal 0 0 1
    outer loop
      vertex 35.8892 53.2571 4
      vertex 37.0629 54.6871 4
      vertex 36.85 54.845 4
    endloop
  endfacet
  facet normal 0 0 1
    outer loop
      vertex 37.8445 51.5668 4
      vertex 36.1353 52.2747 4
      vertex 37.7312 51.3272 4
    endloop
  endfacet
  facet normal 0 0 1
    outer loop
      vertex 35.8222 53.3067 4
      vertex 36.85 54.845 4
      vertex 36.6228 54.9812 4
    endloop
  endfacet
  facet normal -0 0 1
    outer loop
      vertex 36.0996 52.1993 4
      vertex 37.7312 51.3272 4
      vertex 36.1353 52.2747 4
    endloop
  endfacet
  facet normal 0 0 1
    outer loop
      vertex 35.7507 53.3496 4
      vertex 36.6228 54.9812 4
      vertex 36.3832 55.0945 4
    endloop
  endfacet
  facet normal 0 0 1
    outer loop
      vertex 37.7312 51.3272 4
      vertex 36.0996 52.1993 4
      vertex 37.595 51.1 4
    endloop
  endfacet
  facet normal -0 0 1
    outer loop
      vertex 36.0567 52.1278 4
      vertex 37.595 51.1 4
      vertex 36.0996 52.1993 4
    endloop
  endfacet
  facet normal 0 0 1
    outer loop
      vertex 38.037 52.8646 4
      vertex 36.1959 52.6833 4
      vertex 36.2 52.6 4
    endloop
  endfacet
  facet normal 0 0 1
    outer loop
      vertex 37.9981 53.1267 4
      vertex 36.1837 52.7658 4
      vertex 36.1959 52.6833 4
    endloop
  endfacet
  facet normal 0 0 1
    outer loop
      vertex 37.9337 53.3838 4
      vertex 36.1634 52.8467 4
      vertex 36.1837 52.7658 4
    endloop
  endfacet
  facet normal 0 0 1
    outer loop
      vertex 37.8445 53.6332 4
      vertex 36.1353 52.9253 4
      vertex 36.1634 52.8467 4
    endloop
  endfacet
  facet normal 0 0 1
    outer loop
      vertex 35.6753 53.3853 4
      vertex 36.3832 55.0945 4
      vertex 36.1338 55.1837 4
    endloop
  endfacet
  facet normal 0 0 1
    outer loop
      vertex 37.7312 53.8728 4
      vertex 36.0996 53.0007 4
      vertex 36.1353 52.9253 4
    endloop
  endfacet
  facet normal 0 0 1
    outer loop
      vertex 37.595 54.1 4
      vertex 36.0567 53.0722 4
      vertex 36.0996 53.0007 4
    endloop
  endfacet
  facet normal 0 0 1
    outer loop
      vertex 37.4371 54.3129 4
      vertex 36.0071 53.1392 4
      vertex 36.0567 53.0722 4
    endloop
  endfacet
  facet normal 0 0 1
    outer loop
      vertex 37.2592 54.5092 4
      vertex 35.951 53.201 4
      vertex 36.0071 53.1392 4
    endloop
  endfacet
  facet normal 0 0 1
    outer loop
      vertex 37.0629 54.6871 4
      vertex 35.8892 53.2571 4
      vertex 35.951 53.201 4
    endloop
  endfacet
  facet normal 0 0 1
    outer loop
      vertex 35.5967 53.4134 4
      vertex 36.1338 55.1837 4
      vertex 35.8767 55.2481 4
    endloop
  endfacet
  facet normal 0 0 1
    outer loop
      vertex 36.85 54.845 4
      vertex 35.8222 53.3067 4
      vertex 35.8892 53.2571 4
    endloop
  endfacet
  facet normal 0 0 1
    outer loop
      vertex 36.6228 54.9812 4
      vertex 35.7507 53.3496 4
      vertex 35.8222 53.3067 4
    endloop
  endfacet
  facet normal 0 0 1
    outer loop
      vertex 36.3832 55.0945 4
      vertex 35.6753 53.3853 4
      vertex 35.7507 53.3496 4
    endloop
  endfacet
  facet normal 0 0 1
    outer loop
      vertex 35.5158 53.4337 4
      vertex 35.8767 55.2481 4
      vertex 35.6146 55.287 4
    endloop
  endfacet
  facet normal 0 0 1
    outer loop
      vertex 36.1338 55.1837 4
      vertex 35.5967 53.4134 4
      vertex 35.6753 53.3853 4
    endloop
  endfacet
  facet normal 0 0 1
    outer loop
      vertex 35.8767 55.2481 4
      vertex 35.5158 53.4337 4
      vertex 35.5967 53.4134 4
    endloop
  endfacet
  facet normal 0 0 1
    outer loop
      vertex 35.6146 55.287 4
      vertex 35.4333 53.4459 4
      vertex 35.5158 53.4337 4
    endloop
  endfacet
  facet normal 0 0 1
    outer loop
      vertex 35.35 55.3 4
      vertex 35.4333 53.4459 4
      vertex 35.6146 55.287 4
    endloop
  endfacet
  facet normal 0 0 1
    outer loop
      vertex 35.35 55.3 4
      vertex 35.35 53.45 4
      vertex 35.4333 53.4459 4
    endloop
  endfacet
  facet normal 0 0 1
    outer loop
      vertex 35.35 55.3 4
      vertex 35.2667 53.4459 4
      vertex 35.35 53.45 4
    endloop
  endfacet
  facet normal -0 0 1
    outer loop
      vertex 35.0854 55.287 4
      vertex 35.2667 53.4459 4
      vertex 35.35 55.3 4
    endloop
  endfacet
  facet normal 0 0 1
    outer loop
      vertex 35.2667 53.4459 4
      vertex 35.0854 55.287 4
      vertex 35.1842 53.4337 4
    endloop
  endfacet
  facet normal -0 0 1
    outer loop
      vertex 34.8233 55.2481 4
      vertex 35.1842 53.4337 4
      vertex 35.0854 55.287 4
    endloop
  endfacet
  facet normal 0 0 1
    outer loop
      vertex 35.1842 53.4337 4
      vertex 34.8233 55.2481 4
      vertex 35.1033 53.4134 4
    endloop
  endfacet
  facet normal -0 0 1
    outer loop
      vertex 34.5662 55.1837 4
      vertex 35.1033 53.4134 4
      vertex 34.8233 55.2481 4
    endloop
  endfacet
  facet normal 0 0 1
    outer loop
      vertex 35.1033 53.4134 4
      vertex 34.5662 55.1837 4
      vertex 35.0247 53.3853 4
    endloop
  endfacet
  facet normal -0 0 1
    outer loop
      vertex 34.3168 55.0945 4
      vertex 35.0247 53.3853 4
      vertex 34.5662 55.1837 4
    endloop
  endfacet
  facet normal 0 0 1
    outer loop
      vertex 35.0247 53.3853 4
      vertex 34.3168 55.0945 4
      vertex 34.9493 53.3496 4
    endloop
  endfacet
  facet normal -0 0 1
    outer loop
      vertex 34.0772 54.9812 4
      vertex 34.9493 53.3496 4
      vertex 34.3168 55.0945 4
    endloop
  endfacet
  facet normal 0 0 1
    outer loop
      vertex 34.9493 53.3496 4
      vertex 34.0772 54.9812 4
      vertex 34.8778 53.3067 4
    endloop
  endfacet
  facet normal -0 0 1
    outer loop
      vertex 33.85 54.845 4
      vertex 34.8778 53.3067 4
      vertex 34.0772 54.9812 4
    endloop
  endfacet
  facet normal 0 0 1
    outer loop
      vertex 34.8778 53.3067 4
      vertex 33.85 54.845 4
      vertex 34.8108 53.2571 4
    endloop
  endfacet
  facet normal -0 0 1
    outer loop
      vertex 33.6371 54.6871 4
      vertex 34.8108 53.2571 4
      vertex 33.85 54.845 4
    endloop
  endfacet
  facet normal 0 0 1
    outer loop
      vertex 34.8108 53.2571 4
      vertex 33.6371 54.6871 4
      vertex 34.749 53.201 4
    endloop
  endfacet
  facet normal -0 0 1
    outer loop
      vertex 33.4408 54.5092 4
      vertex 34.749 53.201 4
      vertex 33.6371 54.6871 4
    endloop
  endfacet
  facet normal 0 0 1
    outer loop
      vertex 34.749 53.201 4
      vertex 33.4408 54.5092 4
      vertex 34.6929 53.1392 4
    endloop
  endfacet
  facet normal -0 0 1
    outer loop
      vertex 33.2629 54.3129 4
      vertex 34.6929 53.1392 4
      vertex 33.4408 54.5092 4
    endloop
  endfacet
  facet normal 0 0 1
    outer loop
      vertex 34.6929 53.1392 4
      vertex 33.2629 54.3129 4
      vertex 34.6432 53.0722 4
    endloop
  endfacet
  facet normal -0 0 1
    outer loop
      vertex 33.105 54.1 4
      vertex 34.6432 53.0722 4
      vertex 33.2629 54.3129 4
    endloop
  endfacet
  facet normal 0 0 1
    outer loop
      vertex 37.595 51.1 4
      vertex 36.0567 52.1278 4
      vertex 37.4371 50.8871 4
    endloop
  endfacet
  facet normal -0 0 1
    outer loop
      vertex 36.0071 52.0608 4
      vertex 37.4371 50.8871 4
      vertex 36.0567 52.1278 4
    endloop
  endfacet
  facet normal 0 0 1
    outer loop
      vertex 37.4371 50.8871 4
      vertex 36.0071 52.0608 4
      vertex 37.2592 50.6908 4
    endloop
  endfacet
  facet normal -0 0 1
    outer loop
      vertex 35.951 51.999 4
      vertex 37.2592 50.6908 4
      vertex 36.0071 52.0608 4
    endloop
  endfacet
  facet normal 0 0 1
    outer loop
      vertex 37.2592 50.6908 4
      vertex 35.951 51.999 4
      vertex 37.0629 50.5129 4
    endloop
  endfacet
  facet normal -0 0 1
    outer loop
      vertex 35.8892 51.9429 4
      vertex 37.0629 50.5129 4
      vertex 35.951 51.999 4
    endloop
  endfacet
  facet normal 0 0 1
    outer loop
      vertex 37.0629 50.5129 4
      vertex 35.8892 51.9429 4
      vertex 36.85 50.355 4
    endloop
  endfacet
  facet normal -0 0 1
    outer loop
      vertex 35.8222 51.8932 4
      vertex 36.85 50.355 4
      vertex 35.8892 51.9429 4
    endloop
  endfacet
  facet normal 0 0 1
    outer loop
      vertex 36.85 50.355 4
      vertex 35.8222 51.8932 4
      vertex 36.6228 50.2188 4
    endloop
  endfacet
  facet normal -0 0 1
    outer loop
      vertex 35.7507 51.8504 4
      vertex 36.6228 50.2188 4
      vertex 35.8222 51.8932 4
    endloop
  endfacet
  facet normal 0 0 1
    outer loop
      vertex 36.6228 50.2188 4
      vertex 35.7507 51.8504 4
      vertex 36.3832 50.1055 4
    endloop
  endfacet
  facet normal -0 0 1
    outer loop
      vertex 35.6753 51.8147 4
      vertex 36.3832 50.1055 4
      vertex 35.7507 51.8504 4
    endloop
  endfacet
  facet normal 0 0 1
    outer loop
      vertex 36.3832 50.1055 4
      vertex 35.6753 51.8147 4
      vertex 36.1338 50.0163 4
    endloop
  endfacet
  facet normal -0 0 1
    outer loop
      vertex 35.5967 51.7866 4
      vertex 36.1338 50.0163 4
      vertex 35.6753 51.8147 4
    endloop
  endfacet
  facet normal 0 0 1
    outer loop
      vertex 36.1338 50.0163 4
      vertex 35.5967 51.7866 4
      vertex 35.8767 49.9519 4
    endloop
  endfacet
  facet normal -0 0 1
    outer loop
      vertex 35.5158 51.7663 4
      vertex 35.8767 49.9519 4
      vertex 35.5967 51.7866 4
    endloop
  endfacet
  facet normal 0 0 1
    outer loop
      vertex 35.8767 49.9519 4
      vertex 35.5158 51.7663 4
      vertex 35.6146 49.913 4
    endloop
  endfacet
  facet normal -0 0 1
    outer loop
      vertex 35.4333 51.7541 4
      vertex 35.6146 49.913 4
      vertex 35.5158 51.7663 4
    endloop
  endfacet
  facet normal -0 0 1
    outer loop
      vertex 35.35 51.75 4
      vertex 35.6146 49.913 4
      vertex 35.4333 51.7541 4
    endloop
  endfacet
  facet normal 0 0 1
    outer loop
      vertex 35.35 51.75 4
      vertex 35.35 49.9 4
      vertex 35.6146 49.913 4
    endloop
  endfacet
  facet normal 0 0 1
    outer loop
      vertex 35.2667 51.7541 4
      vertex 35.35 49.9 4
      vertex 35.35 51.75 4
    endloop
  endfacet
  facet normal 0 0 1
    outer loop
      vertex 35.0854 49.913 4
      vertex 35.2667 51.7541 4
      vertex 35.1842 51.7663 4
    endloop
  endfacet
  facet normal 0 0 1
    outer loop
      vertex 34.8233 49.9519 4
      vertex 35.1842 51.7663 4
      vertex 35.1033 51.7866 4
    endloop
  endfacet
  facet normal 0 0 1
    outer loop
      vertex 35.2667 51.7541 4
      vertex 35.0854 49.913 4
      vertex 35.35 49.9 4
    endloop
  endfacet
  facet normal 0 0 1
    outer loop
      vertex 34.5662 50.0163 4
      vertex 35.1033 51.7866 4
      vertex 35.0247 51.8147 4
    endloop
  endfacet
  facet normal 0 0 1
    outer loop
      vertex 34.3168 50.1055 4
      vertex 35.0247 51.8147 4
      vertex 34.9493 51.8504 4
    endloop
  endfacet
  facet normal 0 0 1
    outer loop
      vertex 34.0772 50.2188 4
      vertex 34.9493 51.8504 4
      vertex 34.8778 51.8932 4
    endloop
  endfacet
  facet normal 0 0 1
    outer loop
      vertex 35.1842 51.7663 4
      vertex 34.8233 49.9519 4
      vertex 35.0854 49.913 4
    endloop
  endfacet
  facet normal 0 0 1
    outer loop
      vertex 33.85 50.355 4
      vertex 34.8778 51.8932 4
      vertex 34.8108 51.9429 4
    endloop
  endfacet
  facet normal 0 0 1
    outer loop
      vertex 33.6371 50.5129 4
      vertex 34.8108 51.9429 4
      vertex 34.749 51.999 4
    endloop
  endfacet
  facet normal 0 0 1
    outer loop
      vertex 33.4408 50.6908 4
      vertex 34.749 51.999 4
      vertex 34.6929 52.0608 4
    endloop
  endfacet
  facet normal 0 0 1
    outer loop
      vertex 33.2629 50.8871 4
      vertex 34.6929 52.0608 4
      vertex 34.6432 52.1278 4
    endloop
  endfacet
  facet normal 0 0 1
    outer loop
      vertex 33.105 51.1 4
      vertex 34.6432 52.1278 4
      vertex 34.6004 52.1993 4
    endloop
  endfacet
  facet normal 0 0 1
    outer loop
      vertex 35.1033 51.7866 4
      vertex 34.5662 50.0163 4
      vertex 34.8233 49.9519 4
    endloop
  endfacet
  facet normal 0 0 1
    outer loop
      vertex 32.9688 51.3272 4
      vertex 34.6004 52.1993 4
      vertex 34.5647 52.2747 4
    endloop
  endfacet
  facet normal 0 0 1
    outer loop
      vertex 32.8555 51.5668 4
      vertex 34.5647 52.2747 4
      vertex 34.5366 52.3533 4
    endloop
  endfacet
  facet normal 0 0 1
    outer loop
      vertex 32.7663 51.8162 4
      vertex 34.5366 52.3533 4
      vertex 34.5163 52.4342 4
    endloop
  endfacet
  facet normal 0 0 1
    outer loop
      vertex 32.7019 52.0733 4
      vertex 34.5163 52.4342 4
      vertex 34.5041 52.5167 4
    endloop
  endfacet
  facet normal 0 0 1
    outer loop
      vertex 32.663 52.3354 4
      vertex 34.5041 52.5167 4
      vertex 34.5 52.6 4
    endloop
  endfacet
  facet normal 0 0 1
    outer loop
      vertex 34.6432 53.0722 4
      vertex 33.105 54.1 4
      vertex 34.6004 53.0007 4
    endloop
  endfacet
  facet normal 0 0 1
    outer loop
      vertex 35.0247 51.8147 4
      vertex 34.3168 50.1055 4
      vertex 34.5662 50.0163 4
    endloop
  endfacet
  facet normal -0 0 1
    outer loop
      vertex 32.9688 53.8728 4
      vertex 34.6004 53.0007 4
      vertex 33.105 54.1 4
    endloop
  endfacet
  facet normal 0 0 1
    outer loop
      vertex 34.9493 51.8504 4
      vertex 34.0772 50.2188 4
      vertex 34.3168 50.1055 4
    endloop
  endfacet
  facet normal 0 0 1
    outer loop
      vertex 34.6004 53.0007 4
      vertex 32.9688 53.8728 4
      vertex 34.5647 52.9253 4
    endloop
  endfacet
  facet normal 0 0 1
    outer loop
      vertex 34.8778 51.8932 4
      vertex 33.85 50.355 4
      vertex 34.0772 50.2188 4
    endloop
  endfacet
  facet normal -0 0 1
    outer loop
      vertex 32.8555 53.6332 4
      vertex 34.5647 52.9253 4
      vertex 32.9688 53.8728 4
    endloop
  endfacet
  facet normal 0 0 1
    outer loop
      vertex 34.8108 51.9429 4
      vertex 33.6371 50.5129 4
      vertex 33.85 50.355 4
    endloop
  endfacet
  facet normal 0 0 1
    outer loop
      vertex 34.5647 52.9253 4
      vertex 32.8555 53.6332 4
      vertex 34.5366 52.8467 4
    endloop
  endfacet
  facet normal 0 0 1
    outer loop
      vertex 34.749 51.999 4
      vertex 33.4408 50.6908 4
      vertex 33.6371 50.5129 4
    endloop
  endfacet
  facet normal -0 0 1
    outer loop
      vertex 32.7663 53.3838 4
      vertex 34.5366 52.8467 4
      vertex 32.8555 53.6332 4
    endloop
  endfacet
  facet normal 0 0 1
    outer loop
      vertex 34.6929 52.0608 4
      vertex 33.2629 50.8871 4
      vertex 33.4408 50.6908 4
    endloop
  endfacet
  facet normal 0 0 1
    outer loop
      vertex 34.5366 52.8467 4
      vertex 32.7663 53.3838 4
      vertex 34.5163 52.7658 4
    endloop
  endfacet
  facet normal 0 0 1
    outer loop
      vertex 34.6432 52.1278 4
      vertex 33.105 51.1 4
      vertex 33.2629 50.8871 4
    endloop
  endfacet
  facet normal -0 0 1
    outer loop
      vertex 32.7019 53.1267 4
      vertex 34.5163 52.7658 4
      vertex 32.7663 53.3838 4
    endloop
  endfacet
  facet normal 0 0 1
    outer loop
      vertex 34.6004 52.1993 4
      vertex 32.9688 51.3272 4
      vertex 33.105 51.1 4
    endloop
  endfacet
  facet normal 0 0 1
    outer loop
      vertex 34.5163 52.7658 4
      vertex 32.7019 53.1267 4
      vertex 34.5041 52.6833 4
    endloop
  endfacet
  facet normal 0 0 1
    outer loop
      vertex 34.5647 52.2747 4
      vertex 32.8555 51.5668 4
      vertex 32.9688 51.3272 4
    endloop
  endfacet
  facet normal -0 0 1
    outer loop
      vertex 32.663 52.8646 4
      vertex 34.5041 52.6833 4
      vertex 32.7019 53.1267 4
    endloop
  endfacet
  facet normal 0 0 1
    outer loop
      vertex 34.5366 52.3533 4
      vertex 32.7663 51.8162 4
      vertex 32.8555 51.5668 4
    endloop
  endfacet
  facet normal 0 0 1
    outer loop
      vertex 34.5041 52.6833 4
      vertex 32.663 52.8646 4
      vertex 34.5 52.6 4
    endloop
  endfacet
  facet normal 0 0 1
    outer loop
      vertex 34.5163 52.4342 4
      vertex 32.7019 52.0733 4
      vertex 32.7663 51.8162 4
    endloop
  endfacet
  facet normal 0 0 1
    outer loop
      vertex 32.65 52.6 4
      vertex 34.5 52.6 4
      vertex 32.663 52.8646 4
    endloop
  endfacet
  facet normal 0 0 1
    outer loop
      vertex 34.5041 52.5167 4
      vertex 32.663 52.3354 4
      vertex 32.7019 52.0733 4
    endloop
  endfacet
  facet normal 0 0 1
    outer loop
      vertex 34.5 52.6 4
      vertex 32.65 52.6 4
      vertex 32.663 52.3354 4
    endloop
  endfacet
  facet normal -0.514163 0.857693 0
    outer loop
      vertex 34.0772 54.9812 2
      vertex 33.85 54.845 4
      vertex 34.0772 54.9812 4
    endloop
  endfacet
  facet normal -0.514163 0.857693 0
    outer loop
      vertex 33.85 54.845 4
      vertex 34.0772 54.9812 2
      vertex 33.85 54.845 2
    endloop
  endfacet
  facet normal -0.336767 0.941588 0
    outer loop
      vertex 34.5662 55.1837 2
      vertex 34.3168 55.0945 4
      vertex 34.5662 55.1837 4
    endloop
  endfacet
  facet normal -0.336767 0.941588 0
    outer loop
      vertex 34.3168 55.0945 4
      vertex 34.5662 55.1837 2
      vertex 34.3168 55.0945 2
    endloop
  endfacet
  facet normal -0.146809 0.989165 0
    outer loop
      vertex 35.0854 55.287 2
      vertex 34.8233 55.2481 4
      vertex 35.0854 55.287 4
    endloop
  endfacet
  facet normal -0.146809 0.989165 0
    outer loop
      vertex 34.8233 55.2481 4
      vertex 35.0854 55.287 2
      vertex 34.8233 55.2481 2
    endloop
  endfacet
  facet normal 0.146809 -0.989165 0
    outer loop
      vertex 35.6146 49.913 2
      vertex 35.8767 49.9519 4
      vertex 35.6146 49.913 4
    endloop
  endfacet
  facet normal 0.146809 -0.989165 0
    outer loop
      vertex 35.8767 49.9519 4
      vertex 35.6146 49.913 2
      vertex 35.8767 49.9519 2
    endloop
  endfacet
  facet normal 0.0490716 -0.998795 0
    outer loop
      vertex 35.35 49.9 2
      vertex 35.6146 49.913 4
      vertex 35.35 49.9 4
    endloop
  endfacet
  facet normal 0.0490716 -0.998795 0
    outer loop
      vertex 35.6146 49.913 4
      vertex 35.35 49.9 2
      vertex 35.6146 49.913 2
    endloop
  endfacet
  facet normal 0.514163 -0.857693 0
    outer loop
      vertex 36.6228 50.2188 2
      vertex 36.85 50.355 4
      vertex 36.6228 50.2188 4
    endloop
  endfacet
  facet normal 0.514163 -0.857693 0
    outer loop
      vertex 36.85 50.355 4
      vertex 36.6228 50.2188 2
      vertex 36.85 50.355 2
    endloop
  endfacet
  facet normal 0.671526 -0.740981 0
    outer loop
      vertex 37.0629 50.5129 2
      vertex 37.2592 50.6908 4
      vertex 37.0629 50.5129 4
    endloop
  endfacet
  facet normal 0.671526 -0.740981 0
    outer loop
      vertex 37.2592 50.6908 4
      vertex 37.0629 50.5129 2
      vertex 37.2592 50.6908 2
    endloop
  endfacet
  facet normal 0.803203 -0.595706 0
    outer loop
      vertex 37.4371 50.8871 4
      vertex 37.595 51.1 2
      vertex 37.595 51.1 4
    endloop
  endfacet
  facet normal 0.803203 -0.595706 0
    outer loop
      vertex 37.595 51.1 2
      vertex 37.4371 50.8871 4
      vertex 37.4371 50.8871 2
    endloop
  endfacet
  facet normal 0.857693 -0.514163 0
    outer loop
      vertex 37.595 51.1 4
      vertex 37.7312 51.3272 2
      vertex 37.7312 51.3272 4
    endloop
  endfacet
  facet normal 0.857693 -0.514163 0
    outer loop
      vertex 37.7312 51.3272 2
      vertex 37.595 51.1 4
      vertex 37.595 51.1 2
    endloop
  endfacet
  facet normal -0.671526 -0.740981 0
    outer loop
      vertex 33.4408 50.6908 2
      vertex 33.6371 50.5129 4
      vertex 33.4408 50.6908 4
    endloop
  endfacet
  facet normal -0.671526 -0.740981 -0
    outer loop
      vertex 33.6371 50.5129 4
      vertex 33.4408 50.6908 2
      vertex 33.6371 50.5129 2
    endloop
  endfacet
  facet normal -0.595706 -0.803203 0
    outer loop
      vertex 33.6371 50.5129 2
      vertex 33.85 50.355 4
      vertex 33.6371 50.5129 4
    endloop
  endfacet
  facet normal -0.595706 -0.803203 -0
    outer loop
      vertex 33.85 50.355 4
      vertex 33.6371 50.5129 2
      vertex 33.85 50.355 2
    endloop
  endfacet
  facet normal -0.514163 -0.857693 0
    outer loop
      vertex 33.85 50.355 2
      vertex 34.0772 50.2188 4
      vertex 33.85 50.355 4
    endloop
  endfacet
  facet normal -0.514163 -0.857693 -0
    outer loop
      vertex 34.0772 50.2188 4
      vertex 33.85 50.355 2
      vertex 34.0772 50.2188 2
    endloop
  endfacet
  facet normal -0.146809 -0.989165 0
    outer loop
      vertex 34.8233 49.9519 2
      vertex 35.0854 49.913 4
      vertex 34.8233 49.9519 4
    endloop
  endfacet
  facet normal -0.146809 -0.989165 -0
    outer loop
      vertex 35.0854 49.913 4
      vertex 34.8233 49.9519 2
      vertex 35.0854 49.913 2
    endloop
  endfacet
  facet normal -0.904022 -0.427486 0
    outer loop
      vertex 32.9688 51.3272 2
      vertex 32.8555 51.5668 4
      vertex 32.8555 51.5668 2
    endloop
  endfacet
  facet normal -0.904022 -0.427486 0
    outer loop
      vertex 32.8555 51.5668 4
      vertex 32.9688 51.3272 2
      vertex 32.9688 51.3272 4
    endloop
  endfacet
  facet normal -0.857693 -0.514163 0
    outer loop
      vertex 33.105 51.1 2
      vertex 32.9688 51.3272 4
      vertex 32.9688 51.3272 2
    endloop
  endfacet
  facet normal -0.857693 -0.514163 0
    outer loop
      vertex 32.9688 51.3272 4
      vertex 33.105 51.1 2
      vertex 33.105 51.1 4
    endloop
  endfacet
  facet normal -0.941588 -0.336767 0
    outer loop
      vertex 32.8555 51.5668 2
      vertex 32.7663 51.8162 4
      vertex 32.7663 51.8162 2
    endloop
  endfacet
  facet normal -0.941588 -0.336767 0
    outer loop
      vertex 32.7663 51.8162 4
      vertex 32.8555 51.5668 2
      vertex 32.8555 51.5668 4
    endloop
  endfacet
  facet normal -0.998795 -0.0490716 0
    outer loop
      vertex 32.663 52.3354 2
      vertex 32.65 52.6 4
      vertex 32.65 52.6 2
    endloop
  endfacet
  facet normal -0.998795 -0.0490716 0
    outer loop
      vertex 32.65 52.6 4
      vertex 32.663 52.3354 2
      vertex 32.663 52.3354 4
    endloop
  endfacet
  facet normal 0.427486 -0.904022 0
    outer loop
      vertex 36.3832 50.1055 2
      vertex 36.6228 50.2188 4
      vertex 36.3832 50.1055 4
    endloop
  endfacet
  facet normal 0.427486 -0.904022 0
    outer loop
      vertex 36.6228 50.2188 4
      vertex 36.3832 50.1055 2
      vertex 36.6228 50.2188 2
    endloop
  endfacet
  facet normal 0.595706 -0.803203 0
    outer loop
      vertex 36.85 50.355 2
      vertex 37.0629 50.5129 4
      vertex 36.85 50.355 4
    endloop
  endfacet
  facet normal 0.595706 -0.803203 0
    outer loop
      vertex 37.0629 50.5129 4
      vertex 36.85 50.355 2
      vertex 37.0629 50.5129 2
    endloop
  endfacet
  facet normal 0.941588 -0.336767 0
    outer loop
      vertex 37.8445 51.5668 4
      vertex 37.9337 51.8162 2
      vertex 37.9337 51.8162 4
    endloop
  endfacet
  facet normal 0.941588 -0.336767 0
    outer loop
      vertex 37.9337 51.8162 2
      vertex 37.8445 51.5668 4
      vertex 37.8445 51.5668 2
    endloop
  endfacet
  facet normal 0.989165 -0.146809 0
    outer loop
      vertex 37.9981 52.0733 4
      vertex 38.037 52.3354 2
      vertex 38.037 52.3354 4
    endloop
  endfacet
  facet normal 0.989165 -0.146809 0
    outer loop
      vertex 38.037 52.3354 2
      vertex 37.9981 52.0733 4
      vertex 37.9981 52.0733 2
    endloop
  endfacet
  facet normal 0.998795 -0.0490716 0
    outer loop
      vertex 38.037 52.3354 4
      vertex 38.05 52.6 2
      vertex 38.05 52.6 4
    endloop
  endfacet
  facet normal 0.998795 -0.0490716 0
    outer loop
      vertex 38.05 52.6 2
      vertex 38.037 52.3354 4
      vertex 38.037 52.3354 2
    endloop
  endfacet
  facet normal -0.427486 -0.904022 0
    outer loop
      vertex 34.0772 50.2188 2
      vertex 34.3168 50.1055 4
      vertex 34.0772 50.2188 4
    endloop
  endfacet
  facet normal -0.427486 -0.904022 -0
    outer loop
      vertex 34.3168 50.1055 4
      vertex 34.0772 50.2188 2
      vertex 34.3168 50.1055 2
    endloop
  endfacet
  facet normal -0.242979 -0.970031 0
    outer loop
      vertex 34.5662 50.0163 2
      vertex 34.8233 49.9519 4
      vertex 34.5662 50.0163 4
    endloop
  endfacet
  facet normal -0.242979 -0.970031 -0
    outer loop
      vertex 34.8233 49.9519 4
      vertex 34.5662 50.0163 2
      vertex 34.8233 49.9519 2
    endloop
  endfacet
  facet normal -0.0490716 -0.998795 0
    outer loop
      vertex 35.0854 49.913 2
      vertex 35.35 49.9 4
      vertex 35.0854 49.913 4
    endloop
  endfacet
  facet normal -0.0490716 -0.998795 -0
    outer loop
      vertex 35.35 49.9 4
      vertex 35.0854 49.913 2
      vertex 35.35 49.9 2
    endloop
  endfacet
  facet normal -0.740981 -0.671526 0
    outer loop
      vertex 33.4408 50.6908 2
      vertex 33.2629 50.8871 4
      vertex 33.2629 50.8871 2
    endloop
  endfacet
  facet normal -0.740981 -0.671526 0
    outer loop
      vertex 33.2629 50.8871 4
      vertex 33.4408 50.6908 2
      vertex 33.4408 50.6908 4
    endloop
  endfacet
  facet normal -0.989165 -0.146809 0
    outer loop
      vertex 32.7019 52.0733 2
      vertex 32.663 52.3354 4
      vertex 32.663 52.3354 2
    endloop
  endfacet
  facet normal -0.989165 -0.146809 0
    outer loop
      vertex 32.663 52.3354 4
      vertex 32.7019 52.0733 2
      vertex 32.7019 52.0733 4
    endloop
  endfacet
  facet normal 0.242979 -0.970031 0
    outer loop
      vertex 35.8767 49.9519 2
      vertex 36.1338 50.0163 4
      vertex 35.8767 49.9519 4
    endloop
  endfacet
  facet normal 0.242979 -0.970031 0
    outer loop
      vertex 36.1338 50.0163 4
      vertex 35.8767 49.9519 2
      vertex 36.1338 50.0163 2
    endloop
  endfacet
  facet normal 0.998799 0.0489977 0
    outer loop
      vertex 8.05 122.6 4
      vertex 8.037 122.865 2
      vertex 8.037 122.865 4
    endloop
  endfacet
  facet normal 0.998799 0.0489977 0
    outer loop
      vertex 8.037 122.865 2
      vertex 8.05 122.6 4
      vertex 8.05 122.6 2
    endloop
  endfacet
  facet normal -0.998799 0.0489977 0
    outer loop
      vertex 2.65 122.6 2
      vertex 2.663 122.865 4
      vertex 2.663 122.865 2
    endloop
  endfacet
  facet normal -0.998799 0.0489977 0
    outer loop
      vertex 2.663 122.865 4
      vertex 2.65 122.6 2
      vertex 2.65 122.6 4
    endloop
  endfacet
  facet normal -0.0490623 0.998796 0
    outer loop
      vertex 5.35 125.3 2
      vertex 5.08535 125.287 4
      vertex 5.35 125.3 4
    endloop
  endfacet
  facet normal -0.0490623 0.998796 0
    outer loop
      vertex 5.08535 125.287 4
      vertex 5.35 125.3 2
      vertex 5.08535 125.287 2
    endloop
  endfacet
  facet normal -0.0490623 -0.998796 0
    outer loop
      vertex 5.08535 119.913 2
      vertex 5.35 119.9 4
      vertex 5.08535 119.913 4
    endloop
  endfacet
  facet normal -0.0490623 -0.998796 -0
    outer loop
      vertex 5.35 119.9 4
      vertex 5.08535 119.913 2
      vertex 5.35 119.9 2
    endloop
  endfacet
  facet normal -0.740395 -0.672173 0
    outer loop
      vertex 3.44081 120.691 2
      vertex 3.26287 120.887 4
      vertex 3.26287 120.887 2
    endloop
  endfacet
  facet normal -0.740395 -0.672173 0
    outer loop
      vertex 3.26287 120.887 4
      vertex 3.44081 120.691 2
      vertex 3.44081 120.691 4
    endloop
  endfacet
  facet normal 0.671677 0.740844 -0
    outer loop
      vertex 7.25919 124.509 2
      vertex 7.06286 124.687 4
      vertex 7.25919 124.509 4
    endloop
  endfacet
  facet normal 0.671677 0.740844 0
    outer loop
      vertex 7.06286 124.687 4
      vertex 7.25919 124.509 2
      vertex 7.06286 124.687 2
    endloop
  endfacet
  facet normal -0.671677 0.740844 0
    outer loop
      vertex 3.63714 124.687 2
      vertex 3.44081 124.509 4
      vertex 3.63714 124.687 4
    endloop
  endfacet
  facet normal -0.671677 0.740844 0
    outer loop
      vertex 3.44081 124.509 4
      vertex 3.63714 124.687 2
      vertex 3.44081 124.509 2
    endloop
  endfacet
  facet normal -0.426677 0.904404 0
    outer loop
      vertex 4.31675 125.094 2
      vertex 4.07723 124.981 4
      vertex 4.31675 125.094 4
    endloop
  endfacet
  facet normal -0.426677 0.904404 0
    outer loop
      vertex 4.07723 124.981 4
      vertex 4.31675 125.094 2
      vertex 4.07723 124.981 2
    endloop
  endfacet
  facet normal -0.941332 -0.337481 0
    outer loop
      vertex 2.85553 121.567 2
      vertex 2.76626 121.816 4
      vertex 2.76626 121.816 2
    endloop
  endfacet
  facet normal -0.941332 -0.337481 0
    outer loop
      vertex 2.76626 121.816 4
      vertex 2.85553 121.567 2
      vertex 2.85553 121.567 4
    endloop
  endfacet
  facet normal 0.904326 0.426842 0
    outer loop
      vertex 7.84447 123.633 4
      vertex 7.73119 123.873 2
      vertex 7.73119 123.873 4
    endloop
  endfacet
  facet normal 0.904326 0.426842 0
    outer loop
      vertex 7.73119 123.873 2
      vertex 7.84447 123.633 4
      vertex 7.84447 123.633 2
    endloop
  endfacet
  facet normal 0.339356 0.940658 -0
    outer loop
      vertex 6.38324 125.094 2
      vertex 6.13377 125.184 4
      vertex 6.38324 125.094 4
    endloop
  endfacet
  facet normal 0.339356 0.940658 0
    outer loop
      vertex 6.13377 125.184 4
      vertex 6.38324 125.094 2
      vertex 6.13377 125.184 2
    endloop
  endfacet
  facet normal 0.51349 0.858095 -0
    outer loop
      vertex 6.85004 124.845 2
      vertex 6.62277 124.981 4
      vertex 6.85004 124.845 4
    endloop
  endfacet
  facet normal 0.51349 0.858095 0
    outer loop
      vertex 6.62277 124.981 4
      vertex 6.85004 124.845 2
      vertex 6.62277 124.981 2
    endloop
  endfacet
  facet normal -0.904326 0.426842 0
    outer loop
      vertex 2.85553 123.633 2
      vertex 2.96881 123.873 4
      vertex 2.96881 123.873 2
    endloop
  endfacet
  facet normal -0.904326 0.426842 0
    outer loop
      vertex 2.96881 123.873 4
      vertex 2.85553 123.633 2
      vertex 2.85553 123.633 4
    endloop
  endfacet
  facet normal -0.241621 0.970371 0
    outer loop
      vertex 4.82326 125.248 2
      vertex 4.56623 125.184 4
      vertex 4.82326 125.248 4
    endloop
  endfacet
  facet normal -0.241621 0.970371 0
    outer loop
      vertex 4.56623 125.184 4
      vertex 4.82326 125.248 2
      vertex 4.56623 125.184 2
    endloop
  endfacet
  facet normal 0.941332 -0.337481 0
    outer loop
      vertex 7.84447 121.567 4
      vertex 7.93374 121.816 2
      vertex 7.93374 121.816 4
    endloop
  endfacet
  facet normal 0.941332 -0.337481 0
    outer loop
      vertex 7.93374 121.816 2
      vertex 7.84447 121.567 4
      vertex 7.84447 121.567 2
    endloop
  endfacet
  facet normal 0.970027 -0.242997 0
    outer loop
      vertex 7.93374 121.816 4
      vertex 7.99812 122.073 2
      vertex 7.99812 122.073 4
    endloop
  endfacet
  facet normal 0.970027 -0.242997 0
    outer loop
      vertex 7.99812 122.073 2
      vertex 7.93374 121.816 4
      vertex 7.93374 121.816 2
    endloop
  endfacet
  facet normal 0.970027 0.242997 0
    outer loop
      vertex 7.99812 123.127 4
      vertex 7.93374 123.384 2
      vertex 7.93374 123.384 4
    endloop
  endfacet
  facet normal 0.970027 0.242997 0
    outer loop
      vertex 7.93374 123.384 2
      vertex 7.99812 123.127 4
      vertex 7.99812 123.127 2
    endloop
  endfacet
  facet normal 0.989168 0.146789 0
    outer loop
      vertex 8.037 122.865 4
      vertex 7.99812 123.127 2
      vertex 7.99812 123.127 4
    endloop
  endfacet
  facet normal 0.989168 0.146789 0
    outer loop
      vertex 7.99812 123.127 2
      vertex 8.037 122.865 4
      vertex 8.037 122.865 2
    endloop
  endfacet
  facet normal 0.941332 0.337481 0
    outer loop
      vertex 7.93374 123.384 4
      vertex 7.84447 123.633 2
      vertex 7.84447 123.633 4
    endloop
  endfacet
  facet normal 0.941332 0.337481 0
    outer loop
      vertex 7.84447 123.633 2
      vertex 7.93374 123.384 4
      vertex 7.93374 123.384 2
    endloop
  endfacet
  facet normal 0.803445 0.595379 0
    outer loop
      vertex 7.59497 124.1 4
      vertex 7.43713 124.313 2
      vertex 7.43713 124.313 4
    endloop
  endfacet
  facet normal 0.803445 0.595379 0
    outer loop
      vertex 7.43713 124.313 2
      vertex 7.59497 124.1 4
      vertex 7.59497 124.1 2
    endloop
  endfacet
  facet normal 0.740395 0.672173 0
    outer loop
      vertex 7.43713 124.313 4
      vertex 7.25919 124.509 2
      vertex 7.25919 124.509 4
    endloop
  endfacet
  facet normal 0.740395 0.672173 0
    outer loop
      vertex 7.25919 124.509 2
      vertex 7.43713 124.313 4
      vertex 7.43713 124.313 2
    endloop
  endfacet
  facet normal 0.85746 0.514551 0
    outer loop
      vertex 7.73119 123.873 4
      vertex 7.59497 124.1 2
      vertex 7.59497 124.1 4
    endloop
  endfacet
  facet normal 0.85746 0.514551 0
    outer loop
      vertex 7.59497 124.1 2
      vertex 7.73119 123.873 4
      vertex 7.73119 123.873 2
    endloop
  endfacet
  facet normal 0.147183 0.989109 -0
    outer loop
      vertex 5.87674 125.248 2
      vertex 5.61465 125.287 4
      vertex 5.87674 125.248 4
    endloop
  endfacet
  facet normal 0.147183 0.989109 0
    outer loop
      vertex 5.61465 125.287 4
      vertex 5.87674 125.248 2
      vertex 5.61465 125.287 2
    endloop
  endfacet
  facet normal 0.241621 0.970371 -0
    outer loop
      vertex 6.13377 125.184 2
      vertex 5.87674 125.248 4
      vertex 6.13377 125.184 4
    endloop
  endfacet
  facet normal 0.241621 0.970371 0
    outer loop
      vertex 5.87674 125.248 4
      vertex 6.13377 125.184 2
      vertex 5.87674 125.248 2
    endloop
  endfacet
  facet normal 0.0490623 0.998796 -0
    outer loop
      vertex 5.61465 125.287 2
      vertex 5.35 125.3 4
      vertex 5.61465 125.287 4
    endloop
  endfacet
  facet normal 0.0490623 0.998796 0
    outer loop
      vertex 5.35 125.3 4
      vertex 5.61465 125.287 2
      vertex 5.35 125.3 2
    endloop
  endfacet
  facet normal 0.426662 0.904411 -0
    outer loop
      vertex 6.62277 124.981 2
      vertex 6.38324 125.094 4
      vertex 6.62277 124.981 4
    endloop
  endfacet
  facet normal 0.426662 0.904411 0
    outer loop
      vertex 6.38324 125.094 4
      vertex 6.62277 124.981 2
      vertex 6.38324 125.094 2
    endloop
  endfacet
  facet normal 0.596093 0.802915 -0
    outer loop
      vertex 7.06286 124.687 2
      vertex 6.85004 124.845 4
      vertex 7.06286 124.687 4
    endloop
  endfacet
  facet normal 0.596093 0.802915 0
    outer loop
      vertex 6.85004 124.845 4
      vertex 7.06286 124.687 2
      vertex 6.85004 124.845 2
    endloop
  endfacet
  facet normal -0.970027 0.242997 0
    outer loop
      vertex 2.70188 123.127 2
      vertex 2.76626 123.384 4
      vertex 2.76626 123.384 2
    endloop
  endfacet
  facet normal -0.970027 0.242997 0
    outer loop
      vertex 2.76626 123.384 4
      vertex 2.70188 123.127 2
      vertex 2.70188 123.127 4
    endloop
  endfacet
  facet normal -0.803445 0.595379 0
    outer loop
      vertex 3.10503 124.1 2
      vertex 3.26287 124.313 4
      vertex 3.26287 124.313 2
    endloop
  endfacet
  facet normal -0.803445 0.595379 0
    outer loop
      vertex 3.26287 124.313 4
      vertex 3.10503 124.1 2
      vertex 3.10503 124.1 4
    endloop
  endfacet
  facet normal -0.740395 0.672173 0
    outer loop
      vertex 3.26287 124.313 2
      vertex 3.44081 124.509 4
      vertex 3.44081 124.509 2
    endloop
  endfacet
  facet normal -0.740395 0.672173 0
    outer loop
      vertex 3.44081 124.509 4
      vertex 3.26287 124.313 2
      vertex 3.26287 124.313 4
    endloop
  endfacet
  facet normal -0.85746 0.514551 0
    outer loop
      vertex 2.96881 123.873 2
      vertex 3.10503 124.1 4
      vertex 3.10503 124.1 2
    endloop
  endfacet
  facet normal -0.85746 0.514551 0
    outer loop
      vertex 3.10503 124.1 4
      vertex 2.96881 123.873 2
      vertex 2.96881 123.873 4
    endloop
  endfacet
  facet normal -0.941332 0.337481 0
    outer loop
      vertex 2.76626 123.384 2
      vertex 2.85553 123.633 4
      vertex 2.85553 123.633 2
    endloop
  endfacet
  facet normal -0.941332 0.337481 0
    outer loop
      vertex 2.85553 123.633 4
      vertex 2.76626 123.384 2
      vertex 2.76626 123.384 4
    endloop
  endfacet
  facet normal -0.989168 0.146789 0
    outer loop
      vertex 2.663 122.865 2
      vertex 2.70188 123.127 4
      vertex 2.70188 123.127 2
    endloop
  endfacet
  facet normal -0.989168 0.146789 0
    outer loop
      vertex 2.70188 123.127 4
      vertex 2.663 122.865 2
      vertex 2.663 122.865 4
    endloop
  endfacet
  facet normal 0 0 1
    outer loop
      vertex 6.2 122.6 4
      vertex 8.05 122.6 4
      vertex 8.037 122.865 4
    endloop
  endfacet
  facet normal 0 0 1
    outer loop
      vertex 6.19591 122.683 4
      vertex 8.037 122.865 4
      vertex 7.99812 123.127 4
    endloop
  endfacet
  facet normal 0 0 1
    outer loop
      vertex 8.05 122.6 4
      vertex 6.2 122.6 4
      vertex 8.037 122.335 4
    endloop
  endfacet
  facet normal 0 0 1
    outer loop
      vertex 6.18367 122.766 4
      vertex 7.99812 123.127 4
      vertex 7.93374 123.384 4
    endloop
  endfacet
  facet normal -0 0 1
    outer loop
      vertex 6.19591 122.517 4
      vertex 8.037 122.335 4
      vertex 6.2 122.6 4
    endloop
  endfacet
  facet normal 0 0 1
    outer loop
      vertex 6.1634 122.847 4
      vertex 7.93374 123.384 4
      vertex 7.84447 123.633 4
    endloop
  endfacet
  facet normal 0 0 1
    outer loop
      vertex 8.037 122.335 4
      vertex 6.19591 122.517 4
      vertex 7.99812 122.073 4
    endloop
  endfacet
  facet normal 0 0 1
    outer loop
      vertex 6.1353 122.925 4
      vertex 7.84447 123.633 4
      vertex 7.73119 123.873 4
    endloop
  endfacet
  facet normal -0 0 1
    outer loop
      vertex 6.18367 122.434 4
      vertex 7.99812 122.073 4
      vertex 6.19591 122.517 4
    endloop
  endfacet
  facet normal 0 0 1
    outer loop
      vertex 6.09963 123.001 4
      vertex 7.73119 123.873 4
      vertex 7.59497 124.1 4
    endloop
  endfacet
  facet normal 0 0 1
    outer loop
      vertex 7.99812 122.073 4
      vertex 6.18367 122.434 4
      vertex 7.93374 121.816 4
    endloop
  endfacet
  facet normal 0 0 1
    outer loop
      vertex 6.05675 123.072 4
      vertex 7.59497 124.1 4
      vertex 7.43713 124.313 4
    endloop
  endfacet
  facet normal -0 0 1
    outer loop
      vertex 6.1634 122.353 4
      vertex 7.93374 121.816 4
      vertex 6.18367 122.434 4
    endloop
  endfacet
  facet normal 0 0 1
    outer loop
      vertex 6.00706 123.139 4
      vertex 7.43713 124.313 4
      vertex 7.25919 124.509 4
    endloop
  endfacet
  facet normal 0 0 1
    outer loop
      vertex 7.93374 121.816 4
      vertex 6.1634 122.353 4
      vertex 7.84447 121.567 4
    endloop
  endfacet
  facet normal 0 0 1
    outer loop
      vertex 5.95104 123.201 4
      vertex 7.25919 124.509 4
      vertex 7.06286 124.687 4
    endloop
  endfacet
  facet normal -0 0 1
    outer loop
      vertex 6.1353 122.275 4
      vertex 7.84447 121.567 4
      vertex 6.1634 122.353 4
    endloop
  endfacet
  facet normal 0 0 1
    outer loop
      vertex 5.88923 123.257 4
      vertex 7.06286 124.687 4
      vertex 6.85004 124.845 4
    endloop
  endfacet
  facet normal 0 0 1
    outer loop
      vertex 7.84447 121.567 4
      vertex 6.1353 122.275 4
      vertex 7.73119 121.327 4
    endloop
  endfacet
  facet normal 0 0 1
    outer loop
      vertex 5.82223 123.307 4
      vertex 6.85004 124.845 4
      vertex 6.62277 124.981 4
    endloop
  endfacet
  facet normal -0 0 1
    outer loop
      vertex 6.09963 122.199 4
      vertex 7.73119 121.327 4
      vertex 6.1353 122.275 4
    endloop
  endfacet
  facet normal 0 0 1
    outer loop
      vertex 5.75069 123.35 4
      vertex 6.62277 124.981 4
      vertex 6.38324 125.094 4
    endloop
  endfacet
  facet normal 0 0 1
    outer loop
      vertex 7.73119 121.327 4
      vertex 6.09963 122.199 4
      vertex 7.59497 121.1 4
    endloop
  endfacet
  facet normal -0 0 1
    outer loop
      vertex 6.05675 122.128 4
      vertex 7.59497 121.1 4
      vertex 6.09963 122.199 4
    endloop
  endfacet
  facet normal 0 0 1
    outer loop
      vertex 8.037 122.865 4
      vertex 6.19591 122.683 4
      vertex 6.2 122.6 4
    endloop
  endfacet
  facet normal 0 0 1
    outer loop
      vertex 7.99812 123.127 4
      vertex 6.18367 122.766 4
      vertex 6.19591 122.683 4
    endloop
  endfacet
  facet normal 0 0 1
    outer loop
      vertex 7.93374 123.384 4
      vertex 6.1634 122.847 4
      vertex 6.18367 122.766 4
    endloop
  endfacet
  facet normal 0 0 1
    outer loop
      vertex 7.84447 123.633 4
      vertex 6.1353 122.925 4
      vertex 6.1634 122.847 4
    endloop
  endfacet
  facet normal 0 0 1
    outer loop
      vertex 5.67528 123.385 4
      vertex 6.38324 125.094 4
      vertex 6.13377 125.184 4
    endloop
  endfacet
  facet normal 0 0 1
    outer loop
      vertex 7.73119 123.873 4
      vertex 6.09963 123.001 4
      vertex 6.1353 122.925 4
    endloop
  endfacet
  facet normal 0 0 1
    outer loop
      vertex 7.59497 124.1 4
      vertex 6.05675 123.072 4
      vertex 6.09963 123.001 4
    endloop
  endfacet
  facet normal 0 0 1
    outer loop
      vertex 7.43713 124.313 4
      vertex 6.00706 123.139 4
      vertex 6.05675 123.072 4
    endloop
  endfacet
  facet normal 0 0 1
    outer loop
      vertex 7.25919 124.509 4
      vertex 5.95104 123.201 4
      vertex 6.00706 123.139 4
    endloop
  endfacet
  facet normal 0 0 1
    outer loop
      vertex 7.06286 124.687 4
      vertex 5.88923 123.257 4
      vertex 5.95104 123.201 4
    endloop
  endfacet
  facet normal 0 0 1
    outer loop
      vertex 5.59674 123.413 4
      vertex 6.13377 125.184 4
      vertex 5.87674 125.248 4
    endloop
  endfacet
  facet normal 0 0 1
    outer loop
      vertex 6.85004 124.845 4
      vertex 5.82223 123.307 4
      vertex 5.88923 123.257 4
    endloop
  endfacet
  facet normal 0 0 1
    outer loop
      vertex 6.62277 124.981 4
      vertex 5.75069 123.35 4
      vertex 5.82223 123.307 4
    endloop
  endfacet
  facet normal 0 0 1
    outer loop
      vertex 6.38324 125.094 4
      vertex 5.67528 123.385 4
      vertex 5.75069 123.35 4
    endloop
  endfacet
  facet normal 0 0 1
    outer loop
      vertex 5.51583 123.434 4
      vertex 5.87674 125.248 4
      vertex 5.61465 125.287 4
    endloop
  endfacet
  facet normal 0 0 1
    outer loop
      vertex 6.13377 125.184 4
      vertex 5.59674 123.413 4
      vertex 5.67528 123.385 4
    endloop
  endfacet
  facet normal 0 0 1
    outer loop
      vertex 5.87674 125.248 4
      vertex 5.51583 123.434 4
      vertex 5.59674 123.413 4
    endloop
  endfacet
  facet normal 0 0 1
    outer loop
      vertex 5.61465 125.287 4
      vertex 5.43331 123.446 4
      vertex 5.51583 123.434 4
    endloop
  endfacet
  facet normal 0 0 1
    outer loop
      vertex 5.35 125.3 4
      vertex 5.43331 123.446 4
      vertex 5.61465 125.287 4
    endloop
  endfacet
  facet normal 0 0 1
    outer loop
      vertex 5.35 125.3 4
      vertex 5.35 123.45 4
      vertex 5.43331 123.446 4
    endloop
  endfacet
  facet normal 0 0 1
    outer loop
      vertex 5.35 125.3 4
      vertex 5.26668 123.446 4
      vertex 5.35 123.45 4
    endloop
  endfacet
  facet normal -0 0 1
    outer loop
      vertex 5.08535 125.287 4
      vertex 5.26668 123.446 4
      vertex 5.35 125.3 4
    endloop
  endfacet
  facet normal 0 0 1
    outer loop
      vertex 5.26668 123.446 4
      vertex 5.08535 125.287 4
      vertex 5.18417 123.434 4
    endloop
  endfacet
  facet normal -0 0 1
    outer loop
      vertex 4.82326 125.248 4
      vertex 5.18417 123.434 4
      vertex 5.08535 125.287 4
    endloop
  endfacet
  facet normal 0 0 1
    outer loop
      vertex 5.18417 123.434 4
      vertex 4.82326 125.248 4
      vertex 5.10326 123.413 4
    endloop
  endfacet
  facet normal -0 0 1
    outer loop
      vertex 4.56623 125.184 4
      vertex 5.10326 123.413 4
      vertex 4.82326 125.248 4
    endloop
  endfacet
  facet normal 0 0 1
    outer loop
      vertex 5.10326 123.413 4
      vertex 4.56623 125.184 4
      vertex 5.02472 123.385 4
    endloop
  endfacet
  facet normal -0 0 1
    outer loop
      vertex 4.31675 125.094 4
      vertex 5.02472 123.385 4
      vertex 4.56623 125.184 4
    endloop
  endfacet
  facet normal 0 0 1
    outer loop
      vertex 5.02472 123.385 4
      vertex 4.31675 125.094 4
      vertex 4.94931 123.35 4
    endloop
  endfacet
  facet normal -0 0 1
    outer loop
      vertex 4.07723 124.981 4
      vertex 4.94931 123.35 4
      vertex 4.31675 125.094 4
    endloop
  endfacet
  facet normal 0 0 1
    outer loop
      vertex 4.94931 123.35 4
      vertex 4.07723 124.981 4
      vertex 4.87776 123.307 4
    endloop
  endfacet
  facet normal -0 0 1
    outer loop
      vertex 3.84996 124.845 4
      vertex 4.87776 123.307 4
      vertex 4.07723 124.981 4
    endloop
  endfacet
  facet normal 0 0 1
    outer loop
      vertex 4.87776 123.307 4
      vertex 3.84996 124.845 4
      vertex 4.81077 123.257 4
    endloop
  endfacet
  facet normal -0 0 1
    outer loop
      vertex 3.63714 124.687 4
      vertex 4.81077 123.257 4
      vertex 3.84996 124.845 4
    endloop
  endfacet
  facet normal 0 0 1
    outer loop
      vertex 4.81077 123.257 4
      vertex 3.63714 124.687 4
      vertex 4.74896 123.201 4
    endloop
  endfacet
  facet normal -0 0 1
    outer loop
      vertex 3.44081 124.509 4
      vertex 4.74896 123.201 4
      vertex 3.63714 124.687 4
    endloop
  endfacet
  facet normal 0 0 1
    outer loop
      vertex 4.74896 123.201 4
      vertex 3.44081 124.509 4
      vertex 4.69294 123.139 4
    endloop
  endfacet
  facet normal -0 0 1
    outer loop
      vertex 3.26287 124.313 4
      vertex 4.69294 123.139 4
      vertex 3.44081 124.509 4
    endloop
  endfacet
  facet normal 0 0 1
    outer loop
      vertex 4.69294 123.139 4
      vertex 3.26287 124.313 4
      vertex 4.64325 123.072 4
    endloop
  endfacet
  facet normal -0 0 1
    outer loop
      vertex 3.10503 124.1 4
      vertex 4.64325 123.072 4
      vertex 3.26287 124.313 4
    endloop
  endfacet
  facet normal 0 0 1
    outer loop
      vertex 7.59497 121.1 4
      vertex 6.05675 122.128 4
      vertex 7.43713 120.887 4
    endloop
  endfacet
  facet normal -0 0 1
    outer loop
      vertex 6.00706 122.061 4
      vertex 7.43713 120.887 4
      vertex 6.05675 122.128 4
    endloop
  endfacet
  facet normal 0 0 1
    outer loop
      vertex 7.43713 120.887 4
      vertex 6.00706 122.061 4
      vertex 7.25919 120.691 4
    endloop
  endfacet
  facet normal -0 0 1
    outer loop
      vertex 5.95104 121.999 4
      vertex 7.25919 120.691 4
      vertex 6.00706 122.061 4
    endloop
  endfacet
  facet normal 0 0 1
    outer loop
      vertex 7.25919 120.691 4
      vertex 5.95104 121.999 4
      vertex 7.06286 120.513 4
    endloop
  endfacet
  facet normal -0 0 1
    outer loop
      vertex 5.88923 121.943 4
      vertex 7.06286 120.513 4
      vertex 5.95104 121.999 4
    endloop
  endfacet
  facet normal 0 0 1
    outer loop
      vertex 7.06286 120.513 4
      vertex 5.88923 121.943 4
      vertex 6.85004 120.355 4
    endloop
  endfacet
  facet normal -0 0 1
    outer loop
      vertex 5.82223 121.893 4
      vertex 6.85004 120.355 4
      vertex 5.88923 121.943 4
    endloop
  endfacet
  facet normal 0 0 1
    outer loop
      vertex 6.85004 120.355 4
      vertex 5.82223 121.893 4
      vertex 6.62277 120.219 4
    endloop
  endfacet
  facet normal -0 0 1
    outer loop
      vertex 5.75069 121.85 4
      vertex 6.62277 120.219 4
      vertex 5.82223 121.893 4
    endloop
  endfacet
  facet normal 0 0 1
    outer loop
      vertex 6.62277 120.219 4
      vertex 5.75069 121.85 4
      vertex 6.38324 120.106 4
    endloop
  endfacet
  facet normal -0 0 1
    outer loop
      vertex 5.67528 121.815 4
      vertex 6.38324 120.106 4
      vertex 5.75069 121.85 4
    endloop
  endfacet
  facet normal 0 0 1
    outer loop
      vertex 6.38324 120.106 4
      vertex 5.67528 121.815 4
      vertex 6.13377 120.016 4
    endloop
  endfacet
  facet normal -0 0 1
    outer loop
      vertex 5.59674 121.787 4
      vertex 6.13377 120.016 4
      vertex 5.67528 121.815 4
    endloop
  endfacet
  facet normal 0 0 1
    outer loop
      vertex 6.13377 120.016 4
      vertex 5.59674 121.787 4
      vertex 5.87674 119.952 4
    endloop
  endfacet
  facet normal -0 0 1
    outer loop
      vertex 5.51583 121.766 4
      vertex 5.87674 119.952 4
      vertex 5.59674 121.787 4
    endloop
  endfacet
  facet normal 0 0 1
    outer loop
      vertex 5.87674 119.952 4
      vertex 5.51583 121.766 4
      vertex 5.61465 119.913 4
    endloop
  endfacet
  facet normal -0 0 1
    outer loop
      vertex 5.43331 121.754 4
      vertex 5.61465 119.913 4
      vertex 5.51583 121.766 4
    endloop
  endfacet
  facet normal -0 0 1
    outer loop
      vertex 5.35 121.75 4
      vertex 5.61465 119.913 4
      vertex 5.43331 121.754 4
    endloop
  endfacet
  facet normal 0 0 1
    outer loop
      vertex 5.35 121.75 4
      vertex 5.35 119.9 4
      vertex 5.61465 119.913 4
    endloop
  endfacet
  facet normal 0 0 1
    outer loop
      vertex 5.26668 121.754 4
      vertex 5.35 119.9 4
      vertex 5.35 121.75 4
    endloop
  endfacet
  facet normal 0 0 1
    outer loop
      vertex 5.08535 119.913 4
      vertex 5.26668 121.754 4
      vertex 5.18417 121.766 4
    endloop
  endfacet
  facet normal 0 0 1
    outer loop
      vertex 4.82326 119.952 4
      vertex 5.18417 121.766 4
      vertex 5.10326 121.787 4
    endloop
  endfacet
  facet normal 0 0 1
    outer loop
      vertex 5.26668 121.754 4
      vertex 5.08535 119.913 4
      vertex 5.35 119.9 4
    endloop
  endfacet
  facet normal 0 0 1
    outer loop
      vertex 4.56623 120.016 4
      vertex 5.10326 121.787 4
      vertex 5.02472 121.815 4
    endloop
  endfacet
  facet normal 0 0 1
    outer loop
      vertex 4.31675 120.106 4
      vertex 5.02472 121.815 4
      vertex 4.94931 121.85 4
    endloop
  endfacet
  facet normal 0 0 1
    outer loop
      vertex 4.07723 120.219 4
      vertex 4.94931 121.85 4
      vertex 4.87776 121.893 4
    endloop
  endfacet
  facet normal 0 0 1
    outer loop
      vertex 5.18417 121.766 4
      vertex 4.82326 119.952 4
      vertex 5.08535 119.913 4
    endloop
  endfacet
  facet normal 0 0 1
    outer loop
      vertex 3.84996 120.355 4
      vertex 4.87776 121.893 4
      vertex 4.81077 121.943 4
    endloop
  endfacet
  facet normal 0 0 1
    outer loop
      vertex 3.63714 120.513 4
      vertex 4.81077 121.943 4
      vertex 4.74896 121.999 4
    endloop
  endfacet
  facet normal 0 0 1
    outer loop
      vertex 3.44081 120.691 4
      vertex 4.74896 121.999 4
      vertex 4.69294 122.061 4
    endloop
  endfacet
  facet normal 0 0 1
    outer loop
      vertex 3.26287 120.887 4
      vertex 4.69294 122.061 4
      vertex 4.64325 122.128 4
    endloop
  endfacet
  facet normal 0 0 1
    outer loop
      vertex 3.10503 121.1 4
      vertex 4.64325 122.128 4
      vertex 4.60037 122.199 4
    endloop
  endfacet
  facet normal 0 0 1
    outer loop
      vertex 5.10326 121.787 4
      vertex 4.56623 120.016 4
      vertex 4.82326 119.952 4
    endloop
  endfacet
  facet normal 0 0 1
    outer loop
      vertex 2.96881 121.327 4
      vertex 4.60037 122.199 4
      vertex 4.5647 122.275 4
    endloop
  endfacet
  facet normal 0 0 1
    outer loop
      vertex 2.85553 121.567 4
      vertex 4.5647 122.275 4
      vertex 4.5366 122.353 4
    endloop
  endfacet
  facet normal 0 0 1
    outer loop
      vertex 2.76626 121.816 4
      vertex 4.5366 122.353 4
      vertex 4.51633 122.434 4
    endloop
  endfacet
  facet normal 0 0 1
    outer loop
      vertex 2.70188 122.073 4
      vertex 4.51633 122.434 4
      vertex 4.50409 122.517 4
    endloop
  endfacet
  facet normal 0 0 1
    outer loop
      vertex 2.663 122.335 4
      vertex 4.50409 122.517 4
      vertex 4.5 122.6 4
    endloop
  endfacet
  facet normal 0 0 1
    outer loop
      vertex 4.64325 123.072 4
      vertex 3.10503 124.1 4
      vertex 4.60037 123.001 4
    endloop
  endfacet
  facet normal 0 0 1
    outer loop
      vertex 5.02472 121.815 4
      vertex 4.31675 120.106 4
      vertex 4.56623 120.016 4
    endloop
  endfacet
  facet normal -0 0 1
    outer loop
      vertex 2.96881 123.873 4
      vertex 4.60037 123.001 4
      vertex 3.10503 124.1 4
    endloop
  endfacet
  facet normal 0 0 1
    outer loop
      vertex 4.94931 121.85 4
      vertex 4.07723 120.219 4
      vertex 4.31675 120.106 4
    endloop
  endfacet
  facet normal 0 0 1
    outer loop
      vertex 4.60037 123.001 4
      vertex 2.96881 123.873 4
      vertex 4.5647 122.925 4
    endloop
  endfacet
  facet normal 0 0 1
    outer loop
      vertex 4.87776 121.893 4
      vertex 3.84996 120.355 4
      vertex 4.07723 120.219 4
    endloop
  endfacet
  facet normal -0 0 1
    outer loop
      vertex 2.85553 123.633 4
      vertex 4.5647 122.925 4
      vertex 2.96881 123.873 4
    endloop
  endfacet
  facet normal 0 0 1
    outer loop
      vertex 4.81077 121.943 4
      vertex 3.63714 120.513 4
      vertex 3.84996 120.355 4
    endloop
  endfacet
  facet normal 0 0 1
    outer loop
      vertex 4.5647 122.925 4
      vertex 2.85553 123.633 4
      vertex 4.5366 122.847 4
    endloop
  endfacet
  facet normal 0 0 1
    outer loop
      vertex 4.74896 121.999 4
      vertex 3.44081 120.691 4
      vertex 3.63714 120.513 4
    endloop
  endfacet
  facet normal -0 0 1
    outer loop
      vertex 2.76626 123.384 4
      vertex 4.5366 122.847 4
      vertex 2.85553 123.633 4
    endloop
  endfacet
  facet normal 0 0 1
    outer loop
      vertex 4.69294 122.061 4
      vertex 3.26287 120.887 4
      vertex 3.44081 120.691 4
    endloop
  endfacet
  facet normal 0 0 1
    outer loop
      vertex 4.5366 122.847 4
      vertex 2.76626 123.384 4
      vertex 4.51633 122.766 4
    endloop
  endfacet
  facet normal 0 0 1
    outer loop
      vertex 4.64325 122.128 4
      vertex 3.10503 121.1 4
      vertex 3.26287 120.887 4
    endloop
  endfacet
  facet normal -0 0 1
    outer loop
      vertex 2.70188 123.127 4
      vertex 4.51633 122.766 4
      vertex 2.76626 123.384 4
    endloop
  endfacet
  facet normal 0 0 1
    outer loop
      vertex 4.60037 122.199 4
      vertex 2.96881 121.327 4
      vertex 3.10503 121.1 4
    endloop
  endfacet
  facet normal 0 0 1
    outer loop
      vertex 4.51633 122.766 4
      vertex 2.70188 123.127 4
      vertex 4.50409 122.683 4
    endloop
  endfacet
  facet normal 0 0 1
    outer loop
      vertex 4.5647 122.275 4
      vertex 2.85553 121.567 4
      vertex 2.96881 121.327 4
    endloop
  endfacet
  facet normal -0 0 1
    outer loop
      vertex 2.663 122.865 4
      vertex 4.50409 122.683 4
      vertex 2.70188 123.127 4
    endloop
  endfacet
  facet normal 0 0 1
    outer loop
      vertex 4.5366 122.353 4
      vertex 2.76626 121.816 4
      vertex 2.85553 121.567 4
    endloop
  endfacet
  facet normal 0 0 1
    outer loop
      vertex 4.50409 122.683 4
      vertex 2.663 122.865 4
      vertex 4.5 122.6 4
    endloop
  endfacet
  facet normal 0 0 1
    outer loop
      vertex 4.51633 122.434 4
      vertex 2.70188 122.073 4
      vertex 2.76626 121.816 4
    endloop
  endfacet
  facet normal 0 0 1
    outer loop
      vertex 2.65 122.6 4
      vertex 4.5 122.6 4
      vertex 2.663 122.865 4
    endloop
  endfacet
  facet normal 0 0 1
    outer loop
      vertex 4.50409 122.517 4
      vertex 2.663 122.335 4
      vertex 2.70188 122.073 4
    endloop
  endfacet
  facet normal 0 0 1
    outer loop
      vertex 4.5 122.6 4
      vertex 2.65 122.6 4
      vertex 2.663 122.335 4
    endloop
  endfacet
  facet normal -0.51349 0.858095 0
    outer loop
      vertex 4.07723 124.981 2
      vertex 3.84996 124.845 4
      vertex 4.07723 124.981 4
    endloop
  endfacet
  facet normal -0.51349 0.858095 0
    outer loop
      vertex 3.84996 124.845 4
      vertex 4.07723 124.981 2
      vertex 3.84996 124.845 2
    endloop
  endfacet
  facet normal -0.596093 0.802915 0
    outer loop
      vertex 3.84996 124.845 2
      vertex 3.63714 124.687 4
      vertex 3.84996 124.845 4
    endloop
  endfacet
  facet normal -0.596093 0.802915 0
    outer loop
      vertex 3.63714 124.687 4
      vertex 3.84996 124.845 2
      vertex 3.63714 124.687 2
    endloop
  endfacet
  facet normal -0.339344 0.940662 0
    outer loop
      vertex 4.56623 125.184 2
      vertex 4.31675 125.094 4
      vertex 4.56623 125.184 4
    endloop
  endfacet
  facet normal -0.339344 0.940662 0
    outer loop
      vertex 4.31675 125.094 4
      vertex 4.56623 125.184 2
      vertex 4.31675 125.094 2
    endloop
  endfacet
  facet normal -0.147183 0.989109 0
    outer loop
      vertex 5.08535 125.287 2
      vertex 4.82326 125.248 4
      vertex 5.08535 125.287 4
    endloop
  endfacet
  facet normal -0.147183 0.989109 0
    outer loop
      vertex 4.82326 125.248 4
      vertex 5.08535 125.287 2
      vertex 4.82326 125.248 2
    endloop
  endfacet
  facet normal 0.0490623 -0.998796 0
    outer loop
      vertex 5.35 119.9 2
      vertex 5.61465 119.913 4
      vertex 5.35 119.9 4
    endloop
  endfacet
  facet normal 0.0490623 -0.998796 0
    outer loop
      vertex 5.61465 119.913 4
      vertex 5.35 119.9 2
      vertex 5.61465 119.913 2
    endloop
  endfacet
  facet normal 0.339356 -0.940658 0
    outer loop
      vertex 6.13377 120.016 2
      vertex 6.38324 120.106 4
      vertex 6.13377 120.016 4
    endloop
  endfacet
  facet normal 0.339356 -0.940658 0
    outer loop
      vertex 6.38324 120.106 4
      vertex 6.13377 120.016 2
      vertex 6.38324 120.106 2
    endloop
  endfacet
  facet normal 0.671677 -0.740844 0
    outer loop
      vertex 7.06286 120.513 2
      vertex 7.25919 120.691 4
      vertex 7.06286 120.513 4
    endloop
  endfacet
  facet normal 0.671677 -0.740844 0
    outer loop
      vertex 7.25919 120.691 4
      vertex 7.06286 120.513 2
      vertex 7.25919 120.691 2
    endloop
  endfacet
  facet normal 0.51349 -0.858095 0
    outer loop
      vertex 6.62277 120.219 2
      vertex 6.85004 120.355 4
      vertex 6.62277 120.219 4
    endloop
  endfacet
  facet normal 0.51349 -0.858095 0
    outer loop
      vertex 6.85004 120.355 4
      vertex 6.62277 120.219 2
      vertex 6.85004 120.355 2
    endloop
  endfacet
  facet normal 0.803445 -0.595379 0
    outer loop
      vertex 7.43713 120.887 4
      vertex 7.59497 121.1 2
      vertex 7.59497 121.1 4
    endloop
  endfacet
  facet normal 0.803445 -0.595379 0
    outer loop
      vertex 7.59497 121.1 2
      vertex 7.43713 120.887 4
      vertex 7.43713 120.887 2
    endloop
  endfacet
  facet normal 0.904326 -0.426842 0
    outer loop
      vertex 7.73119 121.327 4
      vertex 7.84447 121.567 2
      vertex 7.84447 121.567 4
    endloop
  endfacet
  facet normal 0.904326 -0.426842 0
    outer loop
      vertex 7.84447 121.567 2
      vertex 7.73119 121.327 4
      vertex 7.73119 121.327 2
    endloop
  endfacet
  facet normal -0.671677 -0.740844 0
    outer loop
      vertex 3.44081 120.691 2
      vertex 3.63714 120.513 4
      vertex 3.44081 120.691 4
    endloop
  endfacet
  facet normal -0.671677 -0.740844 -0
    outer loop
      vertex 3.63714 120.513 4
      vertex 3.44081 120.691 2
      vertex 3.63714 120.513 2
    endloop
  endfacet
  facet normal -0.51349 -0.858095 0
    outer loop
      vertex 3.84996 120.355 2
      vertex 4.07723 120.219 4
      vertex 3.84996 120.355 4
    endloop
  endfacet
  facet normal -0.51349 -0.858095 -0
    outer loop
      vertex 4.07723 120.219 4
      vertex 3.84996 120.355 2
      vertex 4.07723 120.219 2
    endloop
  endfacet
  facet normal -0.339344 -0.940662 0
    outer loop
      vertex 4.31675 120.106 2
      vertex 4.56623 120.016 4
      vertex 4.31675 120.106 4
    endloop
  endfacet
  facet normal -0.339344 -0.940662 -0
    outer loop
      vertex 4.56623 120.016 4
      vertex 4.31675 120.106 2
      vertex 4.56623 120.016 2
    endloop
  endfacet
  facet normal -0.147183 -0.989109 0
    outer loop
      vertex 4.82326 119.952 2
      vertex 5.08535 119.913 4
      vertex 4.82326 119.952 4
    endloop
  endfacet
  facet normal -0.147183 -0.989109 -0
    outer loop
      vertex 5.08535 119.913 4
      vertex 4.82326 119.952 2
      vertex 5.08535 119.913 2
    endloop
  endfacet
  facet normal -0.904326 -0.426842 0
    outer loop
      vertex 2.96881 121.327 2
      vertex 2.85553 121.567 4
      vertex 2.85553 121.567 2
    endloop
  endfacet
  facet normal -0.904326 -0.426842 0
    outer loop
      vertex 2.85553 121.567 4
      vertex 2.96881 121.327 2
      vertex 2.96881 121.327 4
    endloop
  endfacet
  facet normal -0.803445 -0.595379 0
    outer loop
      vertex 3.26287 120.887 2
      vertex 3.10503 121.1 4
      vertex 3.10503 121.1 2
    endloop
  endfacet
  facet normal -0.803445 -0.595379 0
    outer loop
      vertex 3.10503 121.1 4
      vertex 3.26287 120.887 2
      vertex 3.26287 120.887 4
    endloop
  endfacet
  facet normal -0.970027 -0.242997 0
    outer loop
      vertex 2.76626 121.816 2
      vertex 2.70188 122.073 4
      vertex 2.70188 122.073 2
    endloop
  endfacet
  facet normal -0.970027 -0.242997 0
    outer loop
      vertex 2.70188 122.073 4
      vertex 2.76626 121.816 2
      vertex 2.76626 121.816 4
    endloop
  endfacet
  facet normal -0.998799 -0.0489977 0
    outer loop
      vertex 2.663 122.335 2
      vertex 2.65 122.6 4
      vertex 2.65 122.6 2
    endloop
  endfacet
  facet normal -0.998799 -0.0489977 0
    outer loop
      vertex 2.65 122.6 4
      vertex 2.663 122.335 2
      vertex 2.663 122.335 4
    endloop
  endfacet
  facet normal 0.147183 -0.989109 0
    outer loop
      vertex 5.61465 119.913 2
      vertex 5.87674 119.952 4
      vertex 5.61465 119.913 4
    endloop
  endfacet
  facet normal 0.147183 -0.989109 0
    outer loop
      vertex 5.87674 119.952 4
      vertex 5.61465 119.913 2
      vertex 5.87674 119.952 2
    endloop
  endfacet
  facet normal 0.426662 -0.904411 0
    outer loop
      vertex 6.38324 120.106 2
      vertex 6.62277 120.219 4
      vertex 6.38324 120.106 4
    endloop
  endfacet
  facet normal 0.426662 -0.904411 0
    outer loop
      vertex 6.62277 120.219 4
      vertex 6.38324 120.106 2
      vertex 6.62277 120.219 2
    endloop
  endfacet
  facet normal 0.740395 -0.672173 0
    outer loop
      vertex 7.25919 120.691 4
      vertex 7.43713 120.887 2
      vertex 7.43713 120.887 4
    endloop
  endfacet
  facet normal 0.740395 -0.672173 0
    outer loop
      vertex 7.43713 120.887 2
      vertex 7.25919 120.691 4
      vertex 7.25919 120.691 2
    endloop
  endfacet
  facet normal 0.596093 -0.802915 0
    outer loop
      vertex 6.85004 120.355 2
      vertex 7.06286 120.513 4
      vertex 6.85004 120.355 4
    endloop
  endfacet
  facet normal 0.596093 -0.802915 0
    outer loop
      vertex 7.06286 120.513 4
      vertex 6.85004 120.355 2
      vertex 7.06286 120.513 2
    endloop
  endfacet
  facet normal 0.85746 -0.514551 0
    outer loop
      vertex 7.59497 121.1 4
      vertex 7.73119 121.327 2
      vertex 7.73119 121.327 4
    endloop
  endfacet
  facet normal 0.85746 -0.514551 0
    outer loop
      vertex 7.73119 121.327 2
      vertex 7.59497 121.1 4
      vertex 7.59497 121.1 2
    endloop
  endfacet
  facet normal 0.989168 -0.146789 0
    outer loop
      vertex 7.99812 122.073 4
      vertex 8.037 122.335 2
      vertex 8.037 122.335 4
    endloop
  endfacet
  facet normal 0.989168 -0.146789 0
    outer loop
      vertex 8.037 122.335 2
      vertex 7.99812 122.073 4
      vertex 7.99812 122.073 2
    endloop
  endfacet
  facet normal 0.998799 -0.0489977 0
    outer loop
      vertex 8.037 122.335 4
      vertex 8.05 122.6 2
      vertex 8.05 122.6 4
    endloop
  endfacet
  facet normal 0.998799 -0.0489977 0
    outer loop
      vertex 8.05 122.6 2
      vertex 8.037 122.335 4
      vertex 8.037 122.335 2
    endloop
  endfacet
  facet normal -0.596093 -0.802915 0
    outer loop
      vertex 3.63714 120.513 2
      vertex 3.84996 120.355 4
      vertex 3.63714 120.513 4
    endloop
  endfacet
  facet normal -0.596093 -0.802915 -0
    outer loop
      vertex 3.84996 120.355 4
      vertex 3.63714 120.513 2
      vertex 3.84996 120.355 2
    endloop
  endfacet
  facet normal -0.426677 -0.904404 0
    outer loop
      vertex 4.07723 120.219 2
      vertex 4.31675 120.106 4
      vertex 4.07723 120.219 4
    endloop
  endfacet
  facet normal -0.426677 -0.904404 -0
    outer loop
      vertex 4.31675 120.106 4
      vertex 4.07723 120.219 2
      vertex 4.31675 120.106 2
    endloop
  endfacet
  facet normal -0.241621 -0.970371 0
    outer loop
      vertex 4.56623 120.016 2
      vertex 4.82326 119.952 4
      vertex 4.56623 120.016 4
    endloop
  endfacet
  facet normal -0.241621 -0.970371 -0
    outer loop
      vertex 4.82326 119.952 4
      vertex 4.56623 120.016 2
      vertex 4.82326 119.952 2
    endloop
  endfacet
  facet normal -0.85746 -0.514551 0
    outer loop
      vertex 3.10503 121.1 2
      vertex 2.96881 121.327 4
      vertex 2.96881 121.327 2
    endloop
  endfacet
  facet normal -0.85746 -0.514551 0
    outer loop
      vertex 2.96881 121.327 4
      vertex 3.10503 121.1 2
      vertex 3.10503 121.1 4
    endloop
  endfacet
  facet normal -0.989168 -0.146789 0
    outer loop
      vertex 2.70188 122.073 2
      vertex 2.663 122.335 4
      vertex 2.663 122.335 2
    endloop
  endfacet
  facet normal -0.989168 -0.146789 0
    outer loop
      vertex 2.663 122.335 4
      vertex 2.70188 122.073 2
      vertex 2.70188 122.073 4
    endloop
  endfacet
  facet normal 0.241621 -0.970371 0
    outer loop
      vertex 5.87674 119.952 2
      vertex 6.13377 120.016 4
      vertex 5.87674 119.952 4
    endloop
  endfacet
  facet normal 0.241621 -0.970371 0
    outer loop
      vertex 6.13377 120.016 4
      vertex 5.87674 119.952 2
      vertex 6.13377 120.016 2
    endloop
  endfacet
  facet normal 0.998799 0.0489977 0
    outer loop
      vertex 38.05 122.6 4
      vertex 38.037 122.865 2
      vertex 38.037 122.865 4
    endloop
  endfacet
  facet normal 0.998799 0.0489977 0
    outer loop
      vertex 38.037 122.865 2
      vertex 38.05 122.6 4
      vertex 38.05 122.6 2
    endloop
  endfacet
  facet normal -0.998799 0.0489977 0
    outer loop
      vertex 32.65 122.6 2
      vertex 32.663 122.865 4
      vertex 32.663 122.865 2
    endloop
  endfacet
  facet normal -0.998799 0.0489977 0
    outer loop
      vertex 32.663 122.865 4
      vertex 32.65 122.6 2
      vertex 32.65 122.6 4
    endloop
  endfacet
  facet normal -0.0490716 0.998795 0
    outer loop
      vertex 35.35 125.3 2
      vertex 35.0854 125.287 4
      vertex 35.35 125.3 4
    endloop
  endfacet
  facet normal -0.0490716 0.998795 0
    outer loop
      vertex 35.0854 125.287 4
      vertex 35.35 125.3 2
      vertex 35.0854 125.287 2
    endloop
  endfacet
  facet normal -0.0490716 -0.998795 0
    outer loop
      vertex 35.0854 119.913 2
      vertex 35.35 119.9 4
      vertex 35.0854 119.913 4
    endloop
  endfacet
  facet normal -0.0490716 -0.998795 -0
    outer loop
      vertex 35.35 119.9 4
      vertex 35.0854 119.913 2
      vertex 35.35 119.9 2
    endloop
  endfacet
  facet normal 0.671733 0.740793 -0
    outer loop
      vertex 37.2592 124.509 2
      vertex 37.0629 124.687 4
      vertex 37.2592 124.509 4
    endloop
  endfacet
  facet normal 0.671733 0.740793 0
    outer loop
      vertex 37.0629 124.687 4
      vertex 37.2592 124.509 2
      vertex 37.0629 124.687 2
    endloop
  endfacet
  facet normal -0.671733 0.740793 0
    outer loop
      vertex 33.6371 124.687 2
      vertex 33.4408 124.509 4
      vertex 33.6371 124.687 4
    endloop
  endfacet
  facet normal -0.671733 0.740793 0
    outer loop
      vertex 33.4408 124.509 4
      vertex 33.6371 124.687 2
      vertex 33.4408 124.509 2
    endloop
  endfacet
  facet normal -0.42656 0.904459 0
    outer loop
      vertex 34.3168 125.094 2
      vertex 34.0772 124.981 4
      vertex 34.3168 125.094 4
    endloop
  endfacet
  facet normal -0.42656 0.904459 0
    outer loop
      vertex 34.0772 124.981 4
      vertex 34.3168 125.094 2
      vertex 34.0772 124.981 2
    endloop
  endfacet
  facet normal -0.970009 -0.243068 0
    outer loop
      vertex 32.7663 121.816 2
      vertex 32.7019 122.073 4
      vertex 32.7019 122.073 2
    endloop
  endfacet
  facet normal -0.970009 -0.243068 0
    outer loop
      vertex 32.7019 122.073 4
      vertex 32.7663 121.816 2
      vertex 32.7663 121.816 4
    endloop
  endfacet
  facet normal 0.904297 0.426904 0
    outer loop
      vertex 37.8445 123.633 4
      vertex 37.7312 123.873 2
      vertex 37.7312 123.873 4
    endloop
  endfacet
  facet normal 0.904297 0.426904 0
    outer loop
      vertex 37.7312 123.873 2
      vertex 37.8445 123.633 4
      vertex 37.8445 123.633 2
    endloop
  endfacet
  facet normal 0.339441 0.940628 -0
    outer loop
      vertex 36.3832 125.094 2
      vertex 36.1338 125.184 4
      vertex 36.3832 125.094 4
    endloop
  endfacet
  facet normal 0.339441 0.940628 0
    outer loop
      vertex 36.1338 125.184 4
      vertex 36.3832 125.094 2
      vertex 36.1338 125.184 2
    endloop
  endfacet
  facet normal -0.857493 0.514496 0
    outer loop
      vertex 32.9688 123.873 2
      vertex 33.105 124.1 4
      vertex 33.105 124.1 2
    endloop
  endfacet
  facet normal -0.857493 0.514496 0
    outer loop
      vertex 33.105 124.1 4
      vertex 32.9688 123.873 2
      vertex 32.9688 123.873 4
    endloop
  endfacet
  facet normal -0.803337 0.595525 0
    outer loop
      vertex 33.105 124.1 2
      vertex 33.2629 124.313 4
      vertex 33.2629 124.313 2
    endloop
  endfacet
  facet normal -0.803337 0.595525 0
    outer loop
      vertex 33.2629 124.313 4
      vertex 33.105 124.1 2
      vertex 33.105 124.1 4
    endloop
  endfacet
  facet normal -0.595949 0.803022 0
    outer loop
      vertex 33.85 124.845 2
      vertex 33.6371 124.687 4
      vertex 33.85 124.845 4
    endloop
  endfacet
  facet normal -0.595949 0.803022 0
    outer loop
      vertex 33.6371 124.687 4
      vertex 33.85 124.845 2
      vertex 33.6371 124.687 2
    endloop
  endfacet
  facet normal -0.241559 0.970386 0
    outer loop
      vertex 34.8233 125.248 2
      vertex 34.5662 125.184 4
      vertex 34.8233 125.248 4
    endloop
  endfacet
  facet normal -0.241559 0.970386 0
    outer loop
      vertex 34.5662 125.184 4
      vertex 34.8233 125.248 2
      vertex 34.5662 125.184 2
    endloop
  endfacet
  facet normal 0.904297 -0.426904 0
    outer loop
      vertex 37.7312 121.327 4
      vertex 37.8445 121.567 2
      vertex 37.8445 121.567 4
    endloop
  endfacet
  facet normal 0.904297 -0.426904 0
    outer loop
      vertex 37.8445 121.567 2
      vertex 37.7312 121.327 4
      vertex 37.7312 121.327 2
    endloop
  endfacet
  facet normal 0.339441 -0.940628 0
    outer loop
      vertex 36.1338 120.016 2
      vertex 36.3832 120.106 4
      vertex 36.1338 120.016 4
    endloop
  endfacet
  facet normal 0.339441 -0.940628 0
    outer loop
      vertex 36.3832 120.106 4
      vertex 36.1338 120.016 2
      vertex 36.3832 120.106 2
    endloop
  endfacet
  facet normal 0.74047 -0.67209 0
    outer loop
      vertex 37.2592 120.691 4
      vertex 37.4371 120.887 2
      vertex 37.4371 120.887 4
    endloop
  endfacet
  facet normal 0.74047 -0.67209 0
    outer loop
      vertex 37.4371 120.887 2
      vertex 37.2592 120.691 4
      vertex 37.2592 120.691 2
    endloop
  endfacet
  facet normal 0.970009 -0.243068 0
    outer loop
      vertex 37.9337 121.816 4
      vertex 37.9981 122.073 2
      vertex 37.9981 122.073 4
    endloop
  endfacet
  facet normal 0.970009 -0.243068 0
    outer loop
      vertex 37.9981 122.073 2
      vertex 37.9337 121.816 4
      vertex 37.9337 121.816 2
    endloop
  endfacet
  facet normal -0.339441 -0.940628 0
    outer loop
      vertex 34.3168 120.106 2
      vertex 34.5662 120.016 4
      vertex 34.3168 120.106 4
    endloop
  endfacet
  facet normal -0.339441 -0.940628 -0
    outer loop
      vertex 34.5662 120.016 4
      vertex 34.3168 120.106 2
      vertex 34.5662 120.016 2
    endloop
  endfacet
  facet normal -0.74047 -0.67209 0
    outer loop
      vertex 33.4408 120.691 2
      vertex 33.2629 120.887 4
      vertex 33.2629 120.887 2
    endloop
  endfacet
  facet normal -0.74047 -0.67209 0
    outer loop
      vertex 33.2629 120.887 4
      vertex 33.4408 120.691 2
      vertex 33.4408 120.691 4
    endloop
  endfacet
  facet normal -0.803337 -0.595525 0
    outer loop
      vertex 33.2629 120.887 2
      vertex 33.105 121.1 4
      vertex 33.105 121.1 2
    endloop
  endfacet
  facet normal -0.803337 -0.595525 0
    outer loop
      vertex 33.105 121.1 4
      vertex 33.2629 120.887 2
      vertex 33.2629 120.887 4
    endloop
  endfacet
  facet normal 0.970009 0.243068 0
    outer loop
      vertex 37.9981 123.127 4
      vertex 37.9337 123.384 2
      vertex 37.9337 123.384 4
    endloop
  endfacet
  facet normal 0.970009 0.243068 0
    outer loop
      vertex 37.9337 123.384 2
      vertex 37.9981 123.127 4
      vertex 37.9981 123.127 2
    endloop
  endfacet
  facet normal 0.989157 0.146863 0
    outer loop
      vertex 38.037 122.865 4
      vertex 37.9981 123.127 2
      vertex 37.9981 123.127 4
    endloop
  endfacet
  facet normal 0.989157 0.146863 0
    outer loop
      vertex 37.9981 123.127 2
      vertex 38.037 122.865 4
      vertex 38.037 122.865 2
    endloop
  endfacet
  facet normal 0.941416 0.337246 0
    outer loop
      vertex 37.9337 123.384 4
      vertex 37.8445 123.633 2
      vertex 37.8445 123.633 4
    endloop
  endfacet
  facet normal 0.941416 0.337246 0
    outer loop
      vertex 37.8445 123.633 2
      vertex 37.9337 123.384 4
      vertex 37.9337 123.384 2
    endloop
  endfacet
  facet normal 0.803337 0.595525 0
    outer loop
      vertex 37.595 124.1 4
      vertex 37.4371 124.313 2
      vertex 37.4371 124.313 4
    endloop
  endfacet
  facet normal 0.803337 0.595525 0
    outer loop
      vertex 37.4371 124.313 2
      vertex 37.595 124.1 4
      vertex 37.595 124.1 2
    endloop
  endfacet
  facet normal 0.857493 0.514496 0
    outer loop
      vertex 37.7312 123.873 4
      vertex 37.595 124.1 2
      vertex 37.595 124.1 4
    endloop
  endfacet
  facet normal 0.857493 0.514496 0
    outer loop
      vertex 37.595 124.1 2
      vertex 37.7312 123.873 4
      vertex 37.7312 123.873 2
    endloop
  endfacet
  facet normal 0.147178 0.98911 -0
    outer loop
      vertex 35.8767 125.248 2
      vertex 35.6146 125.287 4
      vertex 35.8767 125.248 4
    endloop
  endfacet
  facet normal 0.147178 0.98911 0
    outer loop
      vertex 35.6146 125.287 4
      vertex 35.8767 125.248 2
      vertex 35.6146 125.287 2
    endloop
  endfacet
  facet normal 0.0490716 0.998795 -0
    outer loop
      vertex 35.6146 125.287 2
      vertex 35.35 125.3 4
      vertex 35.6146 125.287 4
    endloop
  endfacet
  facet normal 0.0490716 0.998795 0
    outer loop
      vertex 35.35 125.3 4
      vertex 35.6146 125.287 2
      vertex 35.35 125.3 2
    endloop
  endfacet
  facet normal 0.513607 0.858026 -0
    outer loop
      vertex 36.85 124.845 2
      vertex 36.6228 124.981 4
      vertex 36.85 124.845 4
    endloop
  endfacet
  facet normal 0.513607 0.858026 0
    outer loop
      vertex 36.6228 124.981 4
      vertex 36.85 124.845 2
      vertex 36.6228 124.981 2
    endloop
  endfacet
  facet normal 0.595949 0.803022 -0
    outer loop
      vertex 37.0629 124.687 2
      vertex 36.85 124.845 4
      vertex 37.0629 124.687 4
    endloop
  endfacet
  facet normal 0.595949 0.803022 0
    outer loop
      vertex 36.85 124.845 4
      vertex 37.0629 124.687 2
      vertex 36.85 124.845 2
    endloop
  endfacet
  facet normal -0.970009 0.243068 0
    outer loop
      vertex 32.7019 123.127 2
      vertex 32.7663 123.384 4
      vertex 32.7663 123.384 2
    endloop
  endfacet
  facet normal -0.970009 0.243068 0
    outer loop
      vertex 32.7663 123.384 4
      vertex 32.7019 123.127 2
      vertex 32.7019 123.127 4
    endloop
  endfacet
  facet normal -0.904297 0.426904 0
    outer loop
      vertex 32.8555 123.633 2
      vertex 32.9688 123.873 4
      vertex 32.9688 123.873 2
    endloop
  endfacet
  facet normal -0.904297 0.426904 0
    outer loop
      vertex 32.9688 123.873 4
      vertex 32.8555 123.633 2
      vertex 32.8555 123.633 4
    endloop
  endfacet
  facet normal -0.989157 0.146863 0
    outer loop
      vertex 32.663 122.865 2
      vertex 32.7019 123.127 4
      vertex 32.7019 123.127 2
    endloop
  endfacet
  facet normal -0.989157 0.146863 0
    outer loop
      vertex 32.7019 123.127 4
      vertex 32.663 122.865 2
      vertex 32.663 122.865 4
    endloop
  endfacet
  facet normal 0 0 1
    outer loop
      vertex 36.2 122.6 4
      vertex 38.05 122.6 4
      vertex 38.037 122.865 4
    endloop
  endfacet
  facet normal 0 0 1
    outer loop
      vertex 36.1959 122.683 4
      vertex 38.037 122.865 4
      vertex 37.9981 123.127 4
    endloop
  endfacet
  facet normal 0 0 1
    outer loop
      vertex 38.05 122.6 4
      vertex 36.2 122.6 4
      vertex 38.037 122.335 4
    endloop
  endfacet
  facet normal 0 0 1
    outer loop
      vertex 36.1837 122.766 4
      vertex 37.9981 123.127 4
      vertex 37.9337 123.384 4
    endloop
  endfacet
  facet normal -0 0 1
    outer loop
      vertex 36.1959 122.517 4
      vertex 38.037 122.335 4
      vertex 36.2 122.6 4
    endloop
  endfacet
  facet normal 0 0 1
    outer loop
      vertex 36.1634 122.847 4
      vertex 37.9337 123.384 4
      vertex 37.8445 123.633 4
    endloop
  endfacet
  facet normal 0 0 1
    outer loop
      vertex 38.037 122.335 4
      vertex 36.1959 122.517 4
      vertex 37.9981 122.073 4
    endloop
  endfacet
  facet normal 0 0 1
    outer loop
      vertex 36.1353 122.925 4
      vertex 37.8445 123.633 4
      vertex 37.7312 123.873 4
    endloop
  endfacet
  facet normal -0 0 1
    outer loop
      vertex 36.1837 122.434 4
      vertex 37.9981 122.073 4
      vertex 36.1959 122.517 4
    endloop
  endfacet
  facet normal 0 0 1
    outer loop
      vertex 36.0996 123.001 4
      vertex 37.7312 123.873 4
      vertex 37.595 124.1 4
    endloop
  endfacet
  facet normal 0 0 1
    outer loop
      vertex 37.9981 122.073 4
      vertex 36.1837 122.434 4
      vertex 37.9337 121.816 4
    endloop
  endfacet
  facet normal 0 0 1
    outer loop
      vertex 36.0567 123.072 4
      vertex 37.595 124.1 4
      vertex 37.4371 124.313 4
    endloop
  endfacet
  facet normal -0 0 1
    outer loop
      vertex 36.1634 122.353 4
      vertex 37.9337 121.816 4
      vertex 36.1837 122.434 4
    endloop
  endfacet
  facet normal 0 0 1
    outer loop
      vertex 36.0071 123.139 4
      vertex 37.4371 124.313 4
      vertex 37.2592 124.509 4
    endloop
  endfacet
  facet normal 0 0 1
    outer loop
      vertex 37.9337 121.816 4
      vertex 36.1634 122.353 4
      vertex 37.8445 121.567 4
    endloop
  endfacet
  facet normal 0 0 1
    outer loop
      vertex 35.951 123.201 4
      vertex 37.2592 124.509 4
      vertex 37.0629 124.687 4
    endloop
  endfacet
  facet normal -0 0 1
    outer loop
      vertex 36.1353 122.275 4
      vertex 37.8445 121.567 4
      vertex 36.1634 122.353 4
    endloop
  endfacet
  facet normal 0 0 1
    outer loop
      vertex 35.8892 123.257 4
      vertex 37.0629 124.687 4
      vertex 36.85 124.845 4
    endloop
  endfacet
  facet normal 0 0 1
    outer loop
      vertex 37.8445 121.567 4
      vertex 36.1353 122.275 4
      vertex 37.7312 121.327 4
    endloop
  endfacet
  facet normal 0 0 1
    outer loop
      vertex 35.8222 123.307 4
      vertex 36.85 124.845 4
      vertex 36.6228 124.981 4
    endloop
  endfacet
  facet normal -0 0 1
    outer loop
      vertex 36.0996 122.199 4
      vertex 37.7312 121.327 4
      vertex 36.1353 122.275 4
    endloop
  endfacet
  facet normal 0 0 1
    outer loop
      vertex 35.7507 123.35 4
      vertex 36.6228 124.981 4
      vertex 36.3832 125.094 4
    endloop
  endfacet
  facet normal 0 0 1
    outer loop
      vertex 37.7312 121.327 4
      vertex 36.0996 122.199 4
      vertex 37.595 121.1 4
    endloop
  endfacet
  facet normal -0 0 1
    outer loop
      vertex 36.0567 122.128 4
      vertex 37.595 121.1 4
      vertex 36.0996 122.199 4
    endloop
  endfacet
  facet normal 0 0 1
    outer loop
      vertex 38.037 122.865 4
      vertex 36.1959 122.683 4
      vertex 36.2 122.6 4
    endloop
  endfacet
  facet normal 0 0 1
    outer loop
      vertex 37.9981 123.127 4
      vertex 36.1837 122.766 4
      vertex 36.1959 122.683 4
    endloop
  endfacet
  facet normal 0 0 1
    outer loop
      vertex 37.9337 123.384 4
      vertex 36.1634 122.847 4
      vertex 36.1837 122.766 4
    endloop
  endfacet
  facet normal 0 0 1
    outer loop
      vertex 37.8445 123.633 4
      vertex 36.1353 122.925 4
      vertex 36.1634 122.847 4
    endloop
  endfacet
  facet normal 0 0 1
    outer loop
      vertex 35.6753 123.385 4
      vertex 36.3832 125.094 4
      vertex 36.1338 125.184 4
    endloop
  endfacet
  facet normal 0 0 1
    outer loop
      vertex 37.7312 123.873 4
      vertex 36.0996 123.001 4
      vertex 36.1353 122.925 4
    endloop
  endfacet
  facet normal 0 0 1
    outer loop
      vertex 37.595 124.1 4
      vertex 36.0567 123.072 4
      vertex 36.0996 123.001 4
    endloop
  endfacet
  facet normal 0 0 1
    outer loop
      vertex 37.4371 124.313 4
      vertex 36.0071 123.139 4
      vertex 36.0567 123.072 4
    endloop
  endfacet
  facet normal 0 0 1
    outer loop
      vertex 37.2592 124.509 4
      vertex 35.951 123.201 4
      vertex 36.0071 123.139 4
    endloop
  endfacet
  facet normal 0 0 1
    outer loop
      vertex 37.0629 124.687 4
      vertex 35.8892 123.257 4
      vertex 35.951 123.201 4
    endloop
  endfacet
  facet normal 0 0 1
    outer loop
      vertex 35.5967 123.413 4
      vertex 36.1338 125.184 4
      vertex 35.8767 125.248 4
    endloop
  endfacet
  facet normal 0 0 1
    outer loop
      vertex 36.85 124.845 4
      vertex 35.8222 123.307 4
      vertex 35.8892 123.257 4
    endloop
  endfacet
  facet normal 0 0 1
    outer loop
      vertex 36.6228 124.981 4
      vertex 35.7507 123.35 4
      vertex 35.8222 123.307 4
    endloop
  endfacet
  facet normal 0 0 1
    outer loop
      vertex 36.3832 125.094 4
      vertex 35.6753 123.385 4
      vertex 35.7507 123.35 4
    endloop
  endfacet
  facet normal 0 0 1
    outer loop
      vertex 35.5158 123.434 4
      vertex 35.8767 125.248 4
      vertex 35.6146 125.287 4
    endloop
  endfacet
  facet normal 0 0 1
    outer loop
      vertex 36.1338 125.184 4
      vertex 35.5967 123.413 4
      vertex 35.6753 123.385 4
    endloop
  endfacet
  facet normal 0 0 1
    outer loop
      vertex 35.8767 125.248 4
      vertex 35.5158 123.434 4
      vertex 35.5967 123.413 4
    endloop
  endfacet
  facet normal 0 0 1
    outer loop
      vertex 35.6146 125.287 4
      vertex 35.4333 123.446 4
      vertex 35.5158 123.434 4
    endloop
  endfacet
  facet normal 0 0 1
    outer loop
      vertex 35.35 125.3 4
      vertex 35.4333 123.446 4
      vertex 35.6146 125.287 4
    endloop
  endfacet
  facet normal 0 0 1
    outer loop
      vertex 35.35 125.3 4
      vertex 35.35 123.45 4
      vertex 35.4333 123.446 4
    endloop
  endfacet
  facet normal 0 0 1
    outer loop
      vertex 35.35 125.3 4
      vertex 35.2667 123.446 4
      vertex 35.35 123.45 4
    endloop
  endfacet
  facet normal -0 0 1
    outer loop
      vertex 35.0854 125.287 4
      vertex 35.2667 123.446 4
      vertex 35.35 125.3 4
    endloop
  endfacet
  facet normal 0 0 1
    outer loop
      vertex 35.2667 123.446 4
      vertex 35.0854 125.287 4
      vertex 35.1842 123.434 4
    endloop
  endfacet
  facet normal -0 0 1
    outer loop
      vertex 34.8233 125.248 4
      vertex 35.1842 123.434 4
      vertex 35.0854 125.287 4
    endloop
  endfacet
  facet normal 0 0 1
    outer loop
      vertex 35.1842 123.434 4
      vertex 34.8233 125.248 4
      vertex 35.1033 123.413 4
    endloop
  endfacet
  facet normal -0 0 1
    outer loop
      vertex 34.5662 125.184 4
      vertex 35.1033 123.413 4
      vertex 34.8233 125.248 4
    endloop
  endfacet
  facet normal 0 0 1
    outer loop
      vertex 35.1033 123.413 4
      vertex 34.5662 125.184 4
      vertex 35.0247 123.385 4
    endloop
  endfacet
  facet normal -0 0 1
    outer loop
      vertex 34.3168 125.094 4
      vertex 35.0247 123.385 4
      vertex 34.5662 125.184 4
    endloop
  endfacet
  facet normal 0 0 1
    outer loop
      vertex 35.0247 123.385 4
      vertex 34.3168 125.094 4
      vertex 34.9493 123.35 4
    endloop
  endfacet
  facet normal -0 0 1
    outer loop
      vertex 34.0772 124.981 4
      vertex 34.9493 123.35 4
      vertex 34.3168 125.094 4
    endloop
  endfacet
  facet normal 0 0 1
    outer loop
      vertex 34.9493 123.35 4
      vertex 34.0772 124.981 4
      vertex 34.8778 123.307 4
    endloop
  endfacet
  facet normal -0 0 1
    outer loop
      vertex 33.85 124.845 4
      vertex 34.8778 123.307 4
      vertex 34.0772 124.981 4
    endloop
  endfacet
  facet normal 0 0 1
    outer loop
      vertex 34.8778 123.307 4
      vertex 33.85 124.845 4
      vertex 34.8108 123.257 4
    endloop
  endfacet
  facet normal -0 0 1
    outer loop
      vertex 33.6371 124.687 4
      vertex 34.8108 123.257 4
      vertex 33.85 124.845 4
    endloop
  endfacet
  facet normal 0 0 1
    outer loop
      vertex 34.8108 123.257 4
      vertex 33.6371 124.687 4
      vertex 34.749 123.201 4
    endloop
  endfacet
  facet normal -0 0 1
    outer loop
      vertex 33.4408 124.509 4
      vertex 34.749 123.201 4
      vertex 33.6371 124.687 4
    endloop
  endfacet
  facet normal 0 0 1
    outer loop
      vertex 34.749 123.201 4
      vertex 33.4408 124.509 4
      vertex 34.6929 123.139 4
    endloop
  endfacet
  facet normal -0 0 1
    outer loop
      vertex 33.2629 124.313 4
      vertex 34.6929 123.139 4
      vertex 33.4408 124.509 4
    endloop
  endfacet
  facet normal 0 0 1
    outer loop
      vertex 34.6929 123.139 4
      vertex 33.2629 124.313 4
      vertex 34.6432 123.072 4
    endloop
  endfacet
  facet normal -0 0 1
    outer loop
      vertex 33.105 124.1 4
      vertex 34.6432 123.072 4
      vertex 33.2629 124.313 4
    endloop
  endfacet
  facet normal 0 0 1
    outer loop
      vertex 37.595 121.1 4
      vertex 36.0567 122.128 4
      vertex 37.4371 120.887 4
    endloop
  endfacet
  facet normal -0 0 1
    outer loop
      vertex 36.0071 122.061 4
      vertex 37.4371 120.887 4
      vertex 36.0567 122.128 4
    endloop
  endfacet
  facet normal 0 0 1
    outer loop
      vertex 37.4371 120.887 4
      vertex 36.0071 122.061 4
      vertex 37.2592 120.691 4
    endloop
  endfacet
  facet normal -0 0 1
    outer loop
      vertex 35.951 121.999 4
      vertex 37.2592 120.691 4
      vertex 36.0071 122.061 4
    endloop
  endfacet
  facet normal 0 0 1
    outer loop
      vertex 37.2592 120.691 4
      vertex 35.951 121.999 4
      vertex 37.0629 120.513 4
    endloop
  endfacet
  facet normal -0 0 1
    outer loop
      vertex 35.8892 121.943 4
      vertex 37.0629 120.513 4
      vertex 35.951 121.999 4
    endloop
  endfacet
  facet normal 0 0 1
    outer loop
      vertex 37.0629 120.513 4
      vertex 35.8892 121.943 4
      vertex 36.85 120.355 4
    endloop
  endfacet
  facet normal -0 0 1
    outer loop
      vertex 35.8222 121.893 4
      vertex 36.85 120.355 4
      vertex 35.8892 121.943 4
    endloop
  endfacet
  facet normal 0 0 1
    outer loop
      vertex 36.85 120.355 4
      vertex 35.8222 121.893 4
      vertex 36.6228 120.219 4
    endloop
  endfacet
  facet normal -0 0 1
    outer loop
      vertex 35.7507 121.85 4
      vertex 36.6228 120.219 4
      vertex 35.8222 121.893 4
    endloop
  endfacet
  facet normal 0 0 1
    outer loop
      vertex 36.6228 120.219 4
      vertex 35.7507 121.85 4
      vertex 36.3832 120.106 4
    endloop
  endfacet
  facet normal -0 0 1
    outer loop
      vertex 35.6753 121.815 4
      vertex 36.3832 120.106 4
      vertex 35.7507 121.85 4
    endloop
  endfacet
  facet normal 0 0 1
    outer loop
      vertex 36.3832 120.106 4
      vertex 35.6753 121.815 4
      vertex 36.1338 120.016 4
    endloop
  endfacet
  facet normal -0 0 1
    outer loop
      vertex 35.5967 121.787 4
      vertex 36.1338 120.016 4
      vertex 35.6753 121.815 4
    endloop
  endfacet
  facet normal 0 0 1
    outer loop
      vertex 36.1338 120.016 4
      vertex 35.5967 121.787 4
      vertex 35.8767 119.952 4
    endloop
  endfacet
  facet normal -0 0 1
    outer loop
      vertex 35.5158 121.766 4
      vertex 35.8767 119.952 4
      vertex 35.5967 121.787 4
    endloop
  endfacet
  facet normal 0 0 1
    outer loop
      vertex 35.8767 119.952 4
      vertex 35.5158 121.766 4
      vertex 35.6146 119.913 4
    endloop
  endfacet
  facet normal -0 0 1
    outer loop
      vertex 35.4333 121.754 4
      vertex 35.6146 119.913 4
      vertex 35.5158 121.766 4
    endloop
  endfacet
  facet normal -0 0 1
    outer loop
      vertex 35.35 121.75 4
      vertex 35.6146 119.913 4
      vertex 35.4333 121.754 4
    endloop
  endfacet
  facet normal 0 0 1
    outer loop
      vertex 35.35 121.75 4
      vertex 35.35 119.9 4
      vertex 35.6146 119.913 4
    endloop
  endfacet
  facet normal 0 0 1
    outer loop
      vertex 35.2667 121.754 4
      vertex 35.35 119.9 4
      vertex 35.35 121.75 4
    endloop
  endfacet
  facet normal 0 0 1
    outer loop
      vertex 35.0854 119.913 4
      vertex 35.2667 121.754 4
      vertex 35.1842 121.766 4
    endloop
  endfacet
  facet normal 0 0 1
    outer loop
      vertex 34.8233 119.952 4
      vertex 35.1842 121.766 4
      vertex 35.1033 121.787 4
    endloop
  endfacet
  facet normal 0 0 1
    outer loop
      vertex 35.2667 121.754 4
      vertex 35.0854 119.913 4
      vertex 35.35 119.9 4
    endloop
  endfacet
  facet normal 0 0 1
    outer loop
      vertex 34.5662 120.016 4
      vertex 35.1033 121.787 4
      vertex 35.0247 121.815 4
    endloop
  endfacet
  facet normal 0 0 1
    outer loop
      vertex 34.3168 120.106 4
      vertex 35.0247 121.815 4
      vertex 34.9493 121.85 4
    endloop
  endfacet
  facet normal 0 0 1
    outer loop
      vertex 34.0772 120.219 4
      vertex 34.9493 121.85 4
      vertex 34.8778 121.893 4
    endloop
  endfacet
  facet normal 0 0 1
    outer loop
      vertex 35.1842 121.766 4
      vertex 34.8233 119.952 4
      vertex 35.0854 119.913 4
    endloop
  endfacet
  facet normal 0 0 1
    outer loop
      vertex 33.85 120.355 4
      vertex 34.8778 121.893 4
      vertex 34.8108 121.943 4
    endloop
  endfacet
  facet normal 0 0 1
    outer loop
      vertex 33.6371 120.513 4
      vertex 34.8108 121.943 4
      vertex 34.749 121.999 4
    endloop
  endfacet
  facet normal 0 0 1
    outer loop
      vertex 33.4408 120.691 4
      vertex 34.749 121.999 4
      vertex 34.6929 122.061 4
    endloop
  endfacet
  facet normal 0 0 1
    outer loop
      vertex 33.2629 120.887 4
      vertex 34.6929 122.061 4
      vertex 34.6432 122.128 4
    endloop
  endfacet
  facet normal 0 0 1
    outer loop
      vertex 33.105 121.1 4
      vertex 34.6432 122.128 4
      vertex 34.6004 122.199 4
    endloop
  endfacet
  facet normal 0 0 1
    outer loop
      vertex 35.1033 121.787 4
      vertex 34.5662 120.016 4
      vertex 34.8233 119.952 4
    endloop
  endfacet
  facet normal 0 0 1
    outer loop
      vertex 32.9688 121.327 4
      vertex 34.6004 122.199 4
      vertex 34.5647 122.275 4
    endloop
  endfacet
  facet normal 0 0 1
    outer loop
      vertex 32.8555 121.567 4
      vertex 34.5647 122.275 4
      vertex 34.5366 122.353 4
    endloop
  endfacet
  facet normal 0 0 1
    outer loop
      vertex 32.7663 121.816 4
      vertex 34.5366 122.353 4
      vertex 34.5163 122.434 4
    endloop
  endfacet
  facet normal 0 0 1
    outer loop
      vertex 32.7019 122.073 4
      vertex 34.5163 122.434 4
      vertex 34.5041 122.517 4
    endloop
  endfacet
  facet normal 0 0 1
    outer loop
      vertex 32.663 122.335 4
      vertex 34.5041 122.517 4
      vertex 34.5 122.6 4
    endloop
  endfacet
  facet normal 0 0 1
    outer loop
      vertex 34.6432 123.072 4
      vertex 33.105 124.1 4
      vertex 34.6004 123.001 4
    endloop
  endfacet
  facet normal 0 0 1
    outer loop
      vertex 35.0247 121.815 4
      vertex 34.3168 120.106 4
      vertex 34.5662 120.016 4
    endloop
  endfacet
  facet normal -0 0 1
    outer loop
      vertex 32.9688 123.873 4
      vertex 34.6004 123.001 4
      vertex 33.105 124.1 4
    endloop
  endfacet
  facet normal 0 0 1
    outer loop
      vertex 34.9493 121.85 4
      vertex 34.0772 120.219 4
      vertex 34.3168 120.106 4
    endloop
  endfacet
  facet normal 0 0 1
    outer loop
      vertex 34.6004 123.001 4
      vertex 32.9688 123.873 4
      vertex 34.5647 122.925 4
    endloop
  endfacet
  facet normal 0 0 1
    outer loop
      vertex 34.8778 121.893 4
      vertex 33.85 120.355 4
      vertex 34.0772 120.219 4
    endloop
  endfacet
  facet normal -0 0 1
    outer loop
      vertex 32.8555 123.633 4
      vertex 34.5647 122.925 4
      vertex 32.9688 123.873 4
    endloop
  endfacet
  facet normal 0 0 1
    outer loop
      vertex 34.8108 121.943 4
      vertex 33.6371 120.513 4
      vertex 33.85 120.355 4
    endloop
  endfacet
  facet normal 0 0 1
    outer loop
      vertex 34.5647 122.925 4
      vertex 32.8555 123.633 4
      vertex 34.5366 122.847 4
    endloop
  endfacet
  facet normal 0 0 1
    outer loop
      vertex 34.749 121.999 4
      vertex 33.4408 120.691 4
      vertex 33.6371 120.513 4
    endloop
  endfacet
  facet normal -0 0 1
    outer loop
      vertex 32.7663 123.384 4
      vertex 34.5366 122.847 4
      vertex 32.8555 123.633 4
    endloop
  endfacet
  facet normal 0 0 1
    outer loop
      vertex 34.6929 122.061 4
      vertex 33.2629 120.887 4
      vertex 33.4408 120.691 4
    endloop
  endfacet
  facet normal 0 0 1
    outer loop
      vertex 34.5366 122.847 4
      vertex 32.7663 123.384 4
      vertex 34.5163 122.766 4
    endloop
  endfacet
  facet normal 0 0 1
    outer loop
      vertex 34.6432 122.128 4
      vertex 33.105 121.1 4
      vertex 33.2629 120.887 4
    endloop
  endfacet
  facet normal -0 0 1
    outer loop
      vertex 32.7019 123.127 4
      vertex 34.5163 122.766 4
      vertex 32.7663 123.384 4
    endloop
  endfacet
  facet normal 0 0 1
    outer loop
      vertex 34.6004 122.199 4
      vertex 32.9688 121.327 4
      vertex 33.105 121.1 4
    endloop
  endfacet
  facet normal 0 0 1
    outer loop
      vertex 34.5163 122.766 4
      vertex 32.7019 123.127 4
      vertex 34.5041 122.683 4
    endloop
  endfacet
  facet normal 0 0 1
    outer loop
      vertex 34.5647 122.275 4
      vertex 32.8555 121.567 4
      vertex 32.9688 121.327 4
    endloop
  endfacet
  facet normal -0 0 1
    outer loop
      vertex 32.663 122.865 4
      vertex 34.5041 122.683 4
      vertex 32.7019 123.127 4
    endloop
  endfacet
  facet normal 0 0 1
    outer loop
      vertex 34.5366 122.353 4
      vertex 32.7663 121.816 4
      vertex 32.8555 121.567 4
    endloop
  endfacet
  facet normal 0 0 1
    outer loop
      vertex 34.5041 122.683 4
      vertex 32.663 122.865 4
      vertex 34.5 122.6 4
    endloop
  endfacet
  facet normal 0 0 1
    outer loop
      vertex 34.5163 122.434 4
      vertex 32.7019 122.073 4
      vertex 32.7663 121.816 4
    endloop
  endfacet
  facet normal 0 0 1
    outer loop
      vertex 32.65 122.6 4
      vertex 34.5 122.6 4
      vertex 32.663 122.865 4
    endloop
  endfacet
  facet normal 0 0 1
    outer loop
      vertex 34.5041 122.517 4
      vertex 32.663 122.335 4
      vertex 32.7019 122.073 4
    endloop
  endfacet
  facet normal 0 0 1
    outer loop
      vertex 34.5 122.6 4
      vertex 32.65 122.6 4
      vertex 32.663 122.335 4
    endloop
  endfacet
  facet normal -0.513607 0.858026 0
    outer loop
      vertex 34.0772 124.981 2
      vertex 33.85 124.845 4
      vertex 34.0772 124.981 4
    endloop
  endfacet
  facet normal -0.513607 0.858026 0
    outer loop
      vertex 33.85 124.845 4
      vertex 34.0772 124.981 2
      vertex 33.85 124.845 2
    endloop
  endfacet
  facet normal -0.339441 0.940628 0
    outer loop
      vertex 34.5662 125.184 2
      vertex 34.3168 125.094 4
      vertex 34.5662 125.184 4
    endloop
  endfacet
  facet normal -0.339441 0.940628 0
    outer loop
      vertex 34.3168 125.094 4
      vertex 34.5662 125.184 2
      vertex 34.3168 125.094 2
    endloop
  endfacet
  facet normal -0.147178 0.98911 0
    outer loop
      vertex 35.0854 125.287 2
      vertex 34.8233 125.248 4
      vertex 35.0854 125.287 4
    endloop
  endfacet
  facet normal -0.147178 0.98911 0
    outer loop
      vertex 34.8233 125.248 4
      vertex 35.0854 125.287 2
      vertex 34.8233 125.248 2
    endloop
  endfacet
  facet normal 0.0490716 -0.998795 0
    outer loop
      vertex 35.35 119.9 2
      vertex 35.6146 119.913 4
      vertex 35.35 119.9 4
    endloop
  endfacet
  facet normal 0.0490716 -0.998795 0
    outer loop
      vertex 35.6146 119.913 4
      vertex 35.35 119.9 2
      vertex 35.6146 119.913 2
    endloop
  endfacet
  facet normal 0.513607 -0.858026 0
    outer loop
      vertex 36.6228 120.219 2
      vertex 36.85 120.355 4
      vertex 36.6228 120.219 4
    endloop
  endfacet
  facet normal 0.513607 -0.858026 0
    outer loop
      vertex 36.85 120.355 4
      vertex 36.6228 120.219 2
      vertex 36.85 120.355 2
    endloop
  endfacet
  facet normal 0.671733 -0.740793 0
    outer loop
      vertex 37.0629 120.513 2
      vertex 37.2592 120.691 4
      vertex 37.0629 120.513 4
    endloop
  endfacet
  facet normal 0.671733 -0.740793 0
    outer loop
      vertex 37.2592 120.691 4
      vertex 37.0629 120.513 2
      vertex 37.2592 120.691 2
    endloop
  endfacet
  facet normal 0.803337 -0.595525 0
    outer loop
      vertex 37.4371 120.887 4
      vertex 37.595 121.1 2
      vertex 37.595 121.1 4
    endloop
  endfacet
  facet normal 0.803337 -0.595525 0
    outer loop
      vertex 37.595 121.1 2
      vertex 37.4371 120.887 4
      vertex 37.4371 120.887 2
    endloop
  endfacet
  facet normal 0.857493 -0.514496 0
    outer loop
      vertex 37.595 121.1 4
      vertex 37.7312 121.327 2
      vertex 37.7312 121.327 4
    endloop
  endfacet
  facet normal 0.857493 -0.514496 0
    outer loop
      vertex 37.7312 121.327 2
      vertex 37.595 121.1 4
      vertex 37.595 121.1 2
    endloop
  endfacet
  facet normal -0.671733 -0.740793 0
    outer loop
      vertex 33.4408 120.691 2
      vertex 33.6371 120.513 4
      vertex 33.4408 120.691 4
    endloop
  endfacet
  facet normal -0.671733 -0.740793 -0
    outer loop
      vertex 33.6371 120.513 4
      vertex 33.4408 120.691 2
      vertex 33.6371 120.513 2
    endloop
  endfacet
  facet normal -0.595949 -0.803022 0
    outer loop
      vertex 33.6371 120.513 2
      vertex 33.85 120.355 4
      vertex 33.6371 120.513 4
    endloop
  endfacet
  facet normal -0.595949 -0.803022 -0
    outer loop
      vertex 33.85 120.355 4
      vertex 33.6371 120.513 2
      vertex 33.85 120.355 2
    endloop
  endfacet
  facet normal -0.513607 -0.858026 0
    outer loop
      vertex 33.85 120.355 2
      vertex 34.0772 120.219 4
      vertex 33.85 120.355 4
    endloop
  endfacet
  facet normal -0.513607 -0.858026 -0
    outer loop
      vertex 34.0772 120.219 4
      vertex 33.85 120.355 2
      vertex 34.0772 120.219 2
    endloop
  endfacet
  facet normal -0.147178 -0.98911 0
    outer loop
      vertex 34.8233 119.952 2
      vertex 35.0854 119.913 4
      vertex 34.8233 119.952 4
    endloop
  endfacet
  facet normal -0.147178 -0.98911 -0
    outer loop
      vertex 35.0854 119.913 4
      vertex 34.8233 119.952 2
      vertex 35.0854 119.913 2
    endloop
  endfacet
  facet normal -0.904297 -0.426904 0
    outer loop
      vertex 32.9688 121.327 2
      vertex 32.8555 121.567 4
      vertex 32.8555 121.567 2
    endloop
  endfacet
  facet normal -0.904297 -0.426904 0
    outer loop
      vertex 32.8555 121.567 4
      vertex 32.9688 121.327 2
      vertex 32.9688 121.327 4
    endloop
  endfacet
  facet normal -0.998799 -0.0489977 0
    outer loop
      vertex 32.663 122.335 2
      vertex 32.65 122.6 4
      vertex 32.65 122.6 2
    endloop
  endfacet
  facet normal -0.998799 -0.0489977 0
    outer loop
      vertex 32.65 122.6 4
      vertex 32.663 122.335 2
      vertex 32.663 122.335 4
    endloop
  endfacet
  facet normal 0.74047 0.67209 0
    outer loop
      vertex 37.4371 124.313 4
      vertex 37.2592 124.509 2
      vertex 37.2592 124.509 4
    endloop
  endfacet
  facet normal 0.74047 0.67209 0
    outer loop
      vertex 37.2592 124.509 2
      vertex 37.4371 124.313 4
      vertex 37.4371 124.313 2
    endloop
  endfacet
  facet normal 0.241559 0.970386 -0
    outer loop
      vertex 36.1338 125.184 2
      vertex 35.8767 125.248 4
      vertex 36.1338 125.184 4
    endloop
  endfacet
  facet normal 0.241559 0.970386 0
    outer loop
      vertex 35.8767 125.248 4
      vertex 36.1338 125.184 2
      vertex 35.8767 125.248 2
    endloop
  endfacet
  facet normal 0.42656 0.904459 -0
    outer loop
      vertex 36.6228 124.981 2
      vertex 36.3832 125.094 4
      vertex 36.6228 124.981 4
    endloop
  endfacet
  facet normal 0.42656 0.904459 0
    outer loop
      vertex 36.3832 125.094 4
      vertex 36.6228 124.981 2
      vertex 36.3832 125.094 2
    endloop
  endfacet
  facet normal -0.74047 0.67209 0
    outer loop
      vertex 33.2629 124.313 2
      vertex 33.4408 124.509 4
      vertex 33.4408 124.509 2
    endloop
  endfacet
  facet normal -0.74047 0.67209 0
    outer loop
      vertex 33.4408 124.509 4
      vertex 33.2629 124.313 2
      vertex 33.2629 124.313 4
    endloop
  endfacet
  facet normal -0.941416 0.337246 0
    outer loop
      vertex 32.7663 123.384 2
      vertex 32.8555 123.633 4
      vertex 32.8555 123.633 2
    endloop
  endfacet
  facet normal -0.941416 0.337246 0
    outer loop
      vertex 32.8555 123.633 4
      vertex 32.7663 123.384 2
      vertex 32.7663 123.384 4
    endloop
  endfacet
  facet normal 0.147178 -0.98911 0
    outer loop
      vertex 35.6146 119.913 2
      vertex 35.8767 119.952 4
      vertex 35.6146 119.913 4
    endloop
  endfacet
  facet normal 0.147178 -0.98911 0
    outer loop
      vertex 35.8767 119.952 4
      vertex 35.6146 119.913 2
      vertex 35.8767 119.952 2
    endloop
  endfacet
  facet normal 0.42656 -0.904459 0
    outer loop
      vertex 36.3832 120.106 2
      vertex 36.6228 120.219 4
      vertex 36.3832 120.106 4
    endloop
  endfacet
  facet normal 0.42656 -0.904459 0
    outer loop
      vertex 36.6228 120.219 4
      vertex 36.3832 120.106 2
      vertex 36.6228 120.219 2
    endloop
  endfacet
  facet normal 0.595949 -0.803022 0
    outer loop
      vertex 36.85 120.355 2
      vertex 37.0629 120.513 4
      vertex 36.85 120.355 4
    endloop
  endfacet
  facet normal 0.595949 -0.803022 0
    outer loop
      vertex 37.0629 120.513 4
      vertex 36.85 120.355 2
      vertex 37.0629 120.513 2
    endloop
  endfacet
  facet normal 0.941416 -0.337246 0
    outer loop
      vertex 37.8445 121.567 4
      vertex 37.9337 121.816 2
      vertex 37.9337 121.816 4
    endloop
  endfacet
  facet normal 0.941416 -0.337246 0
    outer loop
      vertex 37.9337 121.816 2
      vertex 37.8445 121.567 4
      vertex 37.8445 121.567 2
    endloop
  endfacet
  facet normal 0.989157 -0.146863 0
    outer loop
      vertex 37.9981 122.073 4
      vertex 38.037 122.335 2
      vertex 38.037 122.335 4
    endloop
  endfacet
  facet normal 0.989157 -0.146863 0
    outer loop
      vertex 38.037 122.335 2
      vertex 37.9981 122.073 4
      vertex 37.9981 122.073 2
    endloop
  endfacet
  facet normal 0.998799 -0.0489977 0
    outer loop
      vertex 38.037 122.335 4
      vertex 38.05 122.6 2
      vertex 38.05 122.6 4
    endloop
  endfacet
  facet normal 0.998799 -0.0489977 0
    outer loop
      vertex 38.05 122.6 2
      vertex 38.037 122.335 4
      vertex 38.037 122.335 2
    endloop
  endfacet
  facet normal -0.42656 -0.904459 0
    outer loop
      vertex 34.0772 120.219 2
      vertex 34.3168 120.106 4
      vertex 34.0772 120.219 4
    endloop
  endfacet
  facet normal -0.42656 -0.904459 -0
    outer loop
      vertex 34.3168 120.106 4
      vertex 34.0772 120.219 2
      vertex 34.3168 120.106 2
    endloop
  endfacet
  facet normal -0.241559 -0.970386 0
    outer loop
      vertex 34.5662 120.016 2
      vertex 34.8233 119.952 4
      vertex 34.5662 120.016 4
    endloop
  endfacet
  facet normal -0.241559 -0.970386 -0
    outer loop
      vertex 34.8233 119.952 4
      vertex 34.5662 120.016 2
      vertex 34.8233 119.952 2
    endloop
  endfacet
  facet normal -0.857493 -0.514496 0
    outer loop
      vertex 33.105 121.1 2
      vertex 32.9688 121.327 4
      vertex 32.9688 121.327 2
    endloop
  endfacet
  facet normal -0.857493 -0.514496 0
    outer loop
      vertex 32.9688 121.327 4
      vertex 33.105 121.1 2
      vertex 33.105 121.1 4
    endloop
  endfacet
  facet normal -0.941416 -0.337246 0
    outer loop
      vertex 32.8555 121.567 2
      vertex 32.7663 121.816 4
      vertex 32.7663 121.816 2
    endloop
  endfacet
  facet normal -0.941416 -0.337246 0
    outer loop
      vertex 32.7663 121.816 4
      vertex 32.8555 121.567 2
      vertex 32.8555 121.567 4
    endloop
  endfacet
  facet normal -0.989157 -0.146863 0
    outer loop
      vertex 32.7019 122.073 2
      vertex 32.663 122.335 4
      vertex 32.663 122.335 2
    endloop
  endfacet
  facet normal -0.989157 -0.146863 0
    outer loop
      vertex 32.663 122.335 4
      vertex 32.7019 122.073 2
      vertex 32.7019 122.073 4
    endloop
  endfacet
  facet normal 0.241559 -0.970386 0
    outer loop
      vertex 35.8767 119.952 2
      vertex 36.1338 120.016 4
      vertex 35.8767 119.952 4
    endloop
  endfacet
  facet normal 0.241559 -0.970386 0
    outer loop
      vertex 36.1338 120.016 4
      vertex 35.8767 119.952 2
      vertex 36.1338 120.016 2
    endloop
  endfacet
  facet normal -1 0 0
    outer loop
      vertex 14.85 123 2
      vertex 14.85 127 8
      vertex 14.85 127 2
    endloop
  endfacet
  facet normal -1 -0 0
    outer loop
      vertex 14.85 127 8
      vertex 14.85 123 2
      vertex 14.85 123 8
    endloop
  endfacet
  facet normal -0 0 1
    outer loop
      vertex 14.85 127 8
      vertex 25.85 123 8
      vertex 25.85 127 8
    endloop
  endfacet
  facet normal 0 0 1
    outer loop
      vertex 25.85 123 8
      vertex 14.85 127 8
      vertex 14.85 123 8
    endloop
  endfacet
  facet normal 1 -0 0
    outer loop
      vertex 16.35 123 7
      vertex 16.35 127 2
      vertex 16.35 127 7
    endloop
  endfacet
  facet normal 1 0 0
    outer loop
      vertex 16.35 127 2
      vertex 16.35 123 7
      vertex 16.35 123 2
    endloop
  endfacet
  facet normal 0 -1 0
    outer loop
      vertex 14.85 123 8
      vertex 16.35 123 7
      vertex 25.85 123 8
    endloop
  endfacet
  facet normal 0 -1 0
    outer loop
      vertex 14.85 123 2
      vertex 16.35 123 7
      vertex 14.85 123 8
    endloop
  endfacet
  facet normal 0 -1 -0
    outer loop
      vertex 16.35 123 7
      vertex 14.85 123 2
      vertex 16.35 123 2
    endloop
  endfacet
  facet normal 0 -1 0
    outer loop
      vertex 24.35 123 7
      vertex 25.85 123 8
      vertex 16.35 123 7
    endloop
  endfacet
  facet normal 0 -1 0
    outer loop
      vertex 25.85 123 2
      vertex 24.35 123 7
      vertex 24.35 123 2
    endloop
  endfacet
  facet normal 0 -1 0
    outer loop
      vertex 24.35 123 7
      vertex 25.85 123 2
      vertex 25.85 123 8
    endloop
  endfacet
  facet normal 0 1 0
    outer loop
      vertex 25.85 127 8
      vertex 24.35 127 7
      vertex 14.85 127 8
    endloop
  endfacet
  facet normal 0 1 -0
    outer loop
      vertex 25.85 127 2
      vertex 24.35 127 7
      vertex 25.85 127 8
    endloop
  endfacet
  facet normal 0 1 0
    outer loop
      vertex 24.35 127 7
      vertex 25.85 127 2
      vertex 24.35 127 2
    endloop
  endfacet
  facet normal 0 1 -0
    outer loop
      vertex 16.35 127 7
      vertex 14.85 127 8
      vertex 24.35 127 7
    endloop
  endfacet
  facet normal 0 1 0
    outer loop
      vertex 14.85 127 2
      vertex 16.35 127 7
      vertex 16.35 127 2
    endloop
  endfacet
  facet normal 0 1 0
    outer loop
      vertex 16.35 127 7
      vertex 14.85 127 2
      vertex 14.85 127 8
    endloop
  endfacet
  facet normal -1 0 0
    outer loop
      vertex 24.35 123 2
      vertex 24.35 127 7
      vertex 24.35 127 2
    endloop
  endfacet
  facet normal -1 -0 0
    outer loop
      vertex 24.35 127 7
      vertex 24.35 123 2
      vertex 24.35 123 7
    endloop
  endfacet
  facet normal 1 -0 0
    outer loop
      vertex 25.85 123 8
      vertex 25.85 127 2
      vertex 25.85 127 8
    endloop
  endfacet
  facet normal 1 0 0
    outer loop
      vertex 25.85 127 2
      vertex 25.85 123 8
      vertex 25.85 123 2
    endloop
  endfacet
  facet normal 0.243042 -0.970016 0
    outer loop
      vertex 38.2853 0.0576477 0
      vertex 38.5708 0.129181 2
      vertex 38.2853 0.0576477 2
    endloop
  endfacet
  facet normal 0.243042 -0.970016 0
    outer loop
      vertex 38.5708 0.129181 2
      vertex 38.2853 0.0576477 0
      vertex 38.5708 0.129181 0
    endloop
  endfacet
  facet normal 0.514126 -0.857715 0
    outer loop
      vertex 39.1142 0.354233 0
      vertex 39.3667 0.505585 2
      vertex 39.1142 0.354233 2
    endloop
  endfacet
  facet normal 0.514126 -0.857715 0
    outer loop
      vertex 39.3667 0.505585 2
      vertex 39.1142 0.354233 0
      vertex 39.3667 0.505585 0
    endloop
  endfacet
  facet normal 0.595663 -0.803234 0
    outer loop
      vertex 39.3667 0.505585 0
      vertex 39.6032 0.680969 2
      vertex 39.3667 0.505585 2
    endloop
  endfacet
  facet normal 0.595663 -0.803234 0
    outer loop
      vertex 39.6032 0.680969 2
      vertex 39.3667 0.505585 0
      vertex 39.6032 0.680969 0
    endloop
  endfacet
  facet normal 0.336777 -0.941584 0
    outer loop
      vertex 38.5708 0.129181 0
      vertex 38.8481 0.228363 2
      vertex 38.5708 0.129181 2
    endloop
  endfacet
  facet normal 0.336777 -0.941584 0
    outer loop
      vertex 38.8481 0.228363 2
      vertex 38.5708 0.129181 0
      vertex 38.8481 0.228363 0
    endloop
  endfacet
  facet normal 0 0 1
    outer loop
      vertex 38.7 128.2 2
      vertex 40.7 128.2 2
      vertex 40.6855 128.494 2
    endloop
  endfacet
  facet normal 0 0 1
    outer loop
      vertex 40.7 128.2 2
      vertex 38.7 128.2 2
      vertex 40.7 3 2
    endloop
  endfacet
  facet normal 0 0 1
    outer loop
      vertex 38.6952 128.298 2
      vertex 40.6855 128.494 2
      vertex 40.6423 128.785 2
    endloop
  endfacet
  facet normal 0 0 1
    outer loop
      vertex 38.7 3 2
      vertex 40.7 3 2
      vertex 38.7 128.2 2
    endloop
  endfacet
  facet normal 0 0 1
    outer loop
      vertex 38.6808 128.395 2
      vertex 40.6423 128.785 2
      vertex 40.5708 129.071 2
    endloop
  endfacet
  facet normal 0 0 1
    outer loop
      vertex 40.7 3 2
      vertex 38.7 3 2
      vertex 40.6855 2.70595 2
    endloop
  endfacet
  facet normal 0 0 1
    outer loop
      vertex 38.6569 128.49 2
      vertex 40.5708 129.071 2
      vertex 40.4716 129.348 2
    endloop
  endfacet
  facet normal -0 0 1
    outer loop
      vertex 38.6952 2.90198 2
      vertex 40.6855 2.70595 2
      vertex 38.7 3 2
    endloop
  endfacet
  facet normal 0 0 1
    outer loop
      vertex 38.6239 128.583 2
      vertex 40.4716 129.348 2
      vertex 40.3458 129.614 2
    endloop
  endfacet
  facet normal 0 0 1
    outer loop
      vertex 40.6855 2.70595 2
      vertex 38.6952 2.90198 2
      vertex 40.6423 2.41473 2
    endloop
  endfacet
  facet normal 0 0 1
    outer loop
      vertex 38.5819 128.671 2
      vertex 40.3458 129.614 2
      vertex 40.1944 129.867 2
    endloop
  endfacet
  facet normal -0 0 1
    outer loop
      vertex 38.6808 2.80492 2
      vertex 40.6423 2.41473 2
      vertex 38.6952 2.90198 2
    endloop
  endfacet
  facet normal 0 0 1
    outer loop
      vertex 38.5315 128.756 2
      vertex 40.1944 129.867 2
      vertex 40.019 130.103 2
    endloop
  endfacet
  facet normal 0 0 1
    outer loop
      vertex 40.6423 2.41473 2
      vertex 38.6808 2.80492 2
      vertex 40.5708 2.12915 2
    endloop
  endfacet
  facet normal 0 0 1
    outer loop
      vertex 38.473 128.834 2
      vertex 40.019 130.103 2
      vertex 39.8213 130.321 2
    endloop
  endfacet
  facet normal -0 0 1
    outer loop
      vertex 38.6569 2.70972 2
      vertex 40.5708 2.12915 2
      vertex 38.6808 2.80492 2
    endloop
  endfacet
  facet normal 0 0 1
    outer loop
      vertex 38.4071 128.907 2
      vertex 39.8213 130.321 2
      vertex 39.6032 130.519 2
    endloop
  endfacet
  facet normal 0 0 1
    outer loop
      vertex 40.5708 2.12915 2
      vertex 38.6569 2.70972 2
      vertex 40.4716 1.85194 2
    endloop
  endfacet
  facet normal 0 0 1
    outer loop
      vertex 38.3344 128.973 2
      vertex 39.6032 130.519 2
      vertex 39.3667 130.694 2
    endloop
  endfacet
  facet normal -0 0 1
    outer loop
      vertex 38.6239 2.61731 2
      vertex 40.4716 1.85194 2
      vertex 38.6569 2.70972 2
    endloop
  endfacet
  facet normal 0 0 1
    outer loop
      vertex 38.2556 129.031 2
      vertex 39.3667 130.694 2
      vertex 39.1142 130.846 2
    endloop
  endfacet
  facet normal 0 0 1
    outer loop
      vertex 40.4716 1.85194 2
      vertex 38.6239 2.61731 2
      vertex 40.3458 1.58582 2
    endloop
  endfacet
  facet normal 0 0 1
    outer loop
      vertex 38.1714 129.082 2
      vertex 39.1142 130.846 2
      vertex 38.8481 130.972 2
    endloop
  endfacet
  facet normal -0 0 1
    outer loop
      vertex 38.5819 2.52861 2
      vertex 40.3458 1.58582 2
      vertex 38.6239 2.61731 2
    endloop
  endfacet
  facet normal 0 0 1
    outer loop
      vertex 40.3458 1.58582 2
      vertex 38.5819 2.52861 2
      vertex 40.1944 1.33328 2
    endloop
  endfacet
  facet normal 0 0 1
    outer loop
      vertex 40.6855 128.494 2
      vertex 38.6952 128.298 2
      vertex 38.7 128.2 2
    endloop
  endfacet
  facet normal 0 0 1
    outer loop
      vertex 40.6423 128.785 2
      vertex 38.6808 128.395 2
      vertex 38.6952 128.298 2
    endloop
  endfacet
  facet normal 0 0 1
    outer loop
      vertex 40.5708 129.071 2
      vertex 38.6569 128.49 2
      vertex 38.6808 128.395 2
    endloop
  endfacet
  facet normal 0 0 1
    outer loop
      vertex 40.4716 129.348 2
      vertex 38.6239 128.583 2
      vertex 38.6569 128.49 2
    endloop
  endfacet
  facet normal 0 0 1
    outer loop
      vertex 40.3458 129.614 2
      vertex 38.5819 128.671 2
      vertex 38.6239 128.583 2
    endloop
  endfacet
  facet normal 0 0 1
    outer loop
      vertex 38.0827 129.124 2
      vertex 38.8481 130.972 2
      vertex 38.5708 131.071 2
    endloop
  endfacet
  facet normal 0 0 1
    outer loop
      vertex 40.1944 129.867 2
      vertex 38.5315 128.756 2
      vertex 38.5819 128.671 2
    endloop
  endfacet
  facet normal 0 0 1
    outer loop
      vertex 40.019 130.103 2
      vertex 38.473 128.834 2
      vertex 38.5315 128.756 2
    endloop
  endfacet
  facet normal 0 0 1
    outer loop
      vertex 39.8213 130.321 2
      vertex 38.4071 128.907 2
      vertex 38.473 128.834 2
    endloop
  endfacet
  facet normal 0 0 1
    outer loop
      vertex 39.6032 130.519 2
      vertex 38.3344 128.973 2
      vertex 38.4071 128.907 2
    endloop
  endfacet
  facet normal 0 0 1
    outer loop
      vertex 37.9903 129.157 2
      vertex 38.5708 131.071 2
      vertex 38.2853 131.142 2
    endloop
  endfacet
  facet normal 0 0 1
    outer loop
      vertex 39.3667 130.694 2
      vertex 38.2556 129.031 2
      vertex 38.3344 128.973 2
    endloop
  endfacet
  facet normal 0 0 1
    outer loop
      vertex 39.1142 130.846 2
      vertex 38.1714 129.082 2
      vertex 38.2556 129.031 2
    endloop
  endfacet
  facet normal 0 0 1
    outer loop
      vertex 38.8481 130.972 2
      vertex 38.0827 129.124 2
      vertex 38.1714 129.082 2
    endloop
  endfacet
  facet normal 0 0 1
    outer loop
      vertex 37.8951 129.181 2
      vertex 38.2853 131.142 2
      vertex 37.994 131.186 2
    endloop
  endfacet
  facet normal 0 0 1
    outer loop
      vertex 38.5708 131.071 2
      vertex 37.9903 129.157 2
      vertex 38.0827 129.124 2
    endloop
  endfacet
  facet normal 0 0 1
    outer loop
      vertex 38.2853 131.142 2
      vertex 37.8951 129.181 2
      vertex 37.9903 129.157 2
    endloop
  endfacet
  facet normal 0 0 1
    outer loop
      vertex 37.994 131.186 2
      vertex 37.798 129.195 2
      vertex 37.8951 129.181 2
    endloop
  endfacet
  facet normal 0 0 1
    outer loop
      vertex 37.7 131.2 2
      vertex 37.798 129.195 2
      vertex 37.994 131.186 2
    endloop
  endfacet
  facet normal 0 0 1
    outer loop
      vertex 37.7 131.2 2
      vertex 37.7 129.2 2
      vertex 37.798 129.195 2
    endloop
  endfacet
  facet normal -0 0 1
    outer loop
      vertex 3 131.2 2
      vertex 37.7 129.2 2
      vertex 37.7 131.2 2
    endloop
  endfacet
  facet normal 0 0 1
    outer loop
      vertex 3 131.2 2
      vertex 3 129.2 2
      vertex 37.7 129.2 2
    endloop
  endfacet
  facet normal 0 0 1
    outer loop
      vertex 3 131.2 2
      vertex 2.90198 129.195 2
      vertex 3 129.2 2
    endloop
  endfacet
  facet normal -0 0 1
    outer loop
      vertex 2.70595 131.186 2
      vertex 2.90198 129.195 2
      vertex 3 131.2 2
    endloop
  endfacet
  facet normal 0 0 1
    outer loop
      vertex 2.90198 129.195 2
      vertex 2.70595 131.186 2
      vertex 2.80492 129.181 2
    endloop
  endfacet
  facet normal -0 0 1
    outer loop
      vertex 2.41473 131.142 2
      vertex 2.80492 129.181 2
      vertex 2.70595 131.186 2
    endloop
  endfacet
  facet normal 0 0 1
    outer loop
      vertex 2.80492 129.181 2
      vertex 2.41473 131.142 2
      vertex 2.70972 129.157 2
    endloop
  endfacet
  facet normal -0 0 1
    outer loop
      vertex 2.12915 131.071 2
      vertex 2.70972 129.157 2
      vertex 2.41473 131.142 2
    endloop
  endfacet
  facet normal 0 0 1
    outer loop
      vertex 2.70972 129.157 2
      vertex 2.12915 131.071 2
      vertex 2.61731 129.124 2
    endloop
  endfacet
  facet normal -0 0 1
    outer loop
      vertex 1.85194 130.972 2
      vertex 2.61731 129.124 2
      vertex 2.12915 131.071 2
    endloop
  endfacet
  facet normal 0 0 1
    outer loop
      vertex 2.61731 129.124 2
      vertex 1.85194 130.972 2
      vertex 2.52861 129.082 2
    endloop
  endfacet
  facet normal -0 0 1
    outer loop
      vertex 1.58582 130.846 2
      vertex 2.52861 129.082 2
      vertex 1.85194 130.972 2
    endloop
  endfacet
  facet normal 0 0 1
    outer loop
      vertex 2.52861 129.082 2
      vertex 1.58582 130.846 2
      vertex 2.44443 129.031 2
    endloop
  endfacet
  facet normal -0 0 1
    outer loop
      vertex 1.33328 130.694 2
      vertex 2.44443 129.031 2
      vertex 1.58582 130.846 2
    endloop
  endfacet
  facet normal 0 0 1
    outer loop
      vertex 2.44443 129.031 2
      vertex 1.33328 130.694 2
      vertex 2.3656 128.973 2
    endloop
  endfacet
  facet normal -0 0 1
    outer loop
      vertex 1.09682 130.519 2
      vertex 2.3656 128.973 2
      vertex 1.33328 130.694 2
    endloop
  endfacet
  facet normal 0 0 1
    outer loop
      vertex 2.3656 128.973 2
      vertex 1.09682 130.519 2
      vertex 2.29289 128.907 2
    endloop
  endfacet
  facet normal -0 0 1
    outer loop
      vertex 0.878677 130.321 2
      vertex 2.29289 128.907 2
      vertex 1.09682 130.519 2
    endloop
  endfacet
  facet normal 0 0 1
    outer loop
      vertex 2.29289 128.907 2
      vertex 0.878677 130.321 2
      vertex 2.22699 128.834 2
    endloop
  endfacet
  facet normal -0 0 1
    outer loop
      vertex 0.680969 130.103 2
      vertex 2.22699 128.834 2
      vertex 0.878677 130.321 2
    endloop
  endfacet
  facet normal 0 0 1
    outer loop
      vertex 2.22699 128.834 2
      vertex 0.680969 130.103 2
      vertex 2.16853 128.756 2
    endloop
  endfacet
  facet normal 0 0 1
    outer loop
      vertex 2.16853 128.756 2
      vertex 0.505585 129.867 2
      vertex 2.11807 128.671 2
    endloop
  endfacet
  facet normal -0 0 1
    outer loop
      vertex 0.505585 129.867 2
      vertex 2.16853 128.756 2
      vertex 0.680969 130.103 2
    endloop
  endfacet
  facet normal -0 0 1
    outer loop
      vertex 38.5315 2.44443 2
      vertex 40.1944 1.33328 2
      vertex 38.5819 2.52861 2
    endloop
  endfacet
  facet normal 0 0 1
    outer loop
      vertex 40.1944 1.33328 2
      vertex 38.5315 2.44443 2
      vertex 40.019 1.09682 2
    endloop
  endfacet
  facet normal -0 0 1
    outer loop
      vertex 38.473 2.3656 2
      vertex 40.019 1.09682 2
      vertex 38.5315 2.44443 2
    endloop
  endfacet
  facet normal 0 0 1
    outer loop
      vertex 40.019 1.09682 2
      vertex 38.473 2.3656 2
      vertex 39.8213 0.878677 2
    endloop
  endfacet
  facet normal -0 0 1
    outer loop
      vertex 38.4071 2.29289 2
      vertex 39.8213 0.878677 2
      vertex 38.473 2.3656 2
    endloop
  endfacet
  facet normal 0 0 1
    outer loop
      vertex 39.8213 0.878677 2
      vertex 38.4071 2.29289 2
      vertex 39.6032 0.680969 2
    endloop
  endfacet
  facet normal -0 0 1
    outer loop
      vertex 38.3344 2.22699 2
      vertex 39.6032 0.680969 2
      vertex 38.4071 2.29289 2
    endloop
  endfacet
  facet normal 0 0 1
    outer loop
      vertex 39.6032 0.680969 2
      vertex 38.3344 2.22699 2
      vertex 39.3667 0.505585 2
    endloop
  endfacet
  facet normal -0 0 1
    outer loop
      vertex 38.2556 2.16853 2
      vertex 39.3667 0.505585 2
      vertex 38.3344 2.22699 2
    endloop
  endfacet
  facet normal 0 0 1
    outer loop
      vertex 39.3667 0.505585 2
      vertex 38.2556 2.16853 2
      vertex 39.1142 0.354233 2
    endloop
  endfacet
  facet normal -0 0 1
    outer loop
      vertex 38.1714 2.11807 2
      vertex 39.1142 0.354233 2
      vertex 38.2556 2.16853 2
    endloop
  endfacet
  facet normal 0 0 1
    outer loop
      vertex 39.1142 0.354233 2
      vertex 38.1714 2.11807 2
      vertex 38.8481 0.228363 2
    endloop
  endfacet
  facet normal -0 0 1
    outer loop
      vertex 38.0827 2.07613 2
      vertex 38.8481 0.228363 2
      vertex 38.1714 2.11807 2
    endloop
  endfacet
  facet normal 0 0 1
    outer loop
      vertex 38.8481 0.228363 2
      vertex 38.0827 2.07613 2
      vertex 38.5708 0.129181 2
    endloop
  endfacet
  facet normal -0 0 1
    outer loop
      vertex 37.9903 2.04306 2
      vertex 38.5708 0.129181 2
      vertex 38.0827 2.07613 2
    endloop
  endfacet
  facet normal 0 0 1
    outer loop
      vertex 38.5708 0.129181 2
      vertex 37.9903 2.04306 2
      vertex 38.2853 0.0576477 2
    endloop
  endfacet
  facet normal -0 0 1
    outer loop
      vertex 37.8951 2.01921 2
      vertex 38.2853 0.0576477 2
      vertex 37.9903 2.04306 2
    endloop
  endfacet
  facet normal 0 0 1
    outer loop
      vertex 38.2853 0.0576477 2
      vertex 37.8951 2.01921 2
      vertex 37.994 0.0144501 2
    endloop
  endfacet
  facet normal -0 0 1
    outer loop
      vertex 37.798 2.00482 2
      vertex 37.994 0.0144501 2
      vertex 37.8951 2.01921 2
    endloop
  endfacet
  facet normal -0 0 1
    outer loop
      vertex 37.7 2 2
      vertex 37.994 0.0144501 2
      vertex 37.798 2.00482 2
    endloop
  endfacet
  facet normal 0 0 1
    outer loop
      vertex 37.7 2 2
      vertex 37.7 0 2
      vertex 37.994 0.0144501 2
    endloop
  endfacet
  facet normal -0 0 1
    outer loop
      vertex 3 2 2
      vertex 37.7 0 2
      vertex 37.7 2 2
    endloop
  endfacet
  facet normal 0 0 1
    outer loop
      vertex 3 2 2
      vertex 3 0 2
      vertex 37.7 0 2
    endloop
  endfacet
  facet normal 0 0 1
    outer loop
      vertex 2.90198 2.00482 2
      vertex 3 0 2
      vertex 3 2 2
    endloop
  endfacet
  facet normal 0 0 1
    outer loop
      vertex 2.70595 0.0144501 2
      vertex 2.90198 2.00482 2
      vertex 2.80492 2.01921 2
    endloop
  endfacet
  facet normal 0 0 1
    outer loop
      vertex 2.41473 0.0576477 2
      vertex 2.80492 2.01921 2
      vertex 2.70972 2.04306 2
    endloop
  endfacet
  facet normal 0 0 1
    outer loop
      vertex 2.90198 2.00482 2
      vertex 2.70595 0.0144501 2
      vertex 3 0 2
    endloop
  endfacet
  facet normal 0 0 1
    outer loop
      vertex 2.12915 0.129181 2
      vertex 2.70972 2.04306 2
      vertex 2.61731 2.07613 2
    endloop
  endfacet
  facet normal 0 0 1
    outer loop
      vertex 1.85194 0.228363 2
      vertex 2.61731 2.07613 2
      vertex 2.52861 2.11807 2
    endloop
  endfacet
  facet normal 0 0 1
    outer loop
      vertex 1.58582 0.354233 2
      vertex 2.52861 2.11807 2
      vertex 2.44443 2.16853 2
    endloop
  endfacet
  facet normal 0 0 1
    outer loop
      vertex 2.80492 2.01921 2
      vertex 2.41473 0.0576477 2
      vertex 2.70595 0.0144501 2
    endloop
  endfacet
  facet normal 0 0 1
    outer loop
      vertex 1.33328 0.505585 2
      vertex 2.44443 2.16853 2
      vertex 2.3656 2.22699 2
    endloop
  endfacet
  facet normal 0 0 1
    outer loop
      vertex 1.09682 0.680969 2
      vertex 2.3656 2.22699 2
      vertex 2.29289 2.29289 2
    endloop
  endfacet
  facet normal 0 0 1
    outer loop
      vertex 0.878677 0.878677 2
      vertex 2.29289 2.29289 2
      vertex 2.22699 2.3656 2
    endloop
  endfacet
  facet normal 0 0 1
    outer loop
      vertex 0.680969 1.09682 2
      vertex 2.22699 2.3656 2
      vertex 2.16853 2.44443 2
    endloop
  endfacet
  facet normal 0 0 1
    outer loop
      vertex 2.70972 2.04306 2
      vertex 2.12915 0.129181 2
      vertex 2.41473 0.0576477 2
    endloop
  endfacet
  facet normal 0 0 1
    outer loop
      vertex 0.505585 1.33328 2
      vertex 2.16853 2.44443 2
      vertex 2.11807 2.52861 2
    endloop
  endfacet
  facet normal 0 0 1
    outer loop
      vertex 0.354233 1.58582 2
      vertex 2.11807 2.52861 2
      vertex 2.07613 2.61731 2
    endloop
  endfacet
  facet normal 0 0 1
    outer loop
      vertex 0.228363 1.85194 2
      vertex 2.07613 2.61731 2
      vertex 2.04306 2.70972 2
    endloop
  endfacet
  facet normal 0 0 1
    outer loop
      vertex 0.129181 2.12915 2
      vertex 2.04306 2.70972 2
      vertex 2.01921 2.80492 2
    endloop
  endfacet
  facet normal 0 0 1
    outer loop
      vertex 0.0576477 2.41473 2
      vertex 2.01921 2.80492 2
      vertex 2.00482 2.90198 2
    endloop
  endfacet
  facet normal 0 0 1
    outer loop
      vertex 0.0144501 2.70595 2
      vertex 2.00482 2.90198 2
      vertex 2 3 2
    endloop
  endfacet
  facet normal 0 0 1
    outer loop
      vertex 2.61731 2.07613 2
      vertex 1.85194 0.228363 2
      vertex 2.12915 0.129181 2
    endloop
  endfacet
  facet normal 0 0 1
    outer loop
      vertex 2 128.2 2
      vertex 0 128.2 2
      vertex 2 3 2
    endloop
  endfacet
  facet normal -0 0 1
    outer loop
      vertex 0.354233 129.614 2
      vertex 2.11807 128.671 2
      vertex 0.505585 129.867 2
    endloop
  endfacet
  facet normal 0 0 1
    outer loop
      vertex 0 3 2
      vertex 2 3 2
      vertex 0 128.2 2
    endloop
  endfacet
  facet normal 0 0 1
    outer loop
      vertex 2.11807 128.671 2
      vertex 0.354233 129.614 2
      vertex 2.07613 128.583 2
    endloop
  endfacet
  facet normal 0 -0 1
    outer loop
      vertex 0.0144501 2.70595 2
      vertex 2 3 2
      vertex 0 3 2
    endloop
  endfacet
  facet normal -0 0 1
    outer loop
      vertex 0.228363 129.348 2
      vertex 2.07613 128.583 2
      vertex 0.354233 129.614 2
    endloop
  endfacet
  facet normal 0 0 1
    outer loop
      vertex 2.52861 2.11807 2
      vertex 1.58582 0.354233 2
      vertex 1.85194 0.228363 2
    endloop
  endfacet
  facet normal 0 0 1
    outer loop
      vertex 2.07613 128.583 2
      vertex 0.228363 129.348 2
      vertex 2.04306 128.49 2
    endloop
  endfacet
  facet normal 0 0 1
    outer loop
      vertex 2.44443 2.16853 2
      vertex 1.33328 0.505585 2
      vertex 1.58582 0.354233 2
    endloop
  endfacet
  facet normal -0 0 1
    outer loop
      vertex 0.129181 129.071 2
      vertex 2.04306 128.49 2
      vertex 0.228363 129.348 2
    endloop
  endfacet
  facet normal 0 0 1
    outer loop
      vertex 2.3656 2.22699 2
      vertex 1.09682 0.680969 2
      vertex 1.33328 0.505585 2
    endloop
  endfacet
  facet normal 0 0 1
    outer loop
      vertex 2.04306 128.49 2
      vertex 0.129181 129.071 2
      vertex 2.01921 128.395 2
    endloop
  endfacet
  facet normal 0 0 1
    outer loop
      vertex 2.29289 2.29289 2
      vertex 0.878677 0.878677 2
      vertex 1.09682 0.680969 2
    endloop
  endfacet
  facet normal -0 0 1
    outer loop
      vertex 0.0576477 128.785 2
      vertex 2.01921 128.395 2
      vertex 0.129181 129.071 2
    endloop
  endfacet
  facet normal 0 0 1
    outer loop
      vertex 2.22699 2.3656 2
      vertex 0.680969 1.09682 2
      vertex 0.878677 0.878677 2
    endloop
  endfacet
  facet normal 0 0 1
    outer loop
      vertex 2.01921 128.395 2
      vertex 0.0576477 128.785 2
      vertex 2.00482 128.298 2
    endloop
  endfacet
  facet normal 0 0 1
    outer loop
      vertex 2.16853 2.44443 2
      vertex 0.505585 1.33328 2
      vertex 0.680969 1.09682 2
    endloop
  endfacet
  facet normal -0 0 1
    outer loop
      vertex 0.0144501 128.494 2
      vertex 2.00482 128.298 2
      vertex 0.0576477 128.785 2
    endloop
  endfacet
  facet normal 0 0 1
    outer loop
      vertex 2.11807 2.52861 2
      vertex 0.354233 1.58582 2
      vertex 0.505585 1.33328 2
    endloop
  endfacet
  facet normal 0 0 1
    outer loop
      vertex 2.00482 128.298 2
      vertex 0.0144501 128.494 2
      vertex 2 128.2 2
    endloop
  endfacet
  facet normal 0 0 1
    outer loop
      vertex 2.07613 2.61731 2
      vertex 0.228363 1.85194 2
      vertex 0.354233 1.58582 2
    endloop
  endfacet
  facet normal 0 0 1
    outer loop
      vertex 2 128.2 2
      vertex 0.0144501 128.494 2
      vertex 0 128.2 2
    endloop
  endfacet
  facet normal 0 0 1
    outer loop
      vertex 2.04306 2.70972 2
      vertex 0.129181 2.12915 2
      vertex 0.228363 1.85194 2
    endloop
  endfacet
  facet normal 0 0 1
    outer loop
      vertex 2.01921 2.80492 2
      vertex 0.0576477 2.41473 2
      vertex 0.129181 2.12915 2
    endloop
  endfacet
  facet normal 0 0 1
    outer loop
      vertex 2.00482 2.90198 2
      vertex 0.0144501 2.70595 2
      vertex 0.0576477 2.41473 2
    endloop
  endfacet
  facet normal 0 0 1
    outer loop
      vertex 32.7019 53.1267 2
      vertex 8.037 52.8646 2
      vertex 8.05 52.6 2
    endloop
  endfacet
  facet normal 0 0 1
    outer loop
      vertex 33.6371 54.6871 2
      vertex 7.99812 53.1267 2
      vertex 8.037 52.8646 2
    endloop
  endfacet
  facet normal 0 0 1
    outer loop
      vertex 33.6371 54.6871 2
      vertex 7.93374 53.3838 2
      vertex 7.99812 53.1267 2
    endloop
  endfacet
  facet normal 0 0 1
    outer loop
      vertex 33.6371 54.6871 2
      vertex 7.84447 53.6332 2
      vertex 7.93374 53.3838 2
    endloop
  endfacet
  facet normal 0 0 1
    outer loop
      vertex 33.6371 54.6871 2
      vertex 7.73119 53.8728 2
      vertex 7.84447 53.6332 2
    endloop
  endfacet
  facet normal 0 0 1
    outer loop
      vertex 33.6371 54.6871 2
      vertex 7.59497 54.1 2
      vertex 7.73119 53.8728 2
    endloop
  endfacet
  facet normal 0 0 1
    outer loop
      vertex 33.6371 54.6871 2
      vertex 7.43713 54.3129 2
      vertex 7.59497 54.1 2
    endloop
  endfacet
  facet normal 0 0 1
    outer loop
      vertex 33.6371 54.6871 2
      vertex 7.25919 54.5092 2
      vertex 7.43713 54.3129 2
    endloop
  endfacet
  facet normal 0 0 1
    outer loop
      vertex 33.6371 54.6871 2
      vertex 7.06286 54.6871 2
      vertex 7.25919 54.5092 2
    endloop
  endfacet
  facet normal 0 0 1
    outer loop
      vertex 13.05 90.6 2
      vertex 6.85004 54.845 2
      vertex 7.06286 54.6871 2
    endloop
  endfacet
  facet normal 0 0 1
    outer loop
      vertex 13.05 90.6 2
      vertex 6.62277 54.9812 2
      vertex 6.85004 54.845 2
    endloop
  endfacet
  facet normal 0 0 1
    outer loop
      vertex 13.05 90.6 2
      vertex 6.38324 55.0945 2
      vertex 6.62277 54.9812 2
    endloop
  endfacet
  facet normal 0 0 1
    outer loop
      vertex 13.05 90.6 2
      vertex 6.13377 55.1837 2
      vertex 6.38324 55.0945 2
    endloop
  endfacet
  facet normal 0 0 1
    outer loop
      vertex 13.05 90.6 2
      vertex 5.87674 55.2481 2
      vertex 6.13377 55.1837 2
    endloop
  endfacet
  facet normal 0 0 1
    outer loop
      vertex 13.05 90.6 2
      vertex 5.61465 55.287 2
      vertex 5.87674 55.2481 2
    endloop
  endfacet
  facet normal -0 0 1
    outer loop
      vertex 3.05 90.6 2
      vertex 5.61465 55.287 2
      vertex 13.05 90.6 2
    endloop
  endfacet
  facet normal 0 0 1
    outer loop
      vertex 5.61465 55.287 2
      vertex 3.05 90.6 2
      vertex 5.35 55.3 2
    endloop
  endfacet
  facet normal 0 0 1
    outer loop
      vertex 5.35 55.3 2
      vertex 3.05 90.6 2
      vertex 5.08535 55.287 2
    endloop
  endfacet
  facet normal 0 0 1
    outer loop
      vertex 5.08535 55.287 2
      vertex 3.05 90.6 2
      vertex 4.82326 55.2481 2
    endloop
  endfacet
  facet normal 0 0 1
    outer loop
      vertex 4.82326 55.2481 2
      vertex 3.05 90.6 2
      vertex 4.56623 55.1837 2
    endloop
  endfacet
  facet normal 0 0 1
    outer loop
      vertex 4.56623 55.1837 2
      vertex 3.05 90.6 2
      vertex 4.31675 55.0945 2
    endloop
  endfacet
  facet normal 0 0 1
    outer loop
      vertex 4.31675 55.0945 2
      vertex 3.05 90.6 2
      vertex 4.07723 54.9812 2
    endloop
  endfacet
  facet normal 0 0 1
    outer loop
      vertex 4.07723 54.9812 2
      vertex 3.05 90.6 2
      vertex 3.84996 54.845 2
    endloop
  endfacet
  facet normal 0 0 1
    outer loop
      vertex 3.84996 54.845 2
      vertex 3.05 90.6 2
      vertex 3.63714 54.6871 2
    endloop
  endfacet
  facet normal 0 0 1
    outer loop
      vertex 3.63714 54.6871 2
      vertex 3.05 90.6 2
      vertex 3.44081 54.5092 2
    endloop
  endfacet
  facet normal 0 0 1
    outer loop
      vertex 3.44081 54.5092 2
      vertex 3.05 90.6 2
      vertex 3.26287 54.3129 2
    endloop
  endfacet
  facet normal 0 0 1
    outer loop
      vertex 3.26287 54.3129 2
      vertex 3.05 90.6 2
      vertex 3.10503 54.1 2
    endloop
  endfacet
  facet normal 0 0 1
    outer loop
      vertex 2.76626 121.816 2
      vertex 3.05 100.6 2
      vertex 2.85553 121.567 2
    endloop
  endfacet
  facet normal 0 0 1
    outer loop
      vertex 3.05 90.6 2
      vertex 2.96881 53.8728 2
      vertex 3.10503 54.1 2
    endloop
  endfacet
  facet normal 0 0 1
    outer loop
      vertex 2.70188 122.073 2
      vertex 3.05 100.6 2
      vertex 2.76626 121.816 2
    endloop
  endfacet
  facet normal 0 0 1
    outer loop
      vertex 3.05 90.6 2
      vertex 2.85553 53.6332 2
      vertex 2.96881 53.8728 2
    endloop
  endfacet
  facet normal 0 0 1
    outer loop
      vertex 2.663 122.335 2
      vertex 3.05 100.6 2
      vertex 2.70188 122.073 2
    endloop
  endfacet
  facet normal 0 0 1
    outer loop
      vertex 3.05 90.6 2
      vertex 2.76626 53.3838 2
      vertex 2.85553 53.6332 2
    endloop
  endfacet
  facet normal 0 0 1
    outer loop
      vertex 2.65 122.6 2
      vertex 3.05 100.6 2
      vertex 2.663 122.335 2
    endloop
  endfacet
  facet normal 0 0 1
    outer loop
      vertex 3.05 90.6 2
      vertex 2.70188 53.1267 2
      vertex 2.76626 53.3838 2
    endloop
  endfacet
  facet normal 0 0 1
    outer loop
      vertex 3.05 100.6 2
      vertex 2.65 122.6 2
      vertex 3.05 90.6 2
    endloop
  endfacet
  facet normal 0 0 1
    outer loop
      vertex 3.05 90.6 2
      vertex 2.663 52.8646 2
      vertex 2.70188 53.1267 2
    endloop
  endfacet
  facet normal 0 0 1
    outer loop
      vertex 2.65 52.6 2
      vertex 3.05 90.6 2
      vertex 2.65 122.6 2
    endloop
  endfacet
  facet normal 0 0 1
    outer loop
      vertex 3.05 90.6 2
      vertex 2.65 52.6 2
      vertex 2.663 52.8646 2
    endloop
  endfacet
  facet normal 0 0 1
    outer loop
      vertex 16.605 122.488 2
      vertex 16.35 123 2
      vertex 16.3623 122.452 2
    endloop
  endfacet
  facet normal 0 0 1
    outer loop
      vertex 16.35 123 2
      vertex 16.1243 122.392 2
      vertex 16.3623 122.452 2
    endloop
  endfacet
  facet normal 0 0 1
    outer loop
      vertex 16.35 123 2
      vertex 15.8933 122.31 2
      vertex 16.1243 122.392 2
    endloop
  endfacet
  facet normal -0 0 1
    outer loop
      vertex 14.85 123 2
      vertex 15.8933 122.31 2
      vertex 16.35 123 2
    endloop
  endfacet
  facet normal 0 0 1
    outer loop
      vertex 15.8933 122.31 2
      vertex 14.85 123 2
      vertex 15.6715 122.205 2
    endloop
  endfacet
  facet normal 0 0 1
    outer loop
      vertex 15.6715 122.205 2
      vertex 14.85 123 2
      vertex 15.4611 122.079 2
    endloop
  endfacet
  facet normal 0 0 1
    outer loop
      vertex 15.4611 122.079 2
      vertex 14.85 123 2
      vertex 15.264 121.933 2
    endloop
  endfacet
  facet normal 0 0 1
    outer loop
      vertex 15.264 121.933 2
      vertex 14.85 123 2
      vertex 15.0822 121.768 2
    endloop
  endfacet
  facet normal 0 0 1
    outer loop
      vertex 14.85 123 2
      vertex 14.9175 121.586 2
      vertex 15.0822 121.768 2
    endloop
  endfacet
  facet normal 0 0 1
    outer loop
      vertex 14.9175 121.586 2
      vertex 14.85 123 2
      vertex 14.7713 121.389 2
    endloop
  endfacet
  facet normal -0 0 1
    outer loop
      vertex 7.43713 120.887 2
      vertex 14.398 119.512 2
      vertex 7.59497 121.1 2
    endloop
  endfacet
  facet normal 0 0 1
    outer loop
      vertex 14.398 119.512 2
      vertex 7.43713 120.887 2
      vertex 14.4576 119.274 2
    endloop
  endfacet
  facet normal -0 0 1
    outer loop
      vertex 7.25919 120.691 2
      vertex 14.4576 119.274 2
      vertex 7.43713 120.887 2
    endloop
  endfacet
  facet normal 0 0 1
    outer loop
      vertex 14.4576 119.274 2
      vertex 7.25919 120.691 2
      vertex 14.5403 119.043 2
    endloop
  endfacet
  facet normal -0 0 1
    outer loop
      vertex 7.06286 120.513 2
      vertex 14.5403 119.043 2
      vertex 7.25919 120.691 2
    endloop
  endfacet
  facet normal 0 0 1
    outer loop
      vertex 14.5403 119.043 2
      vertex 7.06286 120.513 2
      vertex 14.6452 118.822 2
    endloop
  endfacet
  facet normal -0 0 1
    outer loop
      vertex 6.85004 120.355 2
      vertex 14.6452 118.822 2
      vertex 7.06286 120.513 2
    endloop
  endfacet
  facet normal 0 0 1
    outer loop
      vertex 14.6452 118.822 2
      vertex 6.85004 120.355 2
      vertex 14.7713 118.611 2
    endloop
  endfacet
  facet normal -0 0 1
    outer loop
      vertex 6.62277 120.219 2
      vertex 14.7713 118.611 2
      vertex 6.85004 120.355 2
    endloop
  endfacet
  facet normal 0 0 1
    outer loop
      vertex 14.7713 118.611 2
      vertex 6.62277 120.219 2
      vertex 14.9175 118.414 2
    endloop
  endfacet
  facet normal -0 0 1
    outer loop
      vertex 6.38324 120.106 2
      vertex 14.9175 118.414 2
      vertex 6.62277 120.219 2
    endloop
  endfacet
  facet normal -0 0 1
    outer loop
      vertex 6.13377 120.016 2
      vertex 14.9175 118.414 2
      vertex 6.38324 120.106 2
    endloop
  endfacet
  facet normal 0 0 1
    outer loop
      vertex 14.9175 118.414 2
      vertex 6.13377 120.016 2
      vertex 13.05 100.6 2
    endloop
  endfacet
  facet normal -0 0 1
    outer loop
      vertex 5.87674 119.952 2
      vertex 13.05 100.6 2
      vertex 6.13377 120.016 2
    endloop
  endfacet
  facet normal 0 0 1
    outer loop
      vertex 3.05 100.6 2
      vertex 5.87674 119.952 2
      vertex 5.61465 119.913 2
    endloop
  endfacet
  facet normal 0 0 1
    outer loop
      vertex 3.05 100.6 2
      vertex 5.61465 119.913 2
      vertex 5.35 119.9 2
    endloop
  endfacet
  facet normal 0 0 1
    outer loop
      vertex 3.05 100.6 2
      vertex 5.35 119.9 2
      vertex 5.08535 119.913 2
    endloop
  endfacet
  facet normal 0 0 1
    outer loop
      vertex 3.05 100.6 2
      vertex 5.08535 119.913 2
      vertex 4.82326 119.952 2
    endloop
  endfacet
  facet normal 0 0 1
    outer loop
      vertex 3.05 100.6 2
      vertex 4.82326 119.952 2
      vertex 4.56623 120.016 2
    endloop
  endfacet
  facet normal 0 0 1
    outer loop
      vertex 3.05 100.6 2
      vertex 4.56623 120.016 2
      vertex 4.31675 120.106 2
    endloop
  endfacet
  facet normal 0 0 1
    outer loop
      vertex 3.05 100.6 2
      vertex 4.31675 120.106 2
      vertex 4.07723 120.219 2
    endloop
  endfacet
  facet normal 0 0 1
    outer loop
      vertex 3.05 100.6 2
      vertex 4.07723 120.219 2
      vertex 3.84996 120.355 2
    endloop
  endfacet
  facet normal 0 0 1
    outer loop
      vertex 3.05 100.6 2
      vertex 3.84996 120.355 2
      vertex 3.63714 120.513 2
    endloop
  endfacet
  facet normal 0 0 1
    outer loop
      vertex 3.05 100.6 2
      vertex 3.63714 120.513 2
      vertex 3.44081 120.691 2
    endloop
  endfacet
  facet normal 0 0 1
    outer loop
      vertex 3.05 100.6 2
      vertex 3.44081 120.691 2
      vertex 3.26287 120.887 2
    endloop
  endfacet
  facet normal 0 0 1
    outer loop
      vertex 3.05 100.6 2
      vertex 3.26287 120.887 2
      vertex 3.10503 121.1 2
    endloop
  endfacet
  facet normal 0 0 1
    outer loop
      vertex 5.87674 119.952 2
      vertex 3.05 100.6 2
      vertex 13.05 100.6 2
    endloop
  endfacet
  facet normal 0 0 1
    outer loop
      vertex 2.85553 121.567 2
      vertex 3.05 100.6 2
      vertex 2.96881 121.327 2
    endloop
  endfacet
  facet normal 0 0 1
    outer loop
      vertex 2.96881 121.327 2
      vertex 3.05 100.6 2
      vertex 3.10503 121.1 2
    endloop
  endfacet
  facet normal 0 0 1
    outer loop
      vertex 7.06286 54.6871 2
      vertex 33.6371 54.6871 2
      vertex 13.05 90.6 2
    endloop
  endfacet
  facet normal 0 0 1
    outer loop
      vertex 32.7019 53.1267 2
      vertex 22.0916 26.9215 2
      vertex 22.1 26.75 2
    endloop
  endfacet
  facet normal 0 0 1
    outer loop
      vertex 33.6371 54.6871 2
      vertex 8.037 52.8646 2
      vertex 33.4408 54.5092 2
    endloop
  endfacet
  facet normal 0 0 1
    outer loop
      vertex 32.7019 53.1267 2
      vertex 22.0664 27.0914 2
      vertex 22.0916 26.9215 2
    endloop
  endfacet
  facet normal 0 0 1
    outer loop
      vertex 8.037 52.8646 2
      vertex 33.2629 54.3129 2
      vertex 33.4408 54.5092 2
    endloop
  endfacet
  facet normal 0 0 1
    outer loop
      vertex 32.7019 53.1267 2
      vertex 22.0246 27.258 2
      vertex 22.0664 27.0914 2
    endloop
  endfacet
  facet normal 0 0 1
    outer loop
      vertex 8.037 52.8646 2
      vertex 33.105 54.1 2
      vertex 33.2629 54.3129 2
    endloop
  endfacet
  facet normal 0 0 1
    outer loop
      vertex 32.7019 53.1267 2
      vertex 21.9668 27.4197 2
      vertex 22.0246 27.258 2
    endloop
  endfacet
  facet normal 0 0 1
    outer loop
      vertex 8.037 52.8646 2
      vertex 32.9688 53.8728 2
      vertex 33.105 54.1 2
    endloop
  endfacet
  facet normal 0 0 1
    outer loop
      vertex 32.7019 53.1267 2
      vertex 21.8934 27.5749 2
      vertex 21.9668 27.4197 2
    endloop
  endfacet
  facet normal 0 0 1
    outer loop
      vertex 8.037 52.8646 2
      vertex 32.8555 53.6332 2
      vertex 32.9688 53.8728 2
    endloop
  endfacet
  facet normal 0 0 1
    outer loop
      vertex 32.7019 53.1267 2
      vertex 21.8051 27.7222 2
      vertex 21.8934 27.5749 2
    endloop
  endfacet
  facet normal 0 0 1
    outer loop
      vertex 8.037 52.8646 2
      vertex 32.7663 53.3838 2
      vertex 32.8555 53.6332 2
    endloop
  endfacet
  facet normal 0 0 1
    outer loop
      vertex 8.037 52.8646 2
      vertex 32.7019 53.1267 2
      vertex 32.7663 53.3838 2
    endloop
  endfacet
  facet normal 0 0 1
    outer loop
      vertex 13.05 90.6 2
      vertex 21.7028 109.14 2
      vertex 21.5874 109.013 2
    endloop
  endfacet
  facet normal 0 0 1
    outer loop
      vertex 32.7019 53.1267 2
      vertex 21.7028 27.8602 2
      vertex 21.8051 27.7222 2
    endloop
  endfacet
  facet normal 0 0 1
    outer loop
      vertex 13.05 90.6 2
      vertex 21.5874 109.013 2
      vertex 21.4602 108.897 2
    endloop
  endfacet
  facet normal 0 0 1
    outer loop
      vertex 32.7019 53.1267 2
      vertex 21.5874 27.9874 2
      vertex 21.7028 27.8602 2
    endloop
  endfacet
  facet normal 0 0 1
    outer loop
      vertex 13.05 90.6 2
      vertex 21.4602 108.897 2
      vertex 21.3222 108.795 2
    endloop
  endfacet
  facet normal 0 0 1
    outer loop
      vertex 8.037 52.3354 2
      vertex 32.7019 53.1267 2
      vertex 8.05 52.6 2
    endloop
  endfacet
  facet normal 0 0 1
    outer loop
      vertex 13.05 90.6 2
      vertex 21.3222 108.795 2
      vertex 21.1749 108.707 2
    endloop
  endfacet
  facet normal 0 0 1
    outer loop
      vertex 32.7019 53.1267 2
      vertex 21.4602 28.1028 2
      vertex 21.5874 27.9874 2
    endloop
  endfacet
  facet normal 0 0 1
    outer loop
      vertex 13.05 90.6 2
      vertex 21.1749 108.707 2
      vertex 21.0197 108.633 2
    endloop
  endfacet
  facet normal 0 0 1
    outer loop
      vertex 32.7019 53.1267 2
      vertex 21.3222 28.2051 2
      vertex 21.4602 28.1028 2
    endloop
  endfacet
  facet normal 0 0 1
    outer loop
      vertex 13.05 100.6 2
      vertex 21.0197 108.633 2
      vertex 20.858 108.575 2
    endloop
  endfacet
  facet normal 0 0 1
    outer loop
      vertex 32.7019 53.1267 2
      vertex 21.1749 28.2934 2
      vertex 21.3222 28.2051 2
    endloop
  endfacet
  facet normal 0 0 1
    outer loop
      vertex 13.05 100.6 2
      vertex 20.858 108.575 2
      vertex 20.6914 108.534 2
    endloop
  endfacet
  facet normal 0 0 1
    outer loop
      vertex 7.99812 52.0733 2
      vertex 32.7019 53.1267 2
      vertex 8.037 52.3354 2
    endloop
  endfacet
  facet normal 0 0 1
    outer loop
      vertex 13.05 100.6 2
      vertex 20.6914 108.534 2
      vertex 20.5215 108.508 2
    endloop
  endfacet
  facet normal 0 0 1
    outer loop
      vertex 32.7019 53.1267 2
      vertex 21.0197 28.3668 2
      vertex 21.1749 28.2934 2
    endloop
  endfacet
  facet normal 0 0 1
    outer loop
      vertex 13.05 100.6 2
      vertex 20.5215 108.508 2
      vertex 20.35 108.5 2
    endloop
  endfacet
  facet normal 0 0 1
    outer loop
      vertex 7.93374 51.8162 2
      vertex 32.7019 53.1267 2
      vertex 7.99812 52.0733 2
    endloop
  endfacet
  facet normal 0 0 1
    outer loop
      vertex 13.05 100.6 2
      vertex 20.35 108.5 2
      vertex 20.1785 108.508 2
    endloop
  endfacet
  facet normal 0 0 1
    outer loop
      vertex 32.7019 53.1267 2
      vertex 20.858 28.4246 2
      vertex 21.0197 28.3668 2
    endloop
  endfacet
  facet normal 0 0 1
    outer loop
      vertex 13.05 100.6 2
      vertex 20.1785 108.508 2
      vertex 20.0086 108.534 2
    endloop
  endfacet
  facet normal 0 0 1
    outer loop
      vertex 7.84447 51.5668 2
      vertex 32.7019 53.1267 2
      vertex 7.93374 51.8162 2
    endloop
  endfacet
  facet normal 0 0 1
    outer loop
      vertex 13.05 100.6 2
      vertex 20.0086 108.534 2
      vertex 19.842 108.575 2
    endloop
  endfacet
  facet normal 0 0 1
    outer loop
      vertex 32.7019 53.1267 2
      vertex 20.6914 28.4664 2
      vertex 20.858 28.4246 2
    endloop
  endfacet
  facet normal 0 0 1
    outer loop
      vertex 13.05 100.6 2
      vertex 19.842 108.575 2
      vertex 19.6803 108.633 2
    endloop
  endfacet
  facet normal 0 0 1
    outer loop
      vertex 7.73119 51.3272 2
      vertex 32.7019 53.1267 2
      vertex 7.84447 51.5668 2
    endloop
  endfacet
  facet normal 0 0 1
    outer loop
      vertex 13.05 100.6 2
      vertex 19.6803 108.633 2
      vertex 19.5251 108.707 2
    endloop
  endfacet
  facet normal 0 0 1
    outer loop
      vertex 32.7019 53.1267 2
      vertex 20.5215 28.4916 2
      vertex 20.6914 28.4664 2
    endloop
  endfacet
  facet normal 0 0 1
    outer loop
      vertex 13.05 100.6 2
      vertex 19.5251 108.707 2
      vertex 19.3778 108.795 2
    endloop
  endfacet
  facet normal 0 -0 1
    outer loop
      vertex 20.35 28.5 2
      vertex 32.7019 53.1267 2
      vertex 7.73119 51.3272 2
    endloop
  endfacet
  facet normal 0 0 1
    outer loop
      vertex 13.05 100.6 2
      vertex 19.3778 108.795 2
      vertex 19.2398 108.897 2
    endloop
  endfacet
  facet normal 0 0 1
    outer loop
      vertex 32.7019 53.1267 2
      vertex 20.35 28.5 2
      vertex 20.5215 28.4916 2
    endloop
  endfacet
  facet normal 0 0 1
    outer loop
      vertex 13.05 100.6 2
      vertex 19.2398 108.897 2
      vertex 19.1126 109.013 2
    endloop
  endfacet
  facet normal -0 0 1
    outer loop
      vertex 7.59497 51.1 2
      vertex 20.35 28.5 2
      vertex 7.73119 51.3272 2
    endloop
  endfacet
  facet normal 0 0 1
    outer loop
      vertex 13.05 100.6 2
      vertex 19.1126 109.013 2
      vertex 18.9972 109.14 2
    endloop
  endfacet
  facet normal 0 0 1
    outer loop
      vertex 20.35 28.5 2
      vertex 7.59497 51.1 2
      vertex 20.1785 28.4916 2
    endloop
  endfacet
  facet normal 0 0 1
    outer loop
      vertex 13.05 100.6 2
      vertex 18.9972 109.14 2
      vertex 18.8949 109.278 2
    endloop
  endfacet
  facet normal -0 0 1
    outer loop
      vertex 7.43713 50.8871 2
      vertex 20.1785 28.4916 2
      vertex 7.59497 51.1 2
    endloop
  endfacet
  facet normal 0 0 1
    outer loop
      vertex 13.05 100.6 2
      vertex 18.8949 109.278 2
      vertex 18.8066 109.425 2
    endloop
  endfacet
  facet normal 0 0 1
    outer loop
      vertex 20.1785 28.4916 2
      vertex 7.43713 50.8871 2
      vertex 20.0086 28.4664 2
    endloop
  endfacet
  facet normal 0 0 1
    outer loop
      vertex 13.05 100.6 2
      vertex 18.8066 109.425 2
      vertex 18.7332 109.58 2
    endloop
  endfacet
  facet normal -0 0 1
    outer loop
      vertex 7.25919 50.6908 2
      vertex 20.0086 28.4664 2
      vertex 7.43713 50.8871 2
    endloop
  endfacet
  facet normal 0 0 1
    outer loop
      vertex 13.05 100.6 2
      vertex 18.7332 109.58 2
      vertex 18.6754 109.742 2
    endloop
  endfacet
  facet normal 0 0 1
    outer loop
      vertex 20.0086 28.4664 2
      vertex 7.25919 50.6908 2
      vertex 19.842 28.4246 2
    endloop
  endfacet
  facet normal 0 0 1
    outer loop
      vertex 13.05 100.6 2
      vertex 18.6754 109.742 2
      vertex 18.6336 109.909 2
    endloop
  endfacet
  facet normal -0 0 1
    outer loop
      vertex 7.06286 50.5129 2
      vertex 19.842 28.4246 2
      vertex 7.25919 50.6908 2
    endloop
  endfacet
  facet normal 0 0 1
    outer loop
      vertex 13.05 100.6 2
      vertex 18.6336 109.909 2
      vertex 18.6084 110.078 2
    endloop
  endfacet
  facet normal 0 0 1
    outer loop
      vertex 19.842 28.4246 2
      vertex 7.06286 50.5129 2
      vertex 19.6803 28.3668 2
    endloop
  endfacet
  facet normal 0 0 1
    outer loop
      vertex 13.05 100.6 2
      vertex 18.6084 110.078 2
      vertex 18.6 110.25 2
    endloop
  endfacet
  facet normal -0 0 1
    outer loop
      vertex 6.85004 50.355 2
      vertex 19.6803 28.3668 2
      vertex 7.06286 50.5129 2
    endloop
  endfacet
  facet normal 0 0 1
    outer loop
      vertex 24.5757 117.608 2
      vertex 22.0916 113.922 2
      vertex 22.1 113.75 2
    endloop
  endfacet
  facet normal 0 0 1
    outer loop
      vertex 24.095 117.512 2
      vertex 22.0664 114.091 2
      vertex 22.0916 113.922 2
    endloop
  endfacet
  facet normal 0 0 1
    outer loop
      vertex 24.095 117.512 2
      vertex 22.0246 114.258 2
      vertex 22.0664 114.091 2
    endloop
  endfacet
  facet normal 0 0 1
    outer loop
      vertex 24.095 117.512 2
      vertex 21.9668 114.42 2
      vertex 22.0246 114.258 2
    endloop
  endfacet
  facet normal 0 0 1
    outer loop
      vertex 23.85 117.5 2
      vertex 21.8934 114.575 2
      vertex 21.9668 114.42 2
    endloop
  endfacet
  facet normal 0 0 1
    outer loop
      vertex 23.85 117.5 2
      vertex 21.8051 114.722 2
      vertex 21.8934 114.575 2
    endloop
  endfacet
  facet normal 0 0 1
    outer loop
      vertex 23.85 117.5 2
      vertex 21.7028 114.86 2
      vertex 21.8051 114.722 2
    endloop
  endfacet
  facet normal 0 0 1
    outer loop
      vertex 23.85 117.5 2
      vertex 21.5874 114.987 2
      vertex 21.7028 114.86 2
    endloop
  endfacet
  facet normal 0 0 1
    outer loop
      vertex 23.85 117.5 2
      vertex 21.4602 115.103 2
      vertex 21.5874 114.987 2
    endloop
  endfacet
  facet normal 0 0 1
    outer loop
      vertex 23.85 117.5 2
      vertex 21.3222 115.205 2
      vertex 21.4602 115.103 2
    endloop
  endfacet
  facet normal 0 0 1
    outer loop
      vertex 23.85 117.5 2
      vertex 21.1749 115.293 2
      vertex 21.3222 115.205 2
    endloop
  endfacet
  facet normal 0 0 1
    outer loop
      vertex 23.85 117.5 2
      vertex 21.0197 115.367 2
      vertex 21.1749 115.293 2
    endloop
  endfacet
  facet normal 0 0 1
    outer loop
      vertex 23.85 117.5 2
      vertex 20.858 115.425 2
      vertex 21.0197 115.367 2
    endloop
  endfacet
  facet normal 0 0 1
    outer loop
      vertex 23.85 117.5 2
      vertex 20.6914 115.466 2
      vertex 20.858 115.425 2
    endloop
  endfacet
  facet normal 0 0 1
    outer loop
      vertex 23.85 117.5 2
      vertex 20.5215 115.492 2
      vertex 20.6914 115.466 2
    endloop
  endfacet
  facet normal 0 0 1
    outer loop
      vertex 23.85 117.5 2
      vertex 20.35 115.5 2
      vertex 20.5215 115.492 2
    endloop
  endfacet
  facet normal -0 0 1
    outer loop
      vertex 16.85 117.5 2
      vertex 20.35 115.5 2
      vertex 23.85 117.5 2
    endloop
  endfacet
  facet normal 0 0 1
    outer loop
      vertex 20.35 115.5 2
      vertex 16.85 117.5 2
      vertex 20.1785 115.492 2
    endloop
  endfacet
  facet normal 0 0 1
    outer loop
      vertex 20.1785 115.492 2
      vertex 16.85 117.5 2
      vertex 20.0086 115.466 2
    endloop
  endfacet
  facet normal 0 0 1
    outer loop
      vertex 20.0086 115.466 2
      vertex 16.85 117.5 2
      vertex 19.842 115.425 2
    endloop
  endfacet
  facet normal 0 0 1
    outer loop
      vertex 19.842 115.425 2
      vertex 16.85 117.5 2
      vertex 19.6803 115.367 2
    endloop
  endfacet
  facet normal 0 0 1
    outer loop
      vertex 15.4611 117.921 2
      vertex 18.6 110.25 2
      vertex 18.6 113.75 2
    endloop
  endfacet
  facet normal 0 0 1
    outer loop
      vertex 19.6803 28.3668 2
      vertex 6.85004 50.355 2
      vertex 19.5251 28.2934 2
    endloop
  endfacet
  facet normal 0 0 1
    outer loop
      vertex 18.6336 114.091 2
      vertex 16.3623 117.548 2
      vertex 18.6084 113.922 2
    endloop
  endfacet
  facet normal 0 0 1
    outer loop
      vertex 18.6754 114.258 2
      vertex 16.3623 117.548 2
      vertex 18.6336 114.091 2
    endloop
  endfacet
  facet normal 0 0 1
    outer loop
      vertex 16.3623 117.548 2
      vertex 18.6754 114.258 2
      vertex 16.605 117.512 2
    endloop
  endfacet
  facet normal 0 0 1
    outer loop
      vertex 18.7332 114.42 2
      vertex 16.605 117.512 2
      vertex 18.6754 114.258 2
    endloop
  endfacet
  facet normal 0 0 1
    outer loop
      vertex 16.605 117.512 2
      vertex 18.7332 114.42 2
      vertex 16.85 117.5 2
    endloop
  endfacet
  facet normal 0 0 1
    outer loop
      vertex 18.8066 114.575 2
      vertex 16.85 117.5 2
      vertex 18.7332 114.42 2
    endloop
  endfacet
  facet normal 0 0 1
    outer loop
      vertex 18.8949 114.722 2
      vertex 16.85 117.5 2
      vertex 18.8066 114.575 2
    endloop
  endfacet
  facet normal 0 0 1
    outer loop
      vertex 18.9972 114.86 2
      vertex 16.85 117.5 2
      vertex 18.8949 114.722 2
    endloop
  endfacet
  facet normal 0 0 1
    outer loop
      vertex 19.1126 114.987 2
      vertex 16.85 117.5 2
      vertex 18.9972 114.86 2
    endloop
  endfacet
  facet normal 0 0 1
    outer loop
      vertex 19.2398 115.103 2
      vertex 16.85 117.5 2
      vertex 19.1126 114.987 2
    endloop
  endfacet
  facet normal 0 0 1
    outer loop
      vertex 19.3778 115.205 2
      vertex 16.85 117.5 2
      vertex 19.2398 115.103 2
    endloop
  endfacet
  facet normal 0 0 1
    outer loop
      vertex 19.5251 115.293 2
      vertex 16.85 117.5 2
      vertex 19.3778 115.205 2
    endloop
  endfacet
  facet normal 0 0 1
    outer loop
      vertex 19.6803 115.367 2
      vertex 16.85 117.5 2
      vertex 19.5251 115.293 2
    endloop
  endfacet
  facet normal -0 0 1
    outer loop
      vertex 38.037 122.335 2
      vertex 38.05 52.6 2
      vertex 38.05 122.6 2
    endloop
  endfacet
  facet normal 0 0 1
    outer loop
      vertex 38.037 122.335 2
      vertex 38.037 52.8646 2
      vertex 38.05 52.6 2
    endloop
  endfacet
  facet normal -0 0 1
    outer loop
      vertex 37.9981 122.073 2
      vertex 38.037 52.8646 2
      vertex 38.037 122.335 2
    endloop
  endfacet
  facet normal 0 0 1
    outer loop
      vertex 37.9981 122.073 2
      vertex 37.9981 53.1267 2
      vertex 38.037 52.8646 2
    endloop
  endfacet
  facet normal -0 0 1
    outer loop
      vertex 37.9337 121.816 2
      vertex 37.9981 53.1267 2
      vertex 37.9981 122.073 2
    endloop
  endfacet
  facet normal 0 0 1
    outer loop
      vertex 37.9337 121.816 2
      vertex 37.9337 53.3838 2
      vertex 37.9981 53.1267 2
    endloop
  endfacet
  facet normal -0 0 1
    outer loop
      vertex 37.8445 121.567 2
      vertex 37.9337 53.3838 2
      vertex 37.9337 121.816 2
    endloop
  endfacet
  facet normal 0 0 1
    outer loop
      vertex 37.8445 121.567 2
      vertex 37.8445 53.6332 2
      vertex 37.9337 53.3838 2
    endloop
  endfacet
  facet normal -0 0 1
    outer loop
      vertex 37.7312 121.327 2
      vertex 37.8445 53.6332 2
      vertex 37.8445 121.567 2
    endloop
  endfacet
  facet normal 0 0 1
    outer loop
      vertex 37.7312 121.327 2
      vertex 37.7312 53.8728 2
      vertex 37.8445 53.6332 2
    endloop
  endfacet
  facet normal -0 0 1
    outer loop
      vertex 37.595 121.1 2
      vertex 37.7312 53.8728 2
      vertex 37.7312 121.327 2
    endloop
  endfacet
  facet normal 0 0 1
    outer loop
      vertex 37.595 121.1 2
      vertex 37.595 54.1 2
      vertex 37.7312 53.8728 2
    endloop
  endfacet
  facet normal -0 0 1
    outer loop
      vertex 37.4371 120.887 2
      vertex 37.595 54.1 2
      vertex 37.595 121.1 2
    endloop
  endfacet
  facet normal 0 0 1
    outer loop
      vertex 37.4371 120.887 2
      vertex 37.4371 54.3129 2
      vertex 37.595 54.1 2
    endloop
  endfacet
  facet normal -0 0 1
    outer loop
      vertex 37.2592 120.691 2
      vertex 37.4371 54.3129 2
      vertex 37.4371 120.887 2
    endloop
  endfacet
  facet normal 0 0 1
    outer loop
      vertex 37.2592 120.691 2
      vertex 37.2592 54.5092 2
      vertex 37.4371 54.3129 2
    endloop
  endfacet
  facet normal -0 0 1
    outer loop
      vertex 37.0629 120.513 2
      vertex 37.2592 54.5092 2
      vertex 37.2592 120.691 2
    endloop
  endfacet
  facet normal 0 0 1
    outer loop
      vertex 37.0629 120.513 2
      vertex 37.0629 54.6871 2
      vertex 37.2592 54.5092 2
    endloop
  endfacet
  facet normal -0 0 1
    outer loop
      vertex 36.85 120.355 2
      vertex 37.0629 54.6871 2
      vertex 37.0629 120.513 2
    endloop
  endfacet
  facet normal 0 0 1
    outer loop
      vertex 36.85 120.355 2
      vertex 36.85 54.845 2
      vertex 37.0629 54.6871 2
    endloop
  endfacet
  facet normal -0 0 1
    outer loop
      vertex 36.6228 120.219 2
      vertex 36.85 54.845 2
      vertex 36.85 120.355 2
    endloop
  endfacet
  facet normal 0 0 1
    outer loop
      vertex 36.6228 120.219 2
      vertex 36.6228 54.9812 2
      vertex 36.85 54.845 2
    endloop
  endfacet
  facet normal -0 0 1
    outer loop
      vertex 36.3832 120.106 2
      vertex 36.6228 54.9812 2
      vertex 36.6228 120.219 2
    endloop
  endfacet
  facet normal 0 0 1
    outer loop
      vertex 36.3832 120.106 2
      vertex 36.3832 55.0945 2
      vertex 36.6228 54.9812 2
    endloop
  endfacet
  facet normal -0 0 1
    outer loop
      vertex 35.35 119.9 2
      vertex 22.0246 109.742 2
      vertex 35.6146 119.913 2
    endloop
  endfacet
  facet normal 0 0 1
    outer loop
      vertex 21.9668 109.58 2
      vertex 35.6146 119.913 2
      vertex 22.0246 109.742 2
    endloop
  endfacet
  facet normal 0 0 1
    outer loop
      vertex 22.0246 109.742 2
      vertex 35.35 119.9 2
      vertex 22.0664 109.909 2
    endloop
  endfacet
  facet normal -0 0 1
    outer loop
      vertex 35.6146 119.913 2
      vertex 21.9668 109.58 2
      vertex 35.8767 119.952 2
    endloop
  endfacet
  facet normal 0 0 1
    outer loop
      vertex 35.0854 119.913 2
      vertex 22.0664 109.909 2
      vertex 35.35 119.9 2
    endloop
  endfacet
  facet normal 0 0 1
    outer loop
      vertex 21.8934 109.425 2
      vertex 35.8767 119.952 2
      vertex 21.9668 109.58 2
    endloop
  endfacet
  facet normal 0 0 1
    outer loop
      vertex 22.0664 109.909 2
      vertex 35.0854 119.913 2
      vertex 22.0916 110.078 2
    endloop
  endfacet
  facet normal -0 0 1
    outer loop
      vertex 35.8767 119.952 2
      vertex 21.8934 109.425 2
      vertex 36.1338 120.016 2
    endloop
  endfacet
  facet normal 0 0 1
    outer loop
      vertex 34.8233 119.952 2
      vertex 22.0916 110.078 2
      vertex 35.0854 119.913 2
    endloop
  endfacet
  facet normal 0 0 1
    outer loop
      vertex 21.8051 109.278 2
      vertex 36.1338 120.016 2
      vertex 21.8934 109.425 2
    endloop
  endfacet
  facet normal 0 0 1
    outer loop
      vertex 22.0916 110.078 2
      vertex 34.8233 119.952 2
      vertex 22.1 110.25 2
    endloop
  endfacet
  facet normal -0 0 1
    outer loop
      vertex 36.1338 120.016 2
      vertex 21.8051 109.278 2
      vertex 36.3832 120.106 2
    endloop
  endfacet
  facet normal 0 0 1
    outer loop
      vertex 22.1 110.25 2
      vertex 34.8233 119.952 2
      vertex 34.5662 120.016 2
    endloop
  endfacet
  facet normal 0 0 1
    outer loop
      vertex 21.7028 109.14 2
      vertex 36.3832 120.106 2
      vertex 21.8051 109.278 2
    endloop
  endfacet
  facet normal 0 0 1
    outer loop
      vertex 25.6178 118.232 2
      vertex 34.5662 120.016 2
      vertex 34.3168 120.106 2
    endloop
  endfacet
  facet normal 0 0 1
    outer loop
      vertex 36.3832 120.106 2
      vertex 21.7028 109.14 2
      vertex 36.3832 55.0945 2
    endloop
  endfacet
  facet normal 0 0 1
    outer loop
      vertex 25.7825 118.414 2
      vertex 34.3168 120.106 2
      vertex 34.0772 120.219 2
    endloop
  endfacet
  facet normal 0 0 1
    outer loop
      vertex 36.3832 55.0945 2
      vertex 21.7028 109.14 2
      vertex 36.1338 55.1837 2
    endloop
  endfacet
  facet normal 0 0 1
    outer loop
      vertex 25.9287 118.611 2
      vertex 34.0772 120.219 2
      vertex 33.85 120.355 2
    endloop
  endfacet
  facet normal -0 0 1
    outer loop
      vertex 13.05 90.6 2
      vertex 36.1338 55.1837 2
      vertex 21.7028 109.14 2
    endloop
  endfacet
  facet normal 0 0 1
    outer loop
      vertex 26.0548 118.822 2
      vertex 33.85 120.355 2
      vertex 33.6371 120.513 2
    endloop
  endfacet
  facet normal 0 0 1
    outer loop
      vertex 36.1338 55.1837 2
      vertex 13.05 90.6 2
      vertex 35.8767 55.2481 2
    endloop
  endfacet
  facet normal 0 0 1
    outer loop
      vertex 26.1597 119.043 2
      vertex 33.6371 120.513 2
      vertex 33.4408 120.691 2
    endloop
  endfacet
  facet normal 0 0 1
    outer loop
      vertex 35.8767 55.2481 2
      vertex 13.05 90.6 2
      vertex 35.6146 55.287 2
    endloop
  endfacet
  facet normal 0 0 1
    outer loop
      vertex 26.2423 119.274 2
      vertex 33.4408 120.691 2
      vertex 33.2629 120.887 2
    endloop
  endfacet
  facet normal 0 0 1
    outer loop
      vertex 35.6146 55.287 2
      vertex 13.05 90.6 2
      vertex 35.35 55.3 2
    endloop
  endfacet
  facet normal 0 0 1
    outer loop
      vertex 26.302 119.512 2
      vertex 33.2629 120.887 2
      vertex 33.105 121.1 2
    endloop
  endfacet
  facet normal 0 0 1
    outer loop
      vertex 35.35 55.3 2
      vertex 13.05 90.6 2
      vertex 35.0854 55.287 2
    endloop
  endfacet
  facet normal 0 0 1
    outer loop
      vertex 26.338 119.755 2
      vertex 33.105 121.1 2
      vertex 32.9688 121.327 2
    endloop
  endfacet
  facet normal 0 0 1
    outer loop
      vertex 35.0854 55.287 2
      vertex 13.05 90.6 2
      vertex 34.8233 55.2481 2
    endloop
  endfacet
  facet normal 0 0 1
    outer loop
      vertex 26.35 120 2
      vertex 32.9688 121.327 2
      vertex 32.8555 121.567 2
    endloop
  endfacet
  facet normal 0 0 1
    outer loop
      vertex 34.8233 55.2481 2
      vertex 13.05 90.6 2
      vertex 34.5662 55.1837 2
    endloop
  endfacet
  facet normal 0 0 1
    outer loop
      vertex 26.338 120.245 2
      vertex 32.8555 121.567 2
      vertex 32.7663 121.816 2
    endloop
  endfacet
  facet normal 0 0 1
    outer loop
      vertex 34.5662 55.1837 2
      vertex 13.05 90.6 2
      vertex 34.3168 55.0945 2
    endloop
  endfacet
  facet normal 0 0 1
    outer loop
      vertex 26.302 120.488 2
      vertex 32.7663 121.816 2
      vertex 32.7019 122.073 2
    endloop
  endfacet
  facet normal 0 0 1
    outer loop
      vertex 34.3168 55.0945 2
      vertex 13.05 90.6 2
      vertex 34.0772 54.9812 2
    endloop
  endfacet
  facet normal 0 0 1
    outer loop
      vertex 26.2423 120.726 2
      vertex 32.7019 122.073 2
      vertex 32.663 122.335 2
    endloop
  endfacet
  facet normal 0 0 1
    outer loop
      vertex 34.0772 54.9812 2
      vertex 13.05 90.6 2
      vertex 33.85 54.845 2
    endloop
  endfacet
  facet normal 0 0 1
    outer loop
      vertex 26.1597 120.957 2
      vertex 32.663 122.335 2
      vertex 32.65 122.6 2
    endloop
  endfacet
  facet normal 0 0 1
    outer loop
      vertex 33.85 54.845 2
      vertex 13.05 90.6 2
      vertex 33.6371 54.6871 2
    endloop
  endfacet
  facet normal 0 0 0
    outer loop
      vertex 38.05 128.2 2
      vertex 38.05 122.6 2
      vertex 38.05 3 2
    endloop
  endfacet
  facet normal 0 0 1
    outer loop
      vertex 37.7 128.55 2
      vertex 38.05 128.2 2
      vertex 38.0483 128.234 2
    endloop
  endfacet
  facet normal 0 0 1
    outer loop
      vertex 37.7 128.55 2
      vertex 38.0483 128.234 2
      vertex 38.0433 128.268 2
    endloop
  endfacet
  facet normal 0 0 1
    outer loop
      vertex 38.05 128.2 2
      vertex 38.037 122.865 2
      vertex 38.05 122.6 2
    endloop
  endfacet
  facet normal 0 0 1
    outer loop
      vertex 37.7 128.55 2
      vertex 38.0433 128.268 2
      vertex 38.0349 128.302 2
    endloop
  endfacet
  facet normal 0 0 1
    outer loop
      vertex 37.7 128.55 2
      vertex 38.0349 128.302 2
      vertex 38.0234 128.334 2
    endloop
  endfacet
  facet normal 0 0 1
    outer loop
      vertex 37.7 128.55 2
      vertex 38.0234 128.334 2
      vertex 38.0087 128.365 2
    endloop
  endfacet
  facet normal 0 0 1
    outer loop
      vertex 38.05 128.2 2
      vertex 37.9981 123.127 2
      vertex 38.037 122.865 2
    endloop
  endfacet
  facet normal 0 0 1
    outer loop
      vertex 37.7 128.55 2
      vertex 38.0087 128.365 2
      vertex 37.991 128.394 2
    endloop
  endfacet
  facet normal 0 0 1
    outer loop
      vertex 37.7 128.55 2
      vertex 37.991 128.394 2
      vertex 37.9706 128.422 2
    endloop
  endfacet
  facet normal 0 0 1
    outer loop
      vertex 37.7 128.55 2
      vertex 37.9706 128.422 2
      vertex 37.9475 128.447 2
    endloop
  endfacet
  facet normal 0 0 1
    outer loop
      vertex 38.05 128.2 2
      vertex 37.9337 123.384 2
      vertex 37.9981 123.127 2
    endloop
  endfacet
  facet normal 0 0 1
    outer loop
      vertex 37.7 128.55 2
      vertex 37.9475 128.447 2
      vertex 37.922 128.471 2
    endloop
  endfacet
  facet normal 0 0 1
    outer loop
      vertex 37.7 128.55 2
      vertex 37.922 128.471 2
      vertex 37.8944 128.491 2
    endloop
  endfacet
  facet normal 0 0 1
    outer loop
      vertex 37.7 128.55 2
      vertex 37.8944 128.491 2
      vertex 37.865 128.509 2
    endloop
  endfacet
  facet normal 0 0 1
    outer loop
      vertex 38.05 128.2 2
      vertex 37.8445 123.633 2
      vertex 37.9337 123.384 2
    endloop
  endfacet
  facet normal 0 0 1
    outer loop
      vertex 37.7 128.55 2
      vertex 37.865 128.509 2
      vertex 37.8339 128.523 2
    endloop
  endfacet
  facet normal 0 0 1
    outer loop
      vertex 37.7 128.55 2
      vertex 37.8339 128.523 2
      vertex 37.8016 128.535 2
    endloop
  endfacet
  facet normal 0 0 1
    outer loop
      vertex 37.7 128.55 2
      vertex 37.8016 128.535 2
      vertex 37.7683 128.543 2
    endloop
  endfacet
  facet normal 0 0 1
    outer loop
      vertex 37.7 128.55 2
      vertex 37.7683 128.543 2
      vertex 37.7343 128.548 2
    endloop
  endfacet
  facet normal 0 0 1
    outer loop
      vertex 38.05 128.2 2
      vertex 37.7312 123.873 2
      vertex 37.8445 123.633 2
    endloop
  endfacet
  facet normal 0 0 1
    outer loop
      vertex 38.05 128.2 2
      vertex 37.7 128.55 2
      vertex 36.1338 125.184 2
    endloop
  endfacet
  facet normal 0 0 1
    outer loop
      vertex 38.05 128.2 2
      vertex 37.595 124.1 2
      vertex 37.7312 123.873 2
    endloop
  endfacet
  facet normal 0 0 1
    outer loop
      vertex 38.05 128.2 2
      vertex 37.4371 124.313 2
      vertex 37.595 124.1 2
    endloop
  endfacet
  facet normal 0 0 1
    outer loop
      vertex 38.05 128.2 2
      vertex 37.2592 124.509 2
      vertex 37.4371 124.313 2
    endloop
  endfacet
  facet normal 0 0 1
    outer loop
      vertex 38.05 128.2 2
      vertex 37.0629 124.687 2
      vertex 37.2592 124.509 2
    endloop
  endfacet
  facet normal 0 0 1
    outer loop
      vertex 38.05 128.2 2
      vertex 36.85 124.845 2
      vertex 37.0629 124.687 2
    endloop
  endfacet
  facet normal 0 0 1
    outer loop
      vertex 38.05 128.2 2
      vertex 36.6228 124.981 2
      vertex 36.85 124.845 2
    endloop
  endfacet
  facet normal 0 0 1
    outer loop
      vertex 38.05 128.2 2
      vertex 36.3832 125.094 2
      vertex 36.6228 124.981 2
    endloop
  endfacet
  facet normal 0 0 1
    outer loop
      vertex 38.05 128.2 2
      vertex 36.1338 125.184 2
      vertex 36.3832 125.094 2
    endloop
  endfacet
  facet normal 0 0 1
    outer loop
      vertex 37.7 128.55 2
      vertex 35.8767 125.248 2
      vertex 36.1338 125.184 2
    endloop
  endfacet
  facet normal 0 0 1
    outer loop
      vertex 37.7 128.55 2
      vertex 35.6146 125.287 2
      vertex 35.8767 125.248 2
    endloop
  endfacet
  facet normal 0 0 1
    outer loop
      vertex 37.7 128.55 2
      vertex 35.35 125.3 2
      vertex 35.6146 125.287 2
    endloop
  endfacet
  facet normal 0 0 1
    outer loop
      vertex 37.7 128.55 2
      vertex 35.0854 125.287 2
      vertex 35.35 125.3 2
    endloop
  endfacet
  facet normal 0 0 1
    outer loop
      vertex 37.7 128.55 2
      vertex 34.8233 125.248 2
      vertex 35.0854 125.287 2
    endloop
  endfacet
  facet normal 0 0 1
    outer loop
      vertex 37.7 128.55 2
      vertex 34.5662 125.184 2
      vertex 34.8233 125.248 2
    endloop
  endfacet
  facet normal 0 0 1
    outer loop
      vertex 37.7 128.55 2
      vertex 34.3168 125.094 2
      vertex 34.5662 125.184 2
    endloop
  endfacet
  facet normal -0 0 1
    outer loop
      vertex 25.85 127 2
      vertex 34.3168 125.094 2
      vertex 37.7 128.55 2
    endloop
  endfacet
  facet normal 0 0 1
    outer loop
      vertex 34.3168 125.094 2
      vertex 25.85 127 2
      vertex 34.0772 124.981 2
    endloop
  endfacet
  facet normal 0 0 1
    outer loop
      vertex 34.0772 124.981 2
      vertex 25.85 127 2
      vertex 33.85 124.845 2
    endloop
  endfacet
  facet normal 0 0 1
    outer loop
      vertex 33.85 124.845 2
      vertex 25.85 127 2
      vertex 33.6371 124.687 2
    endloop
  endfacet
  facet normal 0 0 1
    outer loop
      vertex 32.9688 121.327 2
      vertex 26.35 120 2
      vertex 26.338 119.755 2
    endloop
  endfacet
  facet normal 0 0 1
    outer loop
      vertex 25.85 123 2
      vertex 32.65 122.6 2
      vertex 32.663 122.865 2
    endloop
  endfacet
  facet normal -0 0 1
    outer loop
      vertex 25.85 123 2
      vertex 32.663 122.865 2
      vertex 32.7019 123.127 2
    endloop
  endfacet
  facet normal 0 0 1
    outer loop
      vertex 25.85 123 2
      vertex 32.7019 123.127 2
      vertex 32.7663 123.384 2
    endloop
  endfacet
  facet normal 0 0 1
    outer loop
      vertex 25.85 123 2
      vertex 32.7663 123.384 2
      vertex 32.8555 123.633 2
    endloop
  endfacet
  facet normal 0 0 1
    outer loop
      vertex 25.85 127 2
      vertex 32.8555 123.633 2
      vertex 32.9688 123.873 2
    endloop
  endfacet
  facet normal 0 0 1
    outer loop
      vertex 25.85 127 2
      vertex 32.9688 123.873 2
      vertex 33.105 124.1 2
    endloop
  endfacet
  facet normal 0 0 1
    outer loop
      vertex 25.85 127 2
      vertex 33.105 124.1 2
      vertex 33.2629 124.313 2
    endloop
  endfacet
  facet normal 0 0 1
    outer loop
      vertex 25.85 127 2
      vertex 33.2629 124.313 2
      vertex 33.4408 124.509 2
    endloop
  endfacet
  facet normal 0 0 1
    outer loop
      vertex 33.6371 124.687 2
      vertex 25.85 127 2
      vertex 33.4408 124.509 2
    endloop
  endfacet
  facet normal 0 0 1
    outer loop
      vertex 32.8555 121.567 2
      vertex 26.338 120.245 2
      vertex 26.35 120 2
    endloop
  endfacet
  facet normal 0 0 1
    outer loop
      vertex 32.7663 121.816 2
      vertex 26.302 120.488 2
      vertex 26.338 120.245 2
    endloop
  endfacet
  facet normal 0 0 1
    outer loop
      vertex 32.7019 122.073 2
      vertex 26.2423 120.726 2
      vertex 26.302 120.488 2
    endloop
  endfacet
  facet normal 0 0 1
    outer loop
      vertex 32.65 122.6 2
      vertex 25.85 123 2
      vertex 26.1597 120.957 2
    endloop
  endfacet
  facet normal 0 0 1
    outer loop
      vertex 32.663 122.335 2
      vertex 26.1597 120.957 2
      vertex 26.2423 120.726 2
    endloop
  endfacet
  facet normal 0 0 1
    outer loop
      vertex 26.1597 120.957 2
      vertex 25.85 123 2
      vertex 26.0548 121.178 2
    endloop
  endfacet
  facet normal 0 0 1
    outer loop
      vertex 32.8555 123.633 2
      vertex 25.85 127 2
      vertex 25.85 123 2
    endloop
  endfacet
  facet normal 0 0 1
    outer loop
      vertex 37.7 128.55 2
      vertex 24.35 127 2
      vertex 25.85 127 2
    endloop
  endfacet
  facet normal 0 0 1
    outer loop
      vertex 23.85 122.5 2
      vertex 24.35 123 2
      vertex 24.35 127 2
    endloop
  endfacet
  facet normal 0 0 1
    outer loop
      vertex 24.35 123 2
      vertex 24.095 122.488 2
      vertex 24.3377 122.452 2
    endloop
  endfacet
  facet normal 0 0 1
    outer loop
      vertex 24.35 123 2
      vertex 23.85 122.5 2
      vertex 24.095 122.488 2
    endloop
  endfacet
  facet normal 0 0 1
    outer loop
      vertex 24.35 127 2
      vertex 16.85 122.5 2
      vertex 23.85 122.5 2
    endloop
  endfacet
  facet normal -0 0 1
    outer loop
      vertex 16.35 127 2
      vertex 16.85 122.5 2
      vertex 24.35 127 2
    endloop
  endfacet
  facet normal -0 0 1
    outer loop
      vertex 16.35 123 2
      vertex 16.85 122.5 2
      vertex 16.35 127 2
    endloop
  endfacet
  facet normal 0 0 1
    outer loop
      vertex 16.85 122.5 2
      vertex 16.35 123 2
      vertex 16.605 122.488 2
    endloop
  endfacet
  facet normal 0 0 1
    outer loop
      vertex 37.7 128.55 2
      vertex 16.35 127 2
      vertex 24.35 127 2
    endloop
  endfacet
  facet normal -0 0 1
    outer loop
      vertex 3 128.55 2
      vertex 16.35 127 2
      vertex 37.7 128.55 2
    endloop
  endfacet
  facet normal -0 0 1
    outer loop
      vertex 7.84447 123.633 2
      vertex 14.85 123 2
      vertex 14.85 127 2
    endloop
  endfacet
  facet normal 0 -0 1
    outer loop
      vertex 8.037 122.865 2
      vertex 14.85 123 2
      vertex 7.99812 123.127 2
    endloop
  endfacet
  facet normal 0 -0 1
    outer loop
      vertex 8.05 122.6 2
      vertex 14.85 123 2
      vertex 8.037 122.865 2
    endloop
  endfacet
  facet normal 0 0 1
    outer loop
      vertex 14.85 123 2
      vertex 14.6452 121.178 2
      vertex 14.7713 121.389 2
    endloop
  endfacet
  facet normal 0 -0 1
    outer loop
      vertex 14.5403 120.957 2
      vertex 14.85 123 2
      vertex 8.05 122.6 2
    endloop
  endfacet
  facet normal 0 0 1
    outer loop
      vertex 14.85 123 2
      vertex 14.5403 120.957 2
      vertex 14.6452 121.178 2
    endloop
  endfacet
  facet normal 0 0 1
    outer loop
      vertex 14.4576 120.726 2
      vertex 7.99812 122.073 2
      vertex 14.398 120.488 2
    endloop
  endfacet
  facet normal -0 0 1
    outer loop
      vertex 7.93374 121.816 2
      vertex 14.398 120.488 2
      vertex 7.99812 122.073 2
    endloop
  endfacet
  facet normal -0 0 1
    outer loop
      vertex 8.037 122.335 2
      vertex 14.5403 120.957 2
      vertex 8.05 122.6 2
    endloop
  endfacet
  facet normal -0 0 1
    outer loop
      vertex 7.99812 122.073 2
      vertex 14.4576 120.726 2
      vertex 8.037 122.335 2
    endloop
  endfacet
  facet normal 0 0 1
    outer loop
      vertex 14.5403 120.957 2
      vertex 8.037 122.335 2
      vertex 14.4576 120.726 2
    endloop
  endfacet
  facet normal 0 0 1
    outer loop
      vertex 14.85 123 2
      vertex 7.93374 123.384 2
      vertex 7.99812 123.127 2
    endloop
  endfacet
  facet normal 0 0 1
    outer loop
      vertex 14.85 123 2
      vertex 7.84447 123.633 2
      vertex 7.93374 123.384 2
    endloop
  endfacet
  facet normal 0 0 1
    outer loop
      vertex 14.85 127 2
      vertex 7.73119 123.873 2
      vertex 7.84447 123.633 2
    endloop
  endfacet
  facet normal 0 0 1
    outer loop
      vertex 14.85 127 2
      vertex 7.59497 124.1 2
      vertex 7.73119 123.873 2
    endloop
  endfacet
  facet normal 0 0 1
    outer loop
      vertex 14.85 127 2
      vertex 7.43713 124.313 2
      vertex 7.59497 124.1 2
    endloop
  endfacet
  facet normal 0 0 1
    outer loop
      vertex 14.85 127 2
      vertex 7.25919 124.509 2
      vertex 7.43713 124.313 2
    endloop
  endfacet
  facet normal 0 0 1
    outer loop
      vertex 14.85 127 2
      vertex 7.06286 124.687 2
      vertex 7.25919 124.509 2
    endloop
  endfacet
  facet normal 0 0 1
    outer loop
      vertex 14.85 127 2
      vertex 6.85004 124.845 2
      vertex 7.06286 124.687 2
    endloop
  endfacet
  facet normal 0 0 1
    outer loop
      vertex 14.85 127 2
      vertex 6.62277 124.981 2
      vertex 6.85004 124.845 2
    endloop
  endfacet
  facet normal 0 0 1
    outer loop
      vertex 14.85 127 2
      vertex 6.38324 125.094 2
      vertex 6.62277 124.981 2
    endloop
  endfacet
  facet normal 0 0 1
    outer loop
      vertex 3 128.55 2
      vertex 6.38324 125.094 2
      vertex 14.85 127 2
    endloop
  endfacet
  facet normal 0 0 1
    outer loop
      vertex 6.38324 125.094 2
      vertex 3 128.55 2
      vertex 6.13377 125.184 2
    endloop
  endfacet
  facet normal 0 0 1
    outer loop
      vertex 6.13377 125.184 2
      vertex 3 128.55 2
      vertex 5.87674 125.248 2
    endloop
  endfacet
  facet normal 0 0 1
    outer loop
      vertex 5.87674 125.248 2
      vertex 3 128.55 2
      vertex 5.61465 125.287 2
    endloop
  endfacet
  facet normal 0 0 1
    outer loop
      vertex 5.61465 125.287 2
      vertex 3 128.55 2
      vertex 5.35 125.3 2
    endloop
  endfacet
  facet normal 0 0 1
    outer loop
      vertex 5.35 125.3 2
      vertex 3 128.55 2
      vertex 5.08535 125.287 2
    endloop
  endfacet
  facet normal 0 0 1
    outer loop
      vertex 16.35 127 2
      vertex 3 128.55 2
      vertex 14.85 127 2
    endloop
  endfacet
  facet normal 0 0 1
    outer loop
      vertex 5.08535 125.287 2
      vertex 3 128.55 2
      vertex 4.82326 125.248 2
    endloop
  endfacet
  facet normal 0 0 1
    outer loop
      vertex 3 128.55 2
      vertex 4.56623 125.184 2
      vertex 4.82326 125.248 2
    endloop
  endfacet
  facet normal -0 0 1
    outer loop
      vertex 2.64999 128.2 2
      vertex 4.56623 125.184 2
      vertex 3 128.55 2
    endloop
  endfacet
  facet normal 0 0 1
    outer loop
      vertex 4.56623 125.184 2
      vertex 2.64999 128.2 2
      vertex 4.31675 125.094 2
    endloop
  endfacet
  facet normal 0 0 1
    outer loop
      vertex 4.31675 125.094 2
      vertex 2.64999 128.2 2
      vertex 4.07723 124.981 2
    endloop
  endfacet
  facet normal 0 0 1
    outer loop
      vertex 4.07723 124.981 2
      vertex 2.64999 128.2 2
      vertex 3.84996 124.845 2
    endloop
  endfacet
  facet normal 0 0 1
    outer loop
      vertex 3.84996 124.845 2
      vertex 2.64999 128.2 2
      vertex 3.63714 124.687 2
    endloop
  endfacet
  facet normal 0 0 1
    outer loop
      vertex 3.63714 124.687 2
      vertex 2.64999 128.2 2
      vertex 3.44081 124.509 2
    endloop
  endfacet
  facet normal 0 0 1
    outer loop
      vertex 3.44081 124.509 2
      vertex 2.64999 128.2 2
      vertex 3.26287 124.313 2
    endloop
  endfacet
  facet normal 0 0 1
    outer loop
      vertex 3.26287 124.313 2
      vertex 2.64999 128.2 2
      vertex 3.10503 124.1 2
    endloop
  endfacet
  facet normal 0 0 1
    outer loop
      vertex 2.64999 128.2 2
      vertex 3 128.55 2
      vertex 2.9657 128.548 2
    endloop
  endfacet
  facet normal 0 0 1
    outer loop
      vertex 2.64999 128.2 2
      vertex 2.9657 128.548 2
      vertex 2.93172 128.543 2
    endloop
  endfacet
  facet normal 0 0 1
    outer loop
      vertex 2.64999 128.2 2
      vertex 2.93172 128.543 2
      vertex 2.89841 128.535 2
    endloop
  endfacet
  facet normal 0 0 1
    outer loop
      vertex 2.64999 128.2 2
      vertex 2.89841 128.535 2
      vertex 2.86606 128.523 2
    endloop
  endfacet
  facet normal 0 0 1
    outer loop
      vertex 3.10503 124.1 2
      vertex 2.64999 128.2 2
      vertex 2.96881 123.873 2
    endloop
  endfacet
  facet normal 0 0 1
    outer loop
      vertex 2.64999 128.2 2
      vertex 2.86606 128.523 2
      vertex 2.83501 128.509 2
    endloop
  endfacet
  facet normal 0 0 1
    outer loop
      vertex 2.64999 128.2 2
      vertex 2.83501 128.509 2
      vertex 2.80556 128.491 2
    endloop
  endfacet
  facet normal 0 0 1
    outer loop
      vertex 2.64999 128.2 2
      vertex 2.80556 128.491 2
      vertex 2.77797 128.471 2
    endloop
  endfacet
  facet normal 0 0 1
    outer loop
      vertex 2.96881 123.873 2
      vertex 2.64999 128.2 2
      vertex 2.85553 123.633 2
    endloop
  endfacet
  facet normal 0 0 1
    outer loop
      vertex 2.64999 128.2 2
      vertex 2.77797 128.471 2
      vertex 2.75252 128.447 2
    endloop
  endfacet
  facet normal 0 0 1
    outer loop
      vertex 2.64999 128.2 2
      vertex 2.75252 128.447 2
      vertex 2.72945 128.422 2
    endloop
  endfacet
  facet normal 0 0 1
    outer loop
      vertex 2.64999 128.2 2
      vertex 2.72945 128.422 2
      vertex 2.70898 128.394 2
    endloop
  endfacet
  facet normal 0 0 1
    outer loop
      vertex 2.85553 123.633 2
      vertex 2.64999 128.2 2
      vertex 2.76626 123.384 2
    endloop
  endfacet
  facet normal 0 0 1
    outer loop
      vertex 2.64999 128.2 2
      vertex 2.70898 128.394 2
      vertex 2.69133 128.365 2
    endloop
  endfacet
  facet normal 0 0 1
    outer loop
      vertex 2.64999 128.2 2
      vertex 2.69133 128.365 2
      vertex 2.67664 128.334 2
    endloop
  endfacet
  facet normal 0 0 1
    outer loop
      vertex 2.64999 128.2 2
      vertex 2.67664 128.334 2
      vertex 2.66507 128.302 2
    endloop
  endfacet
  facet normal 0 0 1
    outer loop
      vertex 2.76626 123.384 2
      vertex 2.64999 128.2 2
      vertex 2.70188 123.127 2
    endloop
  endfacet
  facet normal 0 0 1
    outer loop
      vertex 2.64999 128.2 2
      vertex 2.66507 128.302 2
      vertex 2.65672 128.268 2
    endloop
  endfacet
  facet normal 0 0 1
    outer loop
      vertex 2.64999 128.2 2
      vertex 2.65672 128.268 2
      vertex 2.65169 128.234 2
    endloop
  endfacet
  facet normal 0 0 1
    outer loop
      vertex 2.70188 123.127 2
      vertex 2.64999 128.2 2
      vertex 2.663 122.865 2
    endloop
  endfacet
  facet normal 0 0 1
    outer loop
      vertex 2.65 122.6 2
      vertex 2.64999 128.2 2
      vertex 2.65 52.6 2
    endloop
  endfacet
  facet normal 0 0 1
    outer loop
      vertex 2.663 122.865 2
      vertex 2.64999 128.2 2
      vertex 2.65 122.6 2
    endloop
  endfacet
  facet normal -0 0 0
    outer loop
      vertex 38.05 52.6 2
      vertex 38.05 3 2
      vertex 38.05 122.6 2
    endloop
  endfacet
  facet normal -0 0 1
    outer loop
      vertex 38.037 52.3354 2
      vertex 38.05 3 2
      vertex 38.05 52.6 2
    endloop
  endfacet
  facet normal -0 0 1
    outer loop
      vertex 37.9981 52.0733 2
      vertex 38.05 3 2
      vertex 38.037 52.3354 2
    endloop
  endfacet
  facet normal -0 0 1
    outer loop
      vertex 37.9337 51.8162 2
      vertex 38.05 3 2
      vertex 37.9981 52.0733 2
    endloop
  endfacet
  facet normal -0 0 1
    outer loop
      vertex 37.8445 51.5668 2
      vertex 38.05 3 2
      vertex 37.9337 51.8162 2
    endloop
  endfacet
  facet normal -0 0 1
    outer loop
      vertex 37.7312 51.3272 2
      vertex 38.05 3 2
      vertex 37.8445 51.5668 2
    endloop
  endfacet
  facet normal -0 0 1
    outer loop
      vertex 37.595 51.1 2
      vertex 38.05 3 2
      vertex 37.7312 51.3272 2
    endloop
  endfacet
  facet normal -0 0 1
    outer loop
      vertex 37.4371 50.8871 2
      vertex 38.05 3 2
      vertex 37.595 51.1 2
    endloop
  endfacet
  facet normal -0 0 1
    outer loop
      vertex 37.2592 50.6908 2
      vertex 38.05 3 2
      vertex 37.4371 50.8871 2
    endloop
  endfacet
  facet normal -0 0 1
    outer loop
      vertex 37.0629 50.5129 2
      vertex 38.05 3 2
      vertex 37.2592 50.6908 2
    endloop
  endfacet
  facet normal -0 0 1
    outer loop
      vertex 36.85 50.355 2
      vertex 38.05 3 2
      vertex 37.0629 50.5129 2
    endloop
  endfacet
  facet normal -0 0 1
    outer loop
      vertex 36.6228 50.2188 2
      vertex 38.05 3 2
      vertex 36.85 50.355 2
    endloop
  endfacet
  facet normal -0 0 1
    outer loop
      vertex 22.1 26.75 2
      vertex 38.05 3 2
      vertex 36.6228 50.2188 2
    endloop
  endfacet
  facet normal -0 0 1
    outer loop
      vertex 22.1 23.25 2
      vertex 38.05 3 2
      vertex 22.1 26.75 2
    endloop
  endfacet
  facet normal -0 0 1
    outer loop
      vertex 22.0916 23.0785 2
      vertex 38.05 3 2
      vertex 22.1 23.25 2
    endloop
  endfacet
  facet normal -0 0 1
    outer loop
      vertex 22.0664 22.9086 2
      vertex 38.05 3 2
      vertex 22.0916 23.0785 2
    endloop
  endfacet
  facet normal -0 0 1
    outer loop
      vertex 22.0246 22.742 2
      vertex 38.05 3 2
      vertex 22.0664 22.9086 2
    endloop
  endfacet
  facet normal -0 0 1
    outer loop
      vertex 21.9668 22.5803 2
      vertex 38.05 3 2
      vertex 22.0246 22.742 2
    endloop
  endfacet
  facet normal -0 0 1
    outer loop
      vertex 21.8934 22.4251 2
      vertex 38.05 3 2
      vertex 21.9668 22.5803 2
    endloop
  endfacet
  facet normal -0 0 1
    outer loop
      vertex 21.8051 22.2778 2
      vertex 38.05 3 2
      vertex 21.8934 22.4251 2
    endloop
  endfacet
  facet normal -0 0 1
    outer loop
      vertex 21.7028 22.1398 2
      vertex 38.05 3 2
      vertex 21.8051 22.2778 2
    endloop
  endfacet
  facet normal -0 0 1
    outer loop
      vertex 21.5874 22.0126 2
      vertex 38.05 3 2
      vertex 21.7028 22.1398 2
    endloop
  endfacet
  facet normal -0 0 1
    outer loop
      vertex 21.4602 21.8972 2
      vertex 38.05 3 2
      vertex 21.5874 22.0126 2
    endloop
  endfacet
  facet normal 0 -0 1
    outer loop
      vertex 37.7 2.64999 2
      vertex 38.05 3 2
      vertex 21.4602 21.8972 2
    endloop
  endfacet
  facet normal 0 0 1
    outer loop
      vertex 38.05 3 2
      vertex 37.7 2.64999 2
      vertex 38.0483 2.9657 2
    endloop
  endfacet
  facet normal 0 0 1
    outer loop
      vertex 38.0433 2.93172 2
      vertex 37.7 2.64999 2
      vertex 38.0349 2.89841 2
    endloop
  endfacet
  facet normal 0 0 1
    outer loop
      vertex 38.0234 2.86606 2
      vertex 37.7 2.64999 2
      vertex 38.0087 2.83501 2
    endloop
  endfacet
  facet normal 0 0 1
    outer loop
      vertex 37.991 2.80556 2
      vertex 37.7 2.64999 2
      vertex 37.9706 2.77797 2
    endloop
  endfacet
  facet normal 0 0 1
    outer loop
      vertex 22.1 26.75 2
      vertex 36.6228 50.2188 2
      vertex 36.3832 50.1055 2
    endloop
  endfacet
  facet normal 0 0 1
    outer loop
      vertex 22.1 26.75 2
      vertex 36.3832 50.1055 2
      vertex 36.1338 50.0163 2
    endloop
  endfacet
  facet normal 0 0 1
    outer loop
      vertex 22.1 26.75 2
      vertex 36.1338 50.0163 2
      vertex 35.8767 49.9519 2
    endloop
  endfacet
  facet normal 0 0 1
    outer loop
      vertex 22.1 26.75 2
      vertex 35.8767 49.9519 2
      vertex 35.6146 49.913 2
    endloop
  endfacet
  facet normal 0 0 1
    outer loop
      vertex 22.1 26.75 2
      vertex 35.6146 49.913 2
      vertex 35.35 49.9 2
    endloop
  endfacet
  facet normal 0 0 1
    outer loop
      vertex 22.1 26.75 2
      vertex 35.35 49.9 2
      vertex 35.0854 49.913 2
    endloop
  endfacet
  facet normal 0 0 1
    outer loop
      vertex 22.1 26.75 2
      vertex 35.0854 49.913 2
      vertex 34.8233 49.9519 2
    endloop
  endfacet
  facet normal 0 0 1
    outer loop
      vertex 22.1 26.75 2
      vertex 34.8233 49.9519 2
      vertex 34.5662 50.0163 2
    endloop
  endfacet
  facet normal 0 0 1
    outer loop
      vertex 22.1 26.75 2
      vertex 34.5662 50.0163 2
      vertex 34.3168 50.1055 2
    endloop
  endfacet
  facet normal 0 0 1
    outer loop
      vertex 22.1 26.75 2
      vertex 34.3168 50.1055 2
      vertex 34.0772 50.2188 2
    endloop
  endfacet
  facet normal 0 0 1
    outer loop
      vertex 22.1 26.75 2
      vertex 34.0772 50.2188 2
      vertex 33.85 50.355 2
    endloop
  endfacet
  facet normal 0 0 1
    outer loop
      vertex 22.1 26.75 2
      vertex 33.85 50.355 2
      vertex 33.6371 50.5129 2
    endloop
  endfacet
  facet normal 0 0 1
    outer loop
      vertex 22.1 26.75 2
      vertex 33.6371 50.5129 2
      vertex 33.4408 50.6908 2
    endloop
  endfacet
  facet normal 0 0 1
    outer loop
      vertex 22.1 26.75 2
      vertex 33.4408 50.6908 2
      vertex 33.2629 50.8871 2
    endloop
  endfacet
  facet normal 0 0 1
    outer loop
      vertex 22.1 26.75 2
      vertex 33.2629 50.8871 2
      vertex 33.105 51.1 2
    endloop
  endfacet
  facet normal 0 0 1
    outer loop
      vertex 22.1 26.75 2
      vertex 33.105 51.1 2
      vertex 32.9688 51.3272 2
    endloop
  endfacet
  facet normal 0 0 1
    outer loop
      vertex 22.1 26.75 2
      vertex 32.9688 51.3272 2
      vertex 32.8555 51.5668 2
    endloop
  endfacet
  facet normal 0 0 1
    outer loop
      vertex 22.1 26.75 2
      vertex 32.8555 51.5668 2
      vertex 32.7663 51.8162 2
    endloop
  endfacet
  facet normal 0 0 1
    outer loop
      vertex 22.1 26.75 2
      vertex 32.7663 51.8162 2
      vertex 32.7019 52.0733 2
    endloop
  endfacet
  facet normal 0 0 1
    outer loop
      vertex 22.1 26.75 2
      vertex 32.7019 52.0733 2
      vertex 32.663 52.3354 2
    endloop
  endfacet
  facet normal 0 0 1
    outer loop
      vertex 33.105 121.1 2
      vertex 26.338 119.755 2
      vertex 26.302 119.512 2
    endloop
  endfacet
  facet normal 0 0 1
    outer loop
      vertex 33.2629 120.887 2
      vertex 26.302 119.512 2
      vertex 26.2423 119.274 2
    endloop
  endfacet
  facet normal 0 0 1
    outer loop
      vertex 33.4408 120.691 2
      vertex 26.2423 119.274 2
      vertex 26.1597 119.043 2
    endloop
  endfacet
  facet normal 0 0 1
    outer loop
      vertex 33.6371 120.513 2
      vertex 26.1597 119.043 2
      vertex 26.0548 118.822 2
    endloop
  endfacet
  facet normal 0 0 1
    outer loop
      vertex 33.85 120.355 2
      vertex 26.0548 118.822 2
      vertex 25.9287 118.611 2
    endloop
  endfacet
  facet normal 0 0 1
    outer loop
      vertex 32.7019 53.1267 2
      vertex 22.1 26.75 2
      vertex 32.663 52.8646 2
    endloop
  endfacet
  facet normal 0 0 1
    outer loop
      vertex 34.0772 120.219 2
      vertex 25.9287 118.611 2
      vertex 25.7825 118.414 2
    endloop
  endfacet
  facet normal 0 0 1
    outer loop
      vertex 32.663 52.8646 2
      vertex 22.1 26.75 2
      vertex 32.65 52.6 2
    endloop
  endfacet
  facet normal 0 0 1
    outer loop
      vertex 34.3168 120.106 2
      vertex 25.7825 118.414 2
      vertex 25.6178 118.232 2
    endloop
  endfacet
  facet normal 0 0 1
    outer loop
      vertex 34.5662 120.016 2
      vertex 25.6178 118.232 2
      vertex 25.436 118.067 2
    endloop
  endfacet
  facet normal 0 0 1
    outer loop
      vertex 34.5662 120.016 2
      vertex 25.436 118.067 2
      vertex 22.1 110.25 2
    endloop
  endfacet
  facet normal 0 0 1
    outer loop
      vertex 22.1 110.25 2
      vertex 25.436 118.067 2
      vertex 25.2389 117.921 2
    endloop
  endfacet
  facet normal 0 0 1
    outer loop
      vertex 22.1 113.75 2
      vertex 25.2389 117.921 2
      vertex 25.0285 117.795 2
    endloop
  endfacet
  facet normal 0 0 1
    outer loop
      vertex 22.1 113.75 2
      vertex 25.0285 117.795 2
      vertex 24.8067 117.69 2
    endloop
  endfacet
  facet normal 0 0 1
    outer loop
      vertex 22.1 113.75 2
      vertex 24.8067 117.69 2
      vertex 24.5757 117.608 2
    endloop
  endfacet
  facet normal 0 0 1
    outer loop
      vertex 22.0916 113.922 2
      vertex 24.5757 117.608 2
      vertex 24.3377 117.548 2
    endloop
  endfacet
  facet normal 0 0 1
    outer loop
      vertex 22.0916 113.922 2
      vertex 24.3377 117.548 2
      vertex 24.095 117.512 2
    endloop
  endfacet
  facet normal 0 0 1
    outer loop
      vertex 21.9668 114.42 2
      vertex 24.095 117.512 2
      vertex 23.85 117.5 2
    endloop
  endfacet
  facet normal 0 0 1
    outer loop
      vertex 25.2389 117.921 2
      vertex 22.1 113.75 2
      vertex 22.1 110.25 2
    endloop
  endfacet
  facet normal 0 0 1
    outer loop
      vertex 32.65 52.6 2
      vertex 22.1 26.75 2
      vertex 32.663 52.3354 2
    endloop
  endfacet
  facet normal 0 0 1
    outer loop
      vertex 37.9706 2.77797 2
      vertex 37.7 2.64999 2
      vertex 37.9475 2.75252 2
    endloop
  endfacet
  facet normal 0 0 1
    outer loop
      vertex 37.922 2.72945 2
      vertex 37.7 2.64999 2
      vertex 37.8944 2.70898 2
    endloop
  endfacet
  facet normal 0 0 1
    outer loop
      vertex 37.865 2.69133 2
      vertex 37.7 2.64999 2
      vertex 37.8339 2.67664 2
    endloop
  endfacet
  facet normal 0 0 1
    outer loop
      vertex 37.8016 2.66507 2
      vertex 37.7 2.64999 2
      vertex 37.7683 2.65672 2
    endloop
  endfacet
  facet normal 0 0 1
    outer loop
      vertex 37.7683 2.65672 2
      vertex 37.7 2.64999 2
      vertex 37.7343 2.65169 2
    endloop
  endfacet
  facet normal 0 0 1
    outer loop
      vertex 37.8339 2.67664 2
      vertex 37.7 2.64999 2
      vertex 37.8016 2.66507 2
    endloop
  endfacet
  facet normal 0 0 1
    outer loop
      vertex 37.8944 2.70898 2
      vertex 37.7 2.64999 2
      vertex 37.865 2.69133 2
    endloop
  endfacet
  facet normal 0 0 1
    outer loop
      vertex 37.9475 2.75252 2
      vertex 37.7 2.64999 2
      vertex 37.922 2.72945 2
    endloop
  endfacet
  facet normal 0 0 1
    outer loop
      vertex 38.0087 2.83501 2
      vertex 37.7 2.64999 2
      vertex 37.991 2.80556 2
    endloop
  endfacet
  facet normal 0 0 1
    outer loop
      vertex 38.0349 2.89841 2
      vertex 37.7 2.64999 2
      vertex 38.0234 2.86606 2
    endloop
  endfacet
  facet normal 0 0 1
    outer loop
      vertex 38.0483 2.9657 2
      vertex 37.7 2.64999 2
      vertex 38.0433 2.93172 2
    endloop
  endfacet
  facet normal -0 0 1
    outer loop
      vertex 21.3222 21.7949 2
      vertex 37.7 2.64999 2
      vertex 21.4602 21.8972 2
    endloop
  endfacet
  facet normal -0 0 1
    outer loop
      vertex 21.1749 21.7066 2
      vertex 37.7 2.64999 2
      vertex 21.3222 21.7949 2
    endloop
  endfacet
  facet normal -0 0 1
    outer loop
      vertex 21.0197 21.6332 2
      vertex 37.7 2.64999 2
      vertex 21.1749 21.7066 2
    endloop
  endfacet
  facet normal -0 0 1
    outer loop
      vertex 20.858 21.5754 2
      vertex 37.7 2.64999 2
      vertex 21.0197 21.6332 2
    endloop
  endfacet
  facet normal -0 0 1
    outer loop
      vertex 20.6914 21.5336 2
      vertex 37.7 2.64999 2
      vertex 20.858 21.5754 2
    endloop
  endfacet
  facet normal -0 0 1
    outer loop
      vertex 20.5215 21.5084 2
      vertex 37.7 2.64999 2
      vertex 20.6914 21.5336 2
    endloop
  endfacet
  facet normal -0 0 1
    outer loop
      vertex 20.35 21.5 2
      vertex 37.7 2.64999 2
      vertex 20.5215 21.5084 2
    endloop
  endfacet
  facet normal 0 0 1
    outer loop
      vertex 3 2.64999 2
      vertex 20.35 21.5 2
      vertex 20.1785 21.5084 2
    endloop
  endfacet
  facet normal 0 0 1
    outer loop
      vertex 3 2.64999 2
      vertex 20.1785 21.5084 2
      vertex 20.0086 21.5336 2
    endloop
  endfacet
  facet normal 0 0 1
    outer loop
      vertex 3 2.64999 2
      vertex 20.0086 21.5336 2
      vertex 19.842 21.5754 2
    endloop
  endfacet
  facet normal 0 0 1
    outer loop
      vertex 3 2.64999 2
      vertex 19.842 21.5754 2
      vertex 19.6803 21.6332 2
    endloop
  endfacet
  facet normal 0 0 1
    outer loop
      vertex 3 2.64999 2
      vertex 19.6803 21.6332 2
      vertex 19.5251 21.7066 2
    endloop
  endfacet
  facet normal 0 0 1
    outer loop
      vertex 3 2.64999 2
      vertex 19.5251 21.7066 2
      vertex 19.3778 21.7949 2
    endloop
  endfacet
  facet normal 0 0 1
    outer loop
      vertex 3 2.64999 2
      vertex 19.3778 21.7949 2
      vertex 19.2398 21.8972 2
    endloop
  endfacet
  facet normal 0 0 1
    outer loop
      vertex 2.64999 3 2
      vertex 19.2398 21.8972 2
      vertex 19.1126 22.0126 2
    endloop
  endfacet
  facet normal 0 0 1
    outer loop
      vertex 16.1243 117.608 2
      vertex 18.6084 113.922 2
      vertex 16.3623 117.548 2
    endloop
  endfacet
  facet normal 0 0 1
    outer loop
      vertex 18.6084 113.922 2
      vertex 16.1243 117.608 2
      vertex 18.6 113.75 2
    endloop
  endfacet
  facet normal 0 0 1
    outer loop
      vertex 15.8933 117.69 2
      vertex 18.6 113.75 2
      vertex 16.1243 117.608 2
    endloop
  endfacet
  facet normal 0 0 1
    outer loop
      vertex 15.6715 117.795 2
      vertex 18.6 113.75 2
      vertex 15.8933 117.69 2
    endloop
  endfacet
  facet normal 0 0 1
    outer loop
      vertex 15.4611 117.921 2
      vertex 18.6 113.75 2
      vertex 15.6715 117.795 2
    endloop
  endfacet
  facet normal 0 0 1
    outer loop
      vertex 18.6 110.25 2
      vertex 15.4611 117.921 2
      vertex 15.264 118.067 2
    endloop
  endfacet
  facet normal 0 0 1
    outer loop
      vertex 15.0822 118.232 2
      vertex 18.6 110.25 2
      vertex 15.264 118.067 2
    endloop
  endfacet
  facet normal 0 0 1
    outer loop
      vertex 18.6 110.25 2
      vertex 15.0822 118.232 2
      vertex 13.05 100.6 2
    endloop
  endfacet
  facet normal 0 0 1
    outer loop
      vertex 13.05 100.6 2
      vertex 15.0822 118.232 2
      vertex 14.9175 118.414 2
    endloop
  endfacet
  facet normal 0 0 1
    outer loop
      vertex 14.362 119.755 2
      vertex 7.59497 121.1 2
      vertex 14.398 119.512 2
    endloop
  endfacet
  facet normal -0 0 1
    outer loop
      vertex 7.59497 121.1 2
      vertex 14.362 119.755 2
      vertex 7.73119 121.327 2
    endloop
  endfacet
  facet normal 0 0 1
    outer loop
      vertex 14.35 120 2
      vertex 7.73119 121.327 2
      vertex 14.362 119.755 2
    endloop
  endfacet
  facet normal -0 0 1
    outer loop
      vertex 7.73119 121.327 2
      vertex 14.35 120 2
      vertex 7.84447 121.567 2
    endloop
  endfacet
  facet normal 0 0 1
    outer loop
      vertex 14.362 120.245 2
      vertex 7.84447 121.567 2
      vertex 14.35 120 2
    endloop
  endfacet
  facet normal -0 0 1
    outer loop
      vertex 7.84447 121.567 2
      vertex 14.362 120.245 2
      vertex 7.93374 121.816 2
    endloop
  endfacet
  facet normal 0 0 1
    outer loop
      vertex 14.398 120.488 2
      vertex 7.93374 121.816 2
      vertex 14.362 120.245 2
    endloop
  endfacet
  facet normal 0 0 1
    outer loop
      vertex 21.0197 108.633 2
      vertex 13.05 100.6 2
      vertex 13.05 90.6 2
    endloop
  endfacet
  facet normal -0 0 1
    outer loop
      vertex 6.62277 50.2188 2
      vertex 19.5251 28.2934 2
      vertex 6.85004 50.355 2
    endloop
  endfacet
  facet normal 0 0 1
    outer loop
      vertex 19.5251 28.2934 2
      vertex 6.62277 50.2188 2
      vertex 19.3778 28.2051 2
    endloop
  endfacet
  facet normal -0 0 1
    outer loop
      vertex 6.38324 50.1055 2
      vertex 19.3778 28.2051 2
      vertex 6.62277 50.2188 2
    endloop
  endfacet
  facet normal 0 0 1
    outer loop
      vertex 19.3778 28.2051 2
      vertex 6.38324 50.1055 2
      vertex 19.2398 28.1028 2
    endloop
  endfacet
  facet normal -0 0 1
    outer loop
      vertex 6.13377 50.0163 2
      vertex 19.2398 28.1028 2
      vertex 6.38324 50.1055 2
    endloop
  endfacet
  facet normal 0 0 1
    outer loop
      vertex 19.2398 28.1028 2
      vertex 6.13377 50.0163 2
      vertex 19.1126 27.9874 2
    endloop
  endfacet
  facet normal -0 0 1
    outer loop
      vertex 5.87674 49.9519 2
      vertex 19.1126 27.9874 2
      vertex 6.13377 50.0163 2
    endloop
  endfacet
  facet normal 0 0 1
    outer loop
      vertex 19.1126 27.9874 2
      vertex 5.87674 49.9519 2
      vertex 18.9972 27.8602 2
    endloop
  endfacet
  facet normal 0 0 1
    outer loop
      vertex 18.9972 27.8602 2
      vertex 5.87674 49.9519 2
      vertex 18.8949 27.7222 2
    endloop
  endfacet
  facet normal -0 0 1
    outer loop
      vertex 5.61465 49.913 2
      vertex 18.8949 27.7222 2
      vertex 5.87674 49.9519 2
    endloop
  endfacet
  facet normal 0 0 1
    outer loop
      vertex 18.8949 27.7222 2
      vertex 5.61465 49.913 2
      vertex 18.8066 27.5749 2
    endloop
  endfacet
  facet normal -0 0 1
    outer loop
      vertex 5.35 49.9 2
      vertex 18.8066 27.5749 2
      vertex 5.61465 49.913 2
    endloop
  endfacet
  facet normal 0 0 1
    outer loop
      vertex 18.8066 27.5749 2
      vertex 5.35 49.9 2
      vertex 18.7332 27.4197 2
    endloop
  endfacet
  facet normal 0 0 1
    outer loop
      vertex 5.08535 49.913 2
      vertex 18.7332 27.4197 2
      vertex 5.35 49.9 2
    endloop
  endfacet
  facet normal 0 0 1
    outer loop
      vertex 18.7332 27.4197 2
      vertex 5.08535 49.913 2
      vertex 18.6754 27.258 2
    endloop
  endfacet
  facet normal 0 0 1
    outer loop
      vertex 4.82326 49.9519 2
      vertex 18.6754 27.258 2
      vertex 5.08535 49.913 2
    endloop
  endfacet
  facet normal 0 0 1
    outer loop
      vertex 18.6754 27.258 2
      vertex 4.82326 49.9519 2
      vertex 18.6336 27.0914 2
    endloop
  endfacet
  facet normal 0 0 1
    outer loop
      vertex 4.56623 50.0163 2
      vertex 18.6336 27.0914 2
      vertex 4.82326 49.9519 2
    endloop
  endfacet
  facet normal 0 0 1
    outer loop
      vertex 18.6336 27.0914 2
      vertex 4.56623 50.0163 2
      vertex 18.6084 26.9215 2
    endloop
  endfacet
  facet normal 0 0 1
    outer loop
      vertex 4.31675 50.1055 2
      vertex 18.6084 26.9215 2
      vertex 4.56623 50.0163 2
    endloop
  endfacet
  facet normal 0 0 1
    outer loop
      vertex 18.6084 26.9215 2
      vertex 4.31675 50.1055 2
      vertex 18.6 26.75 2
    endloop
  endfacet
  facet normal 0 0 1
    outer loop
      vertex 4.07723 50.2188 2
      vertex 18.6 26.75 2
      vertex 4.31675 50.1055 2
    endloop
  endfacet
  facet normal 0 0 1
    outer loop
      vertex 18.6 26.75 2
      vertex 2.64999 3 2
      vertex 18.6 23.25 2
    endloop
  endfacet
  facet normal 0 0 1
    outer loop
      vertex 18.6 23.25 2
      vertex 2.64999 3 2
      vertex 18.6084 23.0785 2
    endloop
  endfacet
  facet normal 0 0 1
    outer loop
      vertex 18.6084 23.0785 2
      vertex 2.64999 3 2
      vertex 18.6336 22.9086 2
    endloop
  endfacet
  facet normal 0 0 1
    outer loop
      vertex 18.6336 22.9086 2
      vertex 2.64999 3 2
      vertex 18.6754 22.742 2
    endloop
  endfacet
  facet normal 0 0 1
    outer loop
      vertex 18.6754 22.742 2
      vertex 2.64999 3 2
      vertex 18.7332 22.5803 2
    endloop
  endfacet
  facet normal 0 0 1
    outer loop
      vertex 18.6 26.75 2
      vertex 4.07723 50.2188 2
      vertex 2.64999 3 2
    endloop
  endfacet
  facet normal 0 0 1
    outer loop
      vertex 2.64999 3 2
      vertex 4.07723 50.2188 2
      vertex 3.84996 50.355 2
    endloop
  endfacet
  facet normal 0 0 1
    outer loop
      vertex 2.64999 3 2
      vertex 3.84996 50.355 2
      vertex 3.63714 50.5129 2
    endloop
  endfacet
  facet normal 0 0 1
    outer loop
      vertex 2.64999 3 2
      vertex 3.63714 50.5129 2
      vertex 3.44081 50.6908 2
    endloop
  endfacet
  facet normal 0 0 1
    outer loop
      vertex 2.64999 3 2
      vertex 3.44081 50.6908 2
      vertex 3.26287 50.8871 2
    endloop
  endfacet
  facet normal 0 0 1
    outer loop
      vertex 2.64999 3 2
      vertex 3.26287 50.8871 2
      vertex 3.10503 51.1 2
    endloop
  endfacet
  facet normal 0 0 1
    outer loop
      vertex 20.35 21.5 2
      vertex 3 2.64999 2
      vertex 37.7 2.64999 2
    endloop
  endfacet
  facet normal 0 0 1
    outer loop
      vertex 2.64999 3 2
      vertex 19.1126 22.0126 2
      vertex 18.9972 22.1398 2
    endloop
  endfacet
  facet normal 0 0 1
    outer loop
      vertex 2.64999 3 2
      vertex 18.9972 22.1398 2
      vertex 18.8949 22.2778 2
    endloop
  endfacet
  facet normal 0 0 1
    outer loop
      vertex 2.64999 3 2
      vertex 18.8949 22.2778 2
      vertex 18.8066 22.4251 2
    endloop
  endfacet
  facet normal 0 0 1
    outer loop
      vertex 18.7332 22.5803 2
      vertex 2.64999 3 2
      vertex 18.8066 22.4251 2
    endloop
  endfacet
  facet normal 0 0 1
    outer loop
      vertex 2.64999 3 2
      vertex 3.10503 51.1 2
      vertex 2.96881 51.3272 2
    endloop
  endfacet
  facet normal 0 0 1
    outer loop
      vertex 19.2398 21.8972 2
      vertex 2.64999 3 2
      vertex 3 2.64999 2
    endloop
  endfacet
  facet normal 0 0 1
    outer loop
      vertex 3 2.64999 2
      vertex 2.64999 3 2
      vertex 2.9657 2.65169 2
    endloop
  endfacet
  facet normal 0 0 1
    outer loop
      vertex 2.9657 2.65169 2
      vertex 2.64999 3 2
      vertex 2.93172 2.65672 2
    endloop
  endfacet
  facet normal 0 0 1
    outer loop
      vertex 2.93172 2.65672 2
      vertex 2.64999 3 2
      vertex 2.89841 2.66507 2
    endloop
  endfacet
  facet normal 0 0 1
    outer loop
      vertex 2.64999 3 2
      vertex 2.96881 51.3272 2
      vertex 2.85553 51.5668 2
    endloop
  endfacet
  facet normal 0 0 1
    outer loop
      vertex 2.89841 2.66507 2
      vertex 2.64999 3 2
      vertex 2.86606 2.67664 2
    endloop
  endfacet
  facet normal 0 0 1
    outer loop
      vertex 2.86606 2.67664 2
      vertex 2.64999 3 2
      vertex 2.83501 2.69133 2
    endloop
  endfacet
  facet normal 0 0 1
    outer loop
      vertex 2.83501 2.69133 2
      vertex 2.64999 3 2
      vertex 2.80556 2.70898 2
    endloop
  endfacet
  facet normal 0 0 1
    outer loop
      vertex 2.64999 3 2
      vertex 2.85553 51.5668 2
      vertex 2.76626 51.8162 2
    endloop
  endfacet
  facet normal 0 0 1
    outer loop
      vertex 2.80556 2.70898 2
      vertex 2.64999 3 2
      vertex 2.77797 2.72945 2
    endloop
  endfacet
  facet normal 0 0 1
    outer loop
      vertex 2.77797 2.72945 2
      vertex 2.64999 3 2
      vertex 2.75252 2.75252 2
    endloop
  endfacet
  facet normal 0 0 1
    outer loop
      vertex 2.75252 2.75252 2
      vertex 2.64999 3 2
      vertex 2.72945 2.77797 2
    endloop
  endfacet
  facet normal 0 0 1
    outer loop
      vertex 2.64999 3 2
      vertex 2.76626 51.8162 2
      vertex 2.70188 52.0733 2
    endloop
  endfacet
  facet normal 0 0 1
    outer loop
      vertex 2.72945 2.77797 2
      vertex 2.64999 3 2
      vertex 2.70898 2.80556 2
    endloop
  endfacet
  facet normal 0 0 1
    outer loop
      vertex 2.70898 2.80556 2
      vertex 2.64999 3 2
      vertex 2.69133 2.83501 2
    endloop
  endfacet
  facet normal 0 0 1
    outer loop
      vertex 2.69133 2.83501 2
      vertex 2.64999 3 2
      vertex 2.67664 2.86606 2
    endloop
  endfacet
  facet normal 0 0 1
    outer loop
      vertex 2.64999 3 2
      vertex 2.70188 52.0733 2
      vertex 2.663 52.3354 2
    endloop
  endfacet
  facet normal 0 0 1
    outer loop
      vertex 2.67664 2.86606 2
      vertex 2.64999 3 2
      vertex 2.66507 2.89841 2
    endloop
  endfacet
  facet normal 0 0 1
    outer loop
      vertex 2.66507 2.89841 2
      vertex 2.64999 3 2
      vertex 2.65672 2.93172 2
    endloop
  endfacet
  facet normal 0 0 1
    outer loop
      vertex 2.64999 3 2
      vertex 2.663 52.3354 2
      vertex 2.65 52.6 2
    endloop
  endfacet
  facet normal 0 0 1
    outer loop
      vertex 2.65672 2.93172 2
      vertex 2.64999 3 2
      vertex 2.65169 2.9657 2
    endloop
  endfacet
  facet normal 0 0 1
    outer loop
      vertex 2.64999 3 2
      vertex 2.65 52.6 2
      vertex 2.64999 128.2 2
    endloop
  endfacet
  facet normal 0 0 1
    outer loop
      vertex 26.0548 121.178 2
      vertex 25.85 123 2
      vertex 25.9287 121.389 2
    endloop
  endfacet
  facet normal 0 0 1
    outer loop
      vertex 25.85 123 2
      vertex 25.7825 121.586 2
      vertex 25.9287 121.389 2
    endloop
  endfacet
  facet normal 0 0 1
    outer loop
      vertex 25.85 123 2
      vertex 25.6178 121.768 2
      vertex 25.7825 121.586 2
    endloop
  endfacet
  facet normal 0 0 1
    outer loop
      vertex 25.85 123 2
      vertex 25.436 121.933 2
      vertex 25.6178 121.768 2
    endloop
  endfacet
  facet normal 0 0 1
    outer loop
      vertex 25.85 123 2
      vertex 25.2389 122.079 2
      vertex 25.436 121.933 2
    endloop
  endfacet
  facet normal 0 0 1
    outer loop
      vertex 25.85 123 2
      vertex 25.0285 122.205 2
      vertex 25.2389 122.079 2
    endloop
  endfacet
  facet normal 0 0 1
    outer loop
      vertex 25.85 123 2
      vertex 24.8067 122.31 2
      vertex 25.0285 122.205 2
    endloop
  endfacet
  facet normal -0 0 1
    outer loop
      vertex 24.35 123 2
      vertex 24.8067 122.31 2
      vertex 25.85 123 2
    endloop
  endfacet
  facet normal 0 0 1
    outer loop
      vertex 24.8067 122.31 2
      vertex 24.35 123 2
      vertex 24.5757 122.392 2
    endloop
  endfacet
  facet normal 0 0 1
    outer loop
      vertex 24.5757 122.392 2
      vertex 24.35 123 2
      vertex 24.3377 122.452 2
    endloop
  endfacet
  facet normal -0.427929 0.903813 0
    outer loop
      vertex 1.85194 130.972 0
      vertex 1.58582 130.846 2
      vertex 1.85194 130.972 2
    endloop
  endfacet
  facet normal -0.427929 0.903813 0
    outer loop
      vertex 1.58582 130.846 2
      vertex 1.85194 130.972 0
      vertex 1.58582 130.846 0
    endloop
  endfacet
  facet normal 0.427594 -0.903971 0
    outer loop
      vertex 38.8481 0.228363 0
      vertex 39.1142 0.354233 2
      vertex 38.8481 0.228363 2
    endloop
  endfacet
  facet normal 0.427594 -0.903971 0
    outer loop
      vertex 39.1142 0.354233 2
      vertex 38.8481 0.228363 0
      vertex 39.1142 0.354233 0
    endloop
  endfacet
  facet normal -0.0490824 -0.998795 0
    outer loop
      vertex 2.70595 0.0144501 0
      vertex 3 0 2
      vertex 2.70595 0.0144501 2
    endloop
  endfacet
  facet normal -0.0490824 -0.998795 -0
    outer loop
      vertex 3 0 2
      vertex 2.70595 0.0144501 0
      vertex 3 0 0
    endloop
  endfacet
  facet normal 0 1 -0
    outer loop
      vertex 37.7 131.2 0
      vertex 3 131.2 2
      vertex 37.7 131.2 2
    endloop
  endfacet
  facet normal 0 1 0
    outer loop
      vertex 3 131.2 2
      vertex 37.7 131.2 0
      vertex 3 131.2 0
    endloop
  endfacet
  facet normal -0.595728 -0.803186 0
    outer loop
      vertex 1.09682 0.680969 0
      vertex 1.33328 0.505585 2
      vertex 1.09682 0.680969 2
    endloop
  endfacet
  facet normal -0.595728 -0.803186 -0
    outer loop
      vertex 1.33328 0.505585 2
      vertex 1.09682 0.680969 0
      vertex 1.33328 0.505585 0
    endloop
  endfacet
  facet normal -0.146728 -0.989177 0
    outer loop
      vertex 2.41473 0.0576477 0
      vertex 2.70595 0.0144501 2
      vertex 2.41473 0.0576477 2
    endloop
  endfacet
  facet normal -0.146728 -0.989177 -0
    outer loop
      vertex 2.70595 0.0144501 2
      vertex 2.41473 0.0576477 0
      vertex 2.70595 0.0144501 0
    endloop
  endfacet
  facet normal 0 -1 0
    outer loop
      vertex 3 0 0
      vertex 37.7 0 2
      vertex 3 0 2
    endloop
  endfacet
  facet normal 0 -1 -0
    outer loop
      vertex 37.7 0 2
      vertex 3 0 0
      vertex 37.7 0 0
    endloop
  endfacet
  facet normal -0.94155 -0.336874 0
    outer loop
      vertex 0.228363 1.85194 0
      vertex 0.129181 2.12915 2
      vertex 0.129181 2.12915 0
    endloop
  endfacet
  facet normal -0.94155 -0.336874 0
    outer loop
      vertex 0.129181 2.12915 2
      vertex 0.228363 1.85194 0
      vertex 0.228363 1.85194 2
    endloop
  endfacet
  facet normal -1 0 0
    outer loop
      vertex 0 3 0
      vertex 0 128.2 2
      vertex 0 128.2 0
    endloop
  endfacet
  facet normal -1 -0 0
    outer loop
      vertex 0 128.2 2
      vertex 0 3 0
      vertex 0 3 2
    endloop
  endfacet
  facet normal 1 -0 0
    outer loop
      vertex 40.7 3 2
      vertex 40.7 128.2 0
      vertex 40.7 128.2 2
    endloop
  endfacet
  facet normal 1 0 0
    outer loop
      vertex 40.7 128.2 0
      vertex 40.7 3 2
      vertex 40.7 3 0
    endloop
  endfacet
  facet normal 0.970143 0.242536 0
    outer loop
      vertex 40.6423 128.785 2
      vertex 40.5708 129.071 0
      vertex 40.5708 129.071 2
    endloop
  endfacet
  facet normal 0.970143 0.242536 0
    outer loop
      vertex 40.5708 129.071 0
      vertex 40.6423 128.785 2
      vertex 40.6423 128.785 0
    endloop
  endfacet
  facet normal -0.740741 0.671791 0
    outer loop
      vertex 0.680969 130.103 0
      vertex 0.878677 130.321 2
      vertex 0.878677 130.321 0
    endloop
  endfacet
  facet normal -0.740741 0.671791 0
    outer loop
      vertex 0.878677 130.321 2
      vertex 0.680969 130.103 0
      vertex 0.680969 130.103 2
    endloop
  endfacet
  facet normal 0.146688 -0.989183 0
    outer loop
      vertex 37.994 0.0144501 0
      vertex 38.2853 0.0576477 2
      vertex 37.994 0.0144501 2
    endloop
  endfacet
  facet normal 0.146688 -0.989183 0
    outer loop
      vertex 38.2853 0.0576477 2
      vertex 37.994 0.0144501 0
      vertex 38.2853 0.0576477 0
    endloop
  endfacet
  facet normal 0.0490907 -0.998794 0
    outer loop
      vertex 37.7 0 0
      vertex 37.994 0.0144501 2
      vertex 37.7 0 2
    endloop
  endfacet
  facet normal 0.0490907 -0.998794 0
    outer loop
      vertex 37.994 0.0144501 2
      vertex 37.7 0 0
      vertex 37.994 0.0144501 0
    endloop
  endfacet
  facet normal -0.970032 -0.242978 0
    outer loop
      vertex 0.129181 2.12915 0
      vertex 0.0576477 2.41473 2
      vertex 0.0576477 2.41473 0
    endloop
  endfacet
  facet normal -0.970032 -0.242978 0
    outer loop
      vertex 0.0576477 2.41473 2
      vertex 0.129181 2.12915 0
      vertex 0.129181 2.12915 2
    endloop
  endfacet
  facet normal -0.336326 0.941746 0
    outer loop
      vertex 2.12915 131.071 0
      vertex 1.85194 130.972 2
      vertex 2.12915 131.071 2
    endloop
  endfacet
  facet normal -0.336326 0.941746 0
    outer loop
      vertex 1.85194 130.972 2
      vertex 2.12915 131.071 0
      vertex 1.85194 130.972 0
    endloop
  endfacet
  facet normal -0.149393 0.988778 0
    outer loop
      vertex 2.70595 131.186 0
      vertex 2.41473 131.142 2
      vertex 2.70595 131.186 2
    endloop
  endfacet
  facet normal -0.149393 0.988778 0
    outer loop
      vertex 2.41473 131.142 2
      vertex 2.70595 131.186 0
      vertex 2.41473 131.142 0
    endloop
  endfacet
  facet normal 0.904075 -0.427374 0
    outer loop
      vertex 40.3458 1.58582 2
      vertex 40.4716 1.85194 0
      vertex 40.4716 1.85194 2
    endloop
  endfacet
  facet normal 0.904075 -0.427374 0
    outer loop
      vertex 40.4716 1.85194 0
      vertex 40.3458 1.58582 2
      vertex 40.3458 1.58582 0
    endloop
  endfacet
  facet normal 0.241336 0.970442 -0
    outer loop
      vertex 38.5708 131.071 0
      vertex 38.2853 131.142 2
      vertex 38.5708 131.071 2
    endloop
  endfacet
  facet normal 0.241336 0.970442 0
    outer loop
      vertex 38.2853 131.142 2
      vertex 38.5708 131.071 0
      vertex 38.2853 131.142 0
    endloop
  endfacet
  facet normal 0.858091 0.513498 0
    outer loop
      vertex 40.3458 129.614 2
      vertex 40.1944 129.867 0
      vertex 40.1944 129.867 2
    endloop
  endfacet
  facet normal 0.858091 0.513498 0
    outer loop
      vertex 40.1944 129.867 0
      vertex 40.3458 129.614 2
      vertex 40.3458 129.614 0
    endloop
  endfacet
  facet normal -0.998794 0.0490907 0
    outer loop
      vertex 0 128.2 0
      vertex 0.0144501 128.494 2
      vertex 0.0144501 128.494 0
    endloop
  endfacet
  facet normal -0.998794 0.0490907 0
    outer loop
      vertex 0.0144501 128.494 2
      vertex 0 128.2 0
      vertex 0 128.2 2
    endloop
  endfacet
  facet normal -0.970116 0.242642 0
    outer loop
      vertex 0.0576477 128.785 0
      vertex 0.129181 129.071 2
      vertex 0.129181 129.071 0
    endloop
  endfacet
  facet normal -0.970116 0.242642 0
    outer loop
      vertex 0.129181 129.071 2
      vertex 0.0576477 128.785 0
      vertex 0.0576477 128.785 2
    endloop
  endfacet
  facet normal -0.903909 0.427726 0
    outer loop
      vertex 0.228363 129.348 0
      vertex 0.354233 129.614 2
      vertex 0.354233 129.614 0
    endloop
  endfacet
  facet normal -0.903909 0.427726 0
    outer loop
      vertex 0.354233 129.614 2
      vertex 0.228363 129.348 0
      vertex 0.228363 129.348 2
    endloop
  endfacet
  facet normal -0.336874 -0.94155 0
    outer loop
      vertex 1.85194 0.228363 0
      vertex 2.12915 0.129181 2
      vertex 1.85194 0.228363 2
    endloop
  endfacet
  facet normal -0.336874 -0.94155 -0
    outer loop
      vertex 2.12915 0.129181 2
      vertex 1.85194 0.228363 0
      vertex 2.12915 0.129181 0
    endloop
  endfacet
  facet normal -0.427568 -0.903983 0
    outer loop
      vertex 1.58582 0.354233 0
      vertex 1.85194 0.228363 2
      vertex 1.58582 0.354233 2
    endloop
  endfacet
  facet normal -0.427568 -0.903983 -0
    outer loop
      vertex 1.85194 0.228363 2
      vertex 1.58582 0.354233 0
      vertex 1.85194 0.228363 0
    endloop
  endfacet
  facet normal -0.514066 -0.857751 0
    outer loop
      vertex 1.33328 0.505585 0
      vertex 1.58582 0.354233 2
      vertex 1.33328 0.505585 2
    endloop
  endfacet
  facet normal -0.514066 -0.857751 -0
    outer loop
      vertex 1.58582 0.354233 2
      vertex 1.33328 0.505585 0
      vertex 1.58582 0.354233 0
    endloop
  endfacet
  facet normal -0.998795 -0.0490824 0
    outer loop
      vertex 0.0144501 2.70595 0
      vertex 0 3 2
      vertex 0 3 0
    endloop
  endfacet
  facet normal -0.998795 -0.0490824 0
    outer loop
      vertex 0 3 2
      vertex 0.0144501 2.70595 0
      vertex 0.0144501 2.70595 2
    endloop
  endfacet
  facet normal -0.0475571 0.998869 0
    outer loop
      vertex 3 131.2 0
      vertex 2.70595 131.186 2
      vertex 3 131.2 2
    endloop
  endfacet
  facet normal -0.0475571 0.998869 0
    outer loop
      vertex 2.70595 131.186 2
      vertex 3 131.2 0
      vertex 2.70595 131.186 0
    endloop
  endfacet
  facet normal -0.241272 0.970458 0
    outer loop
      vertex 2.41473 131.142 0
      vertex 2.12915 131.071 2
      vertex 2.41473 131.142 2
    endloop
  endfacet
  facet normal -0.241272 0.970458 0
    outer loop
      vertex 2.12915 131.071 2
      vertex 2.41473 131.142 0
      vertex 2.12915 131.071 0
    endloop
  endfacet
  facet normal 0.671622 -0.740894 0
    outer loop
      vertex 39.6032 0.680969 0
      vertex 39.8213 0.878677 2
      vertex 39.6032 0.680969 2
    endloop
  endfacet
  facet normal 0.671622 -0.740894 0
    outer loop
      vertex 39.8213 0.878677 2
      vertex 39.6032 0.680969 0
      vertex 39.8213 0.878677 0
    endloop
  endfacet
  facet normal 0.427955 0.9038 -0
    outer loop
      vertex 39.1142 130.846 0
      vertex 38.8481 130.972 2
      vertex 39.1142 130.846 2
    endloop
  endfacet
  facet normal 0.427955 0.9038 0
    outer loop
      vertex 38.8481 130.972 2
      vertex 39.1142 130.846 0
      vertex 38.8481 130.972 0
    endloop
  endfacet
  facet normal 0.336229 0.94178 -0
    outer loop
      vertex 38.8481 130.972 0
      vertex 38.5708 131.071 2
      vertex 38.8481 130.972 2
    endloop
  endfacet
  facet normal 0.336229 0.94178 0
    outer loop
      vertex 38.5708 131.071 2
      vertex 38.8481 130.972 0
      vertex 38.5708 131.071 0
    endloop
  endfacet
  facet normal 0.672166 0.740401 -0
    outer loop
      vertex 39.8213 130.321 0
      vertex 39.6032 130.519 2
      vertex 39.8213 130.321 2
    endloop
  endfacet
  facet normal 0.672166 0.740401 0
    outer loop
      vertex 39.6032 130.519 2
      vertex 39.8213 130.321 0
      vertex 39.6032 130.519 0
    endloop
  endfacet
  facet normal 0.740754 0.671776 0
    outer loop
      vertex 40.019 130.103 2
      vertex 39.8213 130.321 0
      vertex 39.8213 130.321 2
    endloop
  endfacet
  facet normal 0.740754 0.671776 0
    outer loop
      vertex 39.8213 130.321 0
      vertex 40.019 130.103 2
      vertex 40.019 130.103 0
    endloop
  endfacet
  facet normal -0.989161 0.146836 0
    outer loop
      vertex 0.0144501 128.494 0
      vertex 0.0576477 128.785 2
      vertex 0.0576477 128.785 0
    endloop
  endfacet
  facet normal -0.989161 0.146836 0
    outer loop
      vertex 0.0576477 128.785 2
      vertex 0.0144501 128.494 0
      vertex 0.0144501 128.494 2
    endloop
  endfacet
  facet normal -0.941469 0.3371 0
    outer loop
      vertex 0.129181 129.071 0
      vertex 0.228363 129.348 2
      vertex 0.228363 129.348 0
    endloop
  endfacet
  facet normal -0.941469 0.3371 0
    outer loop
      vertex 0.228363 129.348 2
      vertex 0.129181 129.071 0
      vertex 0.129181 129.071 2
    endloop
  endfacet
  facet normal -0.858163 0.513378 0
    outer loop
      vertex 0.354233 129.614 0
      vertex 0.505585 129.867 2
      vertex 0.505585 129.867 0
    endloop
  endfacet
  facet normal -0.858163 0.513378 0
    outer loop
      vertex 0.505585 129.867 2
      vertex 0.354233 129.614 0
      vertex 0.354233 129.614 2
    endloop
  endfacet
  facet normal -0.80263 0.596477 0
    outer loop
      vertex 0.505585 129.867 0
      vertex 0.680969 130.103 2
      vertex 0.680969 130.103 0
    endloop
  endfacet
  facet normal -0.80263 0.596477 0
    outer loop
      vertex 0.680969 130.103 2
      vertex 0.505585 129.867 0
      vertex 0.505585 129.867 2
    endloop
  endfacet
  facet normal -0.672093 0.740467 0
    outer loop
      vertex 1.09682 130.519 0
      vertex 0.878677 130.321 2
      vertex 1.09682 130.519 2
    endloop
  endfacet
  facet normal -0.672093 0.740467 0
    outer loop
      vertex 0.878677 130.321 2
      vertex 1.09682 130.519 0
      vertex 0.878677 130.321 0
    endloop
  endfacet
  facet normal -0.594886 0.80381 0
    outer loop
      vertex 1.33328 130.694 0
      vertex 1.09682 130.519 2
      vertex 1.33328 130.694 2
    endloop
  endfacet
  facet normal -0.594886 0.80381 0
    outer loop
      vertex 1.09682 130.519 2
      vertex 1.33328 130.694 0
      vertex 1.09682 130.519 0
    endloop
  endfacet
  facet normal -0.515683 0.85678 0
    outer loop
      vertex 1.58582 130.846 0
      vertex 1.33328 130.694 2
      vertex 1.58582 130.846 2
    endloop
  endfacet
  facet normal -0.515683 0.85678 0
    outer loop
      vertex 1.33328 130.694 2
      vertex 1.58582 130.846 0
      vertex 1.33328 130.694 0
    endloop
  endfacet
  facet normal -0.242978 -0.970032 0
    outer loop
      vertex 2.12915 0.129181 0
      vertex 2.41473 0.0576477 2
      vertex 2.12915 0.129181 2
    endloop
  endfacet
  facet normal -0.242978 -0.970032 -0
    outer loop
      vertex 2.41473 0.0576477 2
      vertex 2.12915 0.129181 0
      vertex 2.41473 0.0576477 0
    endloop
  endfacet
  facet normal -0.803186 -0.595728 0
    outer loop
      vertex 0.680969 1.09682 0
      vertex 0.505585 1.33328 2
      vertex 0.505585 1.33328 0
    endloop
  endfacet
  facet normal -0.803186 -0.595728 0
    outer loop
      vertex 0.505585 1.33328 2
      vertex 0.680969 1.09682 0
      vertex 0.680969 1.09682 2
    endloop
  endfacet
  facet normal -0.903983 -0.427568 0
    outer loop
      vertex 0.354233 1.58582 0
      vertex 0.228363 1.85194 2
      vertex 0.228363 1.85194 0
    endloop
  endfacet
  facet normal -0.903983 -0.427568 0
    outer loop
      vertex 0.228363 1.85194 2
      vertex 0.354233 1.58582 0
      vertex 0.354233 1.58582 2
    endloop
  endfacet
  facet normal 0 0 -1
    outer loop
      vertex 22.0246 27.258 0
      vertex 40.7 3 0
      vertex 22.0664 27.0914 0
    endloop
  endfacet
  facet normal 0 0 -1
    outer loop
      vertex 40.7 128.2 0
      vertex 22.0916 110.078 0
      vertex 22.1 110.25 0
    endloop
  endfacet
  facet normal 0 0 -1
    outer loop
      vertex 21.9668 27.4197 0
      vertex 40.7 3 0
      vertex 22.0246 27.258 0
    endloop
  endfacet
  facet normal 0 0 -1
    outer loop
      vertex 40.7 128.2 0
      vertex 22.0664 109.909 0
      vertex 22.0916 110.078 0
    endloop
  endfacet
  facet normal 0 0 -1
    outer loop
      vertex 21.8934 27.5749 0
      vertex 40.7 3 0
      vertex 21.9668 27.4197 0
    endloop
  endfacet
  facet normal 0 0 -1
    outer loop
      vertex 40.7 128.2 0
      vertex 22.0246 109.742 0
      vertex 22.0664 109.909 0
    endloop
  endfacet
  facet normal 0 0 -1
    outer loop
      vertex 40.7 3 0
      vertex 21.8934 27.5749 0
      vertex 40.7 128.2 0
    endloop
  endfacet
  facet normal 0 0 -1
    outer loop
      vertex 40.7 128.2 0
      vertex 21.9668 109.58 0
      vertex 22.0246 109.742 0
    endloop
  endfacet
  facet normal 0 0 -1
    outer loop
      vertex 21.8051 27.7222 0
      vertex 40.7 128.2 0
      vertex 21.8934 27.5749 0
    endloop
  endfacet
  facet normal 0 0 -1
    outer loop
      vertex 40.7 128.2 0
      vertex 21.8934 109.425 0
      vertex 21.9668 109.58 0
    endloop
  endfacet
  facet normal 0 0 -1
    outer loop
      vertex 21.8051 109.278 0
      vertex 40.7 128.2 0
      vertex 21.8051 27.7222 0
    endloop
  endfacet
  facet normal 0 0 -1
    outer loop
      vertex 40.7 128.2 0
      vertex 21.8051 109.278 0
      vertex 21.8934 109.425 0
    endloop
  endfacet
  facet normal 0 0 -1
    outer loop
      vertex 21.7028 27.8602 0
      vertex 21.8051 109.278 0
      vertex 21.8051 27.7222 0
    endloop
  endfacet
  facet normal 0 0 -1
    outer loop
      vertex 21.7028 27.8602 0
      vertex 21.7028 109.14 0
      vertex 21.8051 109.278 0
    endloop
  endfacet
  facet normal 0 0 -1
    outer loop
      vertex 21.5874 27.9874 0
      vertex 21.7028 109.14 0
      vertex 21.7028 27.8602 0
    endloop
  endfacet
  facet normal 0 0 -1
    outer loop
      vertex 21.5874 27.9874 0
      vertex 21.5874 109.013 0
      vertex 21.7028 109.14 0
    endloop
  endfacet
  facet normal 0 0 -1
    outer loop
      vertex 21.4602 28.1028 0
      vertex 21.5874 109.013 0
      vertex 21.5874 27.9874 0
    endloop
  endfacet
  facet normal 0 0 -1
    outer loop
      vertex 21.4602 28.1028 0
      vertex 21.4602 108.897 0
      vertex 21.5874 109.013 0
    endloop
  endfacet
  facet normal 0 0 -1
    outer loop
      vertex 21.3222 28.2051 0
      vertex 21.4602 108.897 0
      vertex 21.4602 28.1028 0
    endloop
  endfacet
  facet normal 0 0 -1
    outer loop
      vertex 21.3222 28.2051 0
      vertex 21.3222 108.795 0
      vertex 21.4602 108.897 0
    endloop
  endfacet
  facet normal 0 0 -1
    outer loop
      vertex 21.1749 28.2934 0
      vertex 21.3222 108.795 0
      vertex 21.3222 28.2051 0
    endloop
  endfacet
  facet normal 0 0 -1
    outer loop
      vertex 21.1749 28.2934 0
      vertex 21.1749 108.707 0
      vertex 21.3222 108.795 0
    endloop
  endfacet
  facet normal 0 0 -1
    outer loop
      vertex 21.0197 28.3668 0
      vertex 21.1749 108.707 0
      vertex 21.1749 28.2934 0
    endloop
  endfacet
  facet normal 0 0 -1
    outer loop
      vertex 21.0197 28.3668 0
      vertex 21.0197 108.633 0
      vertex 21.1749 108.707 0
    endloop
  endfacet
  facet normal 0 0 -1
    outer loop
      vertex 20.858 28.4246 0
      vertex 21.0197 108.633 0
      vertex 21.0197 28.3668 0
    endloop
  endfacet
  facet normal 0 0 -1
    outer loop
      vertex 20.858 28.4246 0
      vertex 20.858 108.575 0
      vertex 21.0197 108.633 0
    endloop
  endfacet
  facet normal 0 0 -1
    outer loop
      vertex 20.6914 28.4664 0
      vertex 20.858 108.575 0
      vertex 20.858 28.4246 0
    endloop
  endfacet
  facet normal 0 0 -1
    outer loop
      vertex 20.6914 28.4664 0
      vertex 20.6914 108.534 0
      vertex 20.858 108.575 0
    endloop
  endfacet
  facet normal 0 0 -1
    outer loop
      vertex 20.5215 28.4916 0
      vertex 20.6914 108.534 0
      vertex 20.6914 28.4664 0
    endloop
  endfacet
  facet normal 0 0 -1
    outer loop
      vertex 20.5215 28.4916 0
      vertex 20.5215 108.508 0
      vertex 20.6914 108.534 0
    endloop
  endfacet
  facet normal 0 0 -1
    outer loop
      vertex 20.35 28.5 0
      vertex 20.5215 108.508 0
      vertex 20.5215 28.4916 0
    endloop
  endfacet
  facet normal 0 0 -1
    outer loop
      vertex 20.35 28.5 0
      vertex 20.35 108.5 0
      vertex 20.5215 108.508 0
    endloop
  endfacet
  facet normal 0 0 -1
    outer loop
      vertex 20.1785 28.4916 0
      vertex 20.35 108.5 0
      vertex 20.35 28.5 0
    endloop
  endfacet
  facet normal 0 0 -1
    outer loop
      vertex 20.1785 28.4916 0
      vertex 20.1785 108.508 0
      vertex 20.35 108.5 0
    endloop
  endfacet
  facet normal 0 0 -1
    outer loop
      vertex 20.0086 28.4664 0
      vertex 20.1785 108.508 0
      vertex 20.1785 28.4916 0
    endloop
  endfacet
  facet normal 0 0 -1
    outer loop
      vertex 20.0086 28.4664 0
      vertex 20.0086 108.534 0
      vertex 20.1785 108.508 0
    endloop
  endfacet
  facet normal 0 0 -1
    outer loop
      vertex 19.842 28.4246 0
      vertex 20.0086 108.534 0
      vertex 20.0086 28.4664 0
    endloop
  endfacet
  facet normal 0 0 -1
    outer loop
      vertex 19.842 28.4246 0
      vertex 19.842 108.575 0
      vertex 20.0086 108.534 0
    endloop
  endfacet
  facet normal 0 0 -1
    outer loop
      vertex 19.6803 28.3668 0
      vertex 19.842 108.575 0
      vertex 19.842 28.4246 0
    endloop
  endfacet
  facet normal 0 0 -1
    outer loop
      vertex 19.6803 28.3668 0
      vertex 19.6803 108.633 0
      vertex 19.842 108.575 0
    endloop
  endfacet
  facet normal 0 0 -1
    outer loop
      vertex 19.5251 28.2934 0
      vertex 19.6803 108.633 0
      vertex 19.6803 28.3668 0
    endloop
  endfacet
  facet normal 0 0 -1
    outer loop
      vertex 19.5251 28.2934 0
      vertex 19.5251 108.707 0
      vertex 19.6803 108.633 0
    endloop
  endfacet
  facet normal 0 0 -1
    outer loop
      vertex 19.3778 28.2051 0
      vertex 19.5251 108.707 0
      vertex 19.5251 28.2934 0
    endloop
  endfacet
  facet normal 0 0 -1
    outer loop
      vertex 19.3778 28.2051 0
      vertex 19.3778 108.795 0
      vertex 19.5251 108.707 0
    endloop
  endfacet
  facet normal 0 0 -1
    outer loop
      vertex 19.2398 28.1028 0
      vertex 19.3778 108.795 0
      vertex 19.3778 28.2051 0
    endloop
  endfacet
  facet normal 0 0 -1
    outer loop
      vertex 19.2398 28.1028 0
      vertex 19.2398 108.897 0
      vertex 19.3778 108.795 0
    endloop
  endfacet
  facet normal 0 0 -1
    outer loop
      vertex 19.1126 27.9874 0
      vertex 19.2398 108.897 0
      vertex 19.2398 28.1028 0
    endloop
  endfacet
  facet normal 0 0 -1
    outer loop
      vertex 19.1126 27.9874 0
      vertex 19.1126 109.013 0
      vertex 19.2398 108.897 0
    endloop
  endfacet
  facet normal 0 0 -1
    outer loop
      vertex 18.9972 27.8602 0
      vertex 19.1126 109.013 0
      vertex 19.1126 27.9874 0
    endloop
  endfacet
  facet normal 0 0 -1
    outer loop
      vertex 18.9972 27.8602 0
      vertex 18.9972 109.14 0
      vertex 19.1126 109.013 0
    endloop
  endfacet
  facet normal 0 0 -1
    outer loop
      vertex 18.8949 27.7222 0
      vertex 18.9972 109.14 0
      vertex 18.9972 27.8602 0
    endloop
  endfacet
  facet normal 0 0 -1
    outer loop
      vertex 18.8949 27.7222 0
      vertex 18.8949 109.278 0
      vertex 18.9972 109.14 0
    endloop
  endfacet
  facet normal 0 0 -1
    outer loop
      vertex 0 128.2 0
      vertex 18.8949 27.7222 0
      vertex 18.8066 27.5749 0
    endloop
  endfacet
  facet normal 0 0 -1
    outer loop
      vertex 18.8949 27.7222 0
      vertex 0 128.2 0
      vertex 18.8949 109.278 0
    endloop
  endfacet
  facet normal 0 0 -1
    outer loop
      vertex 0 3 0
      vertex 18.8066 27.5749 0
      vertex 18.7332 27.4197 0
    endloop
  endfacet
  facet normal 0 0 -1
    outer loop
      vertex 18.8949 109.278 0
      vertex 0 128.2 0
      vertex 18.8066 109.425 0
    endloop
  endfacet
  facet normal 0 0 -1
    outer loop
      vertex 0 3 0
      vertex 18.7332 27.4197 0
      vertex 18.6754 27.258 0
    endloop
  endfacet
  facet normal 0 0 -1
    outer loop
      vertex 18.8066 109.425 0
      vertex 0 128.2 0
      vertex 18.7332 109.58 0
    endloop
  endfacet
  facet normal 0 0 -1
    outer loop
      vertex 0 3 0
      vertex 18.6754 27.258 0
      vertex 18.6336 27.0914 0
    endloop
  endfacet
  facet normal 0 0 -1
    outer loop
      vertex 18.7332 109.58 0
      vertex 0 128.2 0
      vertex 18.6754 109.742 0
    endloop
  endfacet
  facet normal 0 0 -1
    outer loop
      vertex 0 3 0
      vertex 18.6336 27.0914 0
      vertex 18.6084 26.9215 0
    endloop
  endfacet
  facet normal 0 0 -1
    outer loop
      vertex 18.6754 109.742 0
      vertex 0 128.2 0
      vertex 18.6336 109.909 0
    endloop
  endfacet
  facet normal 0 0 -1
    outer loop
      vertex 0 3 0
      vertex 18.6084 26.9215 0
      vertex 18.6 26.75 0
    endloop
  endfacet
  facet normal -0 -0 -1
    outer loop
      vertex 14.7713 118.611 0
      vertex 18.6336 109.909 0
      vertex 0 128.2 0
    endloop
  endfacet
  facet normal 0 0 -1
    outer loop
      vertex 37.7 0 0
      vertex 40.7 3 0
      vertex 40.6855 2.70595 0
    endloop
  endfacet
  facet normal 0 0 -1
    outer loop
      vertex 22.0916 26.9215 0
      vertex 40.7 3 0
      vertex 22.1 26.75 0
    endloop
  endfacet
  facet normal 0 0 -1
    outer loop
      vertex 37.7 0 0
      vertex 40.6855 2.70595 0
      vertex 40.6423 2.41473 0
    endloop
  endfacet
  facet normal 0 0 -1
    outer loop
      vertex 22.0664 27.0914 0
      vertex 40.7 3 0
      vertex 22.0916 26.9215 0
    endloop
  endfacet
  facet normal 0 0 -1
    outer loop
      vertex 37.7 0 0
      vertex 40.6423 2.41473 0
      vertex 40.5708 2.12915 0
    endloop
  endfacet
  facet normal 0 -0 -1
    outer loop
      vertex 25.9287 118.611 0
      vertex 40.7 128.2 0
      vertex 22.1 110.25 0
    endloop
  endfacet
  facet normal 0 0 -1
    outer loop
      vertex 37.7 0 0
      vertex 40.5708 2.12915 0
      vertex 40.4716 1.85194 0
    endloop
  endfacet
  facet normal 0 -0 -1
    outer loop
      vertex 26.0548 118.822 0
      vertex 40.7 128.2 0
      vertex 25.9287 118.611 0
    endloop
  endfacet
  facet normal 0 0 -1
    outer loop
      vertex 37.7 0 0
      vertex 40.4716 1.85194 0
      vertex 40.3458 1.58582 0
    endloop
  endfacet
  facet normal 0 -0 -1
    outer loop
      vertex 26.1597 119.043 0
      vertex 40.7 128.2 0
      vertex 26.0548 118.822 0
    endloop
  endfacet
  facet normal 0 0 -1
    outer loop
      vertex 37.7 0 0
      vertex 40.3458 1.58582 0
      vertex 40.1944 1.33328 0
    endloop
  endfacet
  facet normal 0 -0 -1
    outer loop
      vertex 26.2423 119.274 0
      vertex 40.7 128.2 0
      vertex 26.1597 119.043 0
    endloop
  endfacet
  facet normal 0 0 -1
    outer loop
      vertex 37.7 0 0
      vertex 40.1944 1.33328 0
      vertex 40.019 1.09682 0
    endloop
  endfacet
  facet normal 0 -0 -1
    outer loop
      vertex 26.302 119.512 0
      vertex 40.7 128.2 0
      vertex 26.2423 119.274 0
    endloop
  endfacet
  facet normal 0 0 -1
    outer loop
      vertex 37.7 0 0
      vertex 40.019 1.09682 0
      vertex 39.8213 0.878677 0
    endloop
  endfacet
  facet normal 0 -0 -1
    outer loop
      vertex 26.338 119.755 0
      vertex 40.7 128.2 0
      vertex 26.302 119.512 0
    endloop
  endfacet
  facet normal 0 0 -1
    outer loop
      vertex 37.7 0 0
      vertex 39.8213 0.878677 0
      vertex 39.6032 0.680969 0
    endloop
  endfacet
  facet normal 0 -0 -1
    outer loop
      vertex 26.35 120 0
      vertex 40.7 128.2 0
      vertex 26.338 119.755 0
    endloop
  endfacet
  facet normal 0 0 -1
    outer loop
      vertex 37.7 0 0
      vertex 39.6032 0.680969 0
      vertex 39.3667 0.505585 0
    endloop
  endfacet
  facet normal 0 0 -1
    outer loop
      vertex 26.338 120.245 0
      vertex 40.7 128.2 0
      vertex 26.35 120 0
    endloop
  endfacet
  facet normal 0 0 -1
    outer loop
      vertex 37.7 0 0
      vertex 39.3667 0.505585 0
      vertex 39.1142 0.354233 0
    endloop
  endfacet
  facet normal 0 0 -1
    outer loop
      vertex 26.302 120.488 0
      vertex 40.7 128.2 0
      vertex 26.338 120.245 0
    endloop
  endfacet
  facet normal 0 0 -1
    outer loop
      vertex 37.7 0 0
      vertex 39.1142 0.354233 0
      vertex 38.8481 0.228363 0
    endloop
  endfacet
  facet normal 0 0 -1
    outer loop
      vertex 26.2423 120.726 0
      vertex 40.7 128.2 0
      vertex 26.302 120.488 0
    endloop
  endfacet
  facet normal 0 0 -1
    outer loop
      vertex 37.7 0 0
      vertex 38.8481 0.228363 0
      vertex 38.5708 0.129181 0
    endloop
  endfacet
  facet normal 0 0 -1
    outer loop
      vertex 26.1597 120.957 0
      vertex 40.7 128.2 0
      vertex 26.2423 120.726 0
    endloop
  endfacet
  facet normal 0 0 -1
    outer loop
      vertex 37.7 0 0
      vertex 38.5708 0.129181 0
      vertex 38.2853 0.0576477 0
    endloop
  endfacet
  facet normal 0 -0 -1
    outer loop
      vertex 37.7 131.2 0
      vertex 40.7 128.2 0
      vertex 26.1597 120.957 0
    endloop
  endfacet
  facet normal 0 0 -1
    outer loop
      vertex 37.7 0 0
      vertex 38.2853 0.0576477 0
      vertex 37.994 0.0144501 0
    endloop
  endfacet
  facet normal 0 0 -1
    outer loop
      vertex 40.6855 128.494 0
      vertex 37.7 131.2 0
      vertex 40.6423 128.785 0
    endloop
  endfacet
  facet normal -0 0 -1
    outer loop
      vertex 40.7 3 0
      vertex 37.7 0 0
      vertex 21.4602 21.8972 0
    endloop
  endfacet
  facet normal 0 0 -1
    outer loop
      vertex 40.6423 128.785 0
      vertex 37.7 131.2 0
      vertex 40.5708 129.071 0
    endloop
  endfacet
  facet normal 0 0 -1
    outer loop
      vertex 40.5708 129.071 0
      vertex 37.7 131.2 0
      vertex 40.4716 129.348 0
    endloop
  endfacet
  facet normal 0 0 -1
    outer loop
      vertex 38.2853 131.142 0
      vertex 37.7 131.2 0
      vertex 37.994 131.186 0
    endloop
  endfacet
  facet normal 0 0 -1
    outer loop
      vertex 38.5708 131.071 0
      vertex 37.7 131.2 0
      vertex 38.2853 131.142 0
    endloop
  endfacet
  facet normal 0 0 -1
    outer loop
      vertex 39.1142 130.846 0
      vertex 37.7 131.2 0
      vertex 38.8481 130.972 0
    endloop
  endfacet
  facet normal 0 0 -1
    outer loop
      vertex 39.3667 130.694 0
      vertex 37.7 131.2 0
      vertex 39.1142 130.846 0
    endloop
  endfacet
  facet normal 0 0 -1
    outer loop
      vertex 39.6032 130.519 0
      vertex 37.7 131.2 0
      vertex 39.3667 130.694 0
    endloop
  endfacet
  facet normal 0 0 -1
    outer loop
      vertex 40.019 130.103 0
      vertex 37.7 131.2 0
      vertex 39.8213 130.321 0
    endloop
  endfacet
  facet normal 0 0 -1
    outer loop
      vertex 40.3458 129.614 0
      vertex 37.7 131.2 0
      vertex 40.1944 129.867 0
    endloop
  endfacet
  facet normal 0 0 -1
    outer loop
      vertex 25.9287 118.611 0
      vertex 22.1 110.25 0
      vertex 25.7825 118.414 0
    endloop
  endfacet
  facet normal 0 0 -1
    outer loop
      vertex 25.7825 118.414 0
      vertex 22.1 110.25 0
      vertex 25.6178 118.232 0
    endloop
  endfacet
  facet normal 0 0 -1
    outer loop
      vertex 25.6178 118.232 0
      vertex 22.1 110.25 0
      vertex 25.436 118.067 0
    endloop
  endfacet
  facet normal 0 0 -1
    outer loop
      vertex 25.436 118.067 0
      vertex 22.1 110.25 0
      vertex 25.2389 117.921 0
    endloop
  endfacet
  facet normal 0 0 -1
    outer loop
      vertex 22.1 113.75 0
      vertex 25.2389 117.921 0
      vertex 22.1 110.25 0
    endloop
  endfacet
  facet normal 0 0 -1
    outer loop
      vertex 25.2389 117.921 0
      vertex 22.1 113.75 0
      vertex 25.0285 117.795 0
    endloop
  endfacet
  facet normal 0 0 -1
    outer loop
      vertex 25.0285 117.795 0
      vertex 22.1 113.75 0
      vertex 24.8067 117.69 0
    endloop
  endfacet
  facet normal 0 0 -1
    outer loop
      vertex 24.8067 117.69 0
      vertex 22.1 113.75 0
      vertex 24.5757 117.608 0
    endloop
  endfacet
  facet normal 0 0 -1
    outer loop
      vertex 22.0916 113.922 0
      vertex 24.5757 117.608 0
      vertex 22.1 113.75 0
    endloop
  endfacet
  facet normal 0 0 -1
    outer loop
      vertex 40.7 3 0
      vertex 22.1 23.25 0
      vertex 22.1 26.75 0
    endloop
  endfacet
  facet normal 0 0 -1
    outer loop
      vertex 40.7 3 0
      vertex 22.0916 23.0785 0
      vertex 22.1 23.25 0
    endloop
  endfacet
  facet normal 0 0 -1
    outer loop
      vertex 40.7 3 0
      vertex 22.0664 22.9086 0
      vertex 22.0916 23.0785 0
    endloop
  endfacet
  facet normal 0 0 -1
    outer loop
      vertex 40.7 3 0
      vertex 22.0246 22.742 0
      vertex 22.0664 22.9086 0
    endloop
  endfacet
  facet normal 0 0 -1
    outer loop
      vertex 40.7 3 0
      vertex 21.9668 22.5803 0
      vertex 22.0246 22.742 0
    endloop
  endfacet
  facet normal 0 0 -1
    outer loop
      vertex 40.7 3 0
      vertex 21.8934 22.4251 0
      vertex 21.9668 22.5803 0
    endloop
  endfacet
  facet normal 0 0 -1
    outer loop
      vertex 40.7 3 0
      vertex 21.8051 22.2778 0
      vertex 21.8934 22.4251 0
    endloop
  endfacet
  facet normal 0 0 -1
    outer loop
      vertex 40.7 3 0
      vertex 21.7028 22.1398 0
      vertex 21.8051 22.2778 0
    endloop
  endfacet
  facet normal 0 0 -1
    outer loop
      vertex 40.7 3 0
      vertex 21.5874 22.0126 0
      vertex 21.7028 22.1398 0
    endloop
  endfacet
  facet normal 0 0 -1
    outer loop
      vertex 40.7 3 0
      vertex 21.4602 21.8972 0
      vertex 21.5874 22.0126 0
    endloop
  endfacet
  facet normal 0 0 -1
    outer loop
      vertex 37.7 0 0
      vertex 21.3222 21.7949 0
      vertex 21.4602 21.8972 0
    endloop
  endfacet
  facet normal 0 0 -1
    outer loop
      vertex 37.7 0 0
      vertex 21.1749 21.7066 0
      vertex 21.3222 21.7949 0
    endloop
  endfacet
  facet normal 0 0 -1
    outer loop
      vertex 37.7 0 0
      vertex 21.0197 21.6332 0
      vertex 21.1749 21.7066 0
    endloop
  endfacet
  facet normal 0 0 -1
    outer loop
      vertex 37.7 0 0
      vertex 20.858 21.5754 0
      vertex 21.0197 21.6332 0
    endloop
  endfacet
  facet normal 0 0 -1
    outer loop
      vertex 37.7 0 0
      vertex 20.6914 21.5336 0
      vertex 20.858 21.5754 0
    endloop
  endfacet
  facet normal 0 0 -1
    outer loop
      vertex 37.7 0 0
      vertex 20.5215 21.5084 0
      vertex 20.6914 21.5336 0
    endloop
  endfacet
  facet normal 0 0 -1
    outer loop
      vertex 37.7 0 0
      vertex 20.35 21.5 0
      vertex 20.5215 21.5084 0
    endloop
  endfacet
  facet normal 0 0 -1
    outer loop
      vertex 3 0 0
      vertex 20.35 21.5 0
      vertex 37.7 0 0
    endloop
  endfacet
  facet normal -0 0 -1
    outer loop
      vertex 20.35 21.5 0
      vertex 3 0 0
      vertex 20.1785 21.5084 0
    endloop
  endfacet
  facet normal -0 0 -1
    outer loop
      vertex 20.1785 21.5084 0
      vertex 3 0 0
      vertex 20.0086 21.5336 0
    endloop
  endfacet
  facet normal -0 0 -1
    outer loop
      vertex 20.0086 21.5336 0
      vertex 3 0 0
      vertex 19.842 21.5754 0
    endloop
  endfacet
  facet normal -0 0 -1
    outer loop
      vertex 19.842 21.5754 0
      vertex 3 0 0
      vertex 19.6803 21.6332 0
    endloop
  endfacet
  facet normal -0 0 -1
    outer loop
      vertex 19.6803 21.6332 0
      vertex 3 0 0
      vertex 19.5251 21.7066 0
    endloop
  endfacet
  facet normal -0 0 -1
    outer loop
      vertex 19.5251 21.7066 0
      vertex 3 0 0
      vertex 19.3778 21.7949 0
    endloop
  endfacet
  facet normal -0 0 -1
    outer loop
      vertex 19.3778 21.7949 0
      vertex 3 0 0
      vertex 19.2398 21.8972 0
    endloop
  endfacet
  facet normal 0 0 -1
    outer loop
      vertex 0 3 0
      vertex 19.2398 21.8972 0
      vertex 3 0 0
    endloop
  endfacet
  facet normal 0 0 -1
    outer loop
      vertex 0 3 0
      vertex 18.6 26.75 0
      vertex 18.6 23.25 0
    endloop
  endfacet
  facet normal -0 -0 -1
    outer loop
      vertex 14.9175 118.414 0
      vertex 18.6336 109.909 0
      vertex 14.7713 118.611 0
    endloop
  endfacet
  facet normal 0 0 -1
    outer loop
      vertex 18.6336 109.909 0
      vertex 14.9175 118.414 0
      vertex 18.6084 110.078 0
    endloop
  endfacet
  facet normal 0 0 -1
    outer loop
      vertex 18.6 113.75 0
      vertex 16.605 117.512 0
      vertex 16.85 117.5 0
    endloop
  endfacet
  facet normal 0 0 -1
    outer loop
      vertex 18.6 113.75 0
      vertex 16.3623 117.548 0
      vertex 16.605 117.512 0
    endloop
  endfacet
  facet normal 0 0 -1
    outer loop
      vertex 18.6 113.75 0
      vertex 16.1243 117.608 0
      vertex 16.3623 117.548 0
    endloop
  endfacet
  facet normal 0 0 -1
    outer loop
      vertex 18.6 113.75 0
      vertex 15.8933 117.69 0
      vertex 16.1243 117.608 0
    endloop
  endfacet
  facet normal 0 0 -1
    outer loop
      vertex 18.6 113.75 0
      vertex 15.6715 117.795 0
      vertex 15.8933 117.69 0
    endloop
  endfacet
  facet normal 0 0 -1
    outer loop
      vertex 18.6 113.75 0
      vertex 15.4611 117.921 0
      vertex 15.6715 117.795 0
    endloop
  endfacet
  facet normal 0 0 -1
    outer loop
      vertex 18.6 110.25 0
      vertex 15.4611 117.921 0
      vertex 18.6 113.75 0
    endloop
  endfacet
  facet normal -0 -0 -1
    outer loop
      vertex 15.264 118.067 0
      vertex 18.6 110.25 0
      vertex 15.0822 118.232 0
    endloop
  endfacet
  facet normal -0 -0 -1
    outer loop
      vertex 15.4611 117.921 0
      vertex 18.6 110.25 0
      vertex 15.264 118.067 0
    endloop
  endfacet
  facet normal 0 0 -1
    outer loop
      vertex 18.6084 110.078 0
      vertex 15.0822 118.232 0
      vertex 18.6 110.25 0
    endloop
  endfacet
  facet normal -0 -0 -1
    outer loop
      vertex 15.0822 118.232 0
      vertex 18.6084 110.078 0
      vertex 14.9175 118.414 0
    endloop
  endfacet
  facet normal 0 0 -1
    outer loop
      vertex 14.7713 118.611 0
      vertex 0 128.2 0
      vertex 14.6452 118.822 0
    endloop
  endfacet
  facet normal 0 0 -1
    outer loop
      vertex 14.6452 118.822 0
      vertex 0 128.2 0
      vertex 14.5403 119.043 0
    endloop
  endfacet
  facet normal 0 0 -1
    outer loop
      vertex 14.5403 119.043 0
      vertex 0 128.2 0
      vertex 14.4576 119.274 0
    endloop
  endfacet
  facet normal 0 0 -1
    outer loop
      vertex 14.4576 119.274 0
      vertex 0 128.2 0
      vertex 14.398 119.512 0
    endloop
  endfacet
  facet normal 0 0 -1
    outer loop
      vertex 14.398 119.512 0
      vertex 0 128.2 0
      vertex 14.362 119.755 0
    endloop
  endfacet
  facet normal -0 0 -1
    outer loop
      vertex 18.6084 23.0785 0
      vertex 0 3 0
      vertex 18.6 23.25 0
    endloop
  endfacet
  facet normal -0 0 -1
    outer loop
      vertex 18.6336 22.9086 0
      vertex 0 3 0
      vertex 18.6084 23.0785 0
    endloop
  endfacet
  facet normal -0 0 -1
    outer loop
      vertex 18.6754 22.742 0
      vertex 0 3 0
      vertex 18.6336 22.9086 0
    endloop
  endfacet
  facet normal -0 0 -1
    outer loop
      vertex 18.7332 22.5803 0
      vertex 0 3 0
      vertex 18.6754 22.742 0
    endloop
  endfacet
  facet normal -0 0 -1
    outer loop
      vertex 18.8066 22.4251 0
      vertex 0 3 0
      vertex 18.7332 22.5803 0
    endloop
  endfacet
  facet normal -0 0 -1
    outer loop
      vertex 18.8949 22.2778 0
      vertex 0 3 0
      vertex 18.8066 22.4251 0
    endloop
  endfacet
  facet normal -0 0 -1
    outer loop
      vertex 18.9972 22.1398 0
      vertex 0 3 0
      vertex 18.8949 22.2778 0
    endloop
  endfacet
  facet normal -0 0 -1
    outer loop
      vertex 19.1126 22.0126 0
      vertex 0 3 0
      vertex 18.9972 22.1398 0
    endloop
  endfacet
  facet normal -0 0 -1
    outer loop
      vertex 19.2398 21.8972 0
      vertex 0 3 0
      vertex 19.1126 22.0126 0
    endloop
  endfacet
  facet normal 0 0 -1
    outer loop
      vertex 38.8481 130.972 0
      vertex 37.7 131.2 0
      vertex 38.5708 131.071 0
    endloop
  endfacet
  facet normal 0 0 -1
    outer loop
      vertex 39.8213 130.321 0
      vertex 37.7 131.2 0
      vertex 39.6032 130.519 0
    endloop
  endfacet
  facet normal 0 0 -1
    outer loop
      vertex 40.4716 129.348 0
      vertex 37.7 131.2 0
      vertex 40.3458 129.614 0
    endloop
  endfacet
  facet normal 0 0 -1
    outer loop
      vertex 40.7 128.2 0
      vertex 37.7 131.2 0
      vertex 40.6855 128.494 0
    endloop
  endfacet
  facet normal 0 0 -1
    outer loop
      vertex 26.0548 121.178 0
      vertex 37.7 131.2 0
      vertex 26.1597 120.957 0
    endloop
  endfacet
  facet normal 0 0 -1
    outer loop
      vertex 25.9287 121.389 0
      vertex 37.7 131.2 0
      vertex 26.0548 121.178 0
    endloop
  endfacet
  facet normal 0 0 -1
    outer loop
      vertex 25.7825 121.586 0
      vertex 37.7 131.2 0
      vertex 25.9287 121.389 0
    endloop
  endfacet
  facet normal 0 0 -1
    outer loop
      vertex 25.6178 121.768 0
      vertex 37.7 131.2 0
      vertex 25.7825 121.586 0
    endloop
  endfacet
  facet normal 0 0 -1
    outer loop
      vertex 25.436 121.933 0
      vertex 37.7 131.2 0
      vertex 25.6178 121.768 0
    endloop
  endfacet
  facet normal 0 0 -1
    outer loop
      vertex 25.2389 122.079 0
      vertex 37.7 131.2 0
      vertex 25.436 121.933 0
    endloop
  endfacet
  facet normal 0 0 -1
    outer loop
      vertex 25.0285 122.205 0
      vertex 37.7 131.2 0
      vertex 25.2389 122.079 0
    endloop
  endfacet
  facet normal 0 0 -1
    outer loop
      vertex 24.8067 122.31 0
      vertex 37.7 131.2 0
      vertex 25.0285 122.205 0
    endloop
  endfacet
  facet normal 0 0 -1
    outer loop
      vertex 24.5757 122.392 0
      vertex 37.7 131.2 0
      vertex 24.8067 122.31 0
    endloop
  endfacet
  facet normal 0 0 -1
    outer loop
      vertex 24.3377 122.452 0
      vertex 37.7 131.2 0
      vertex 24.5757 122.392 0
    endloop
  endfacet
  facet normal 0 0 -1
    outer loop
      vertex 24.095 122.488 0
      vertex 37.7 131.2 0
      vertex 24.3377 122.452 0
    endloop
  endfacet
  facet normal 0 0 -1
    outer loop
      vertex 23.85 122.5 0
      vertex 37.7 131.2 0
      vertex 24.095 122.488 0
    endloop
  endfacet
  facet normal 0 0 -1
    outer loop
      vertex 16.85 122.5 0
      vertex 37.7 131.2 0
      vertex 23.85 122.5 0
    endloop
  endfacet
  facet normal 0 0 -1
    outer loop
      vertex 3 131.2 0
      vertex 16.85 122.5 0
      vertex 16.605 122.488 0
    endloop
  endfacet
  facet normal 0 0 -1
    outer loop
      vertex 3 131.2 0
      vertex 16.605 122.488 0
      vertex 16.3623 122.452 0
    endloop
  endfacet
  facet normal 0 0 -1
    outer loop
      vertex 3 131.2 0
      vertex 16.3623 122.452 0
      vertex 16.1243 122.392 0
    endloop
  endfacet
  facet normal 0 0 -1
    outer loop
      vertex 3 131.2 0
      vertex 16.1243 122.392 0
      vertex 15.8933 122.31 0
    endloop
  endfacet
  facet normal -0 0 -1
    outer loop
      vertex 18.8066 27.5749 0
      vertex 0 3 0
      vertex 0 128.2 0
    endloop
  endfacet
  facet normal 0 0 -1
    outer loop
      vertex 16.85 122.5 0
      vertex 3 131.2 0
      vertex 37.7 131.2 0
    endloop
  endfacet
  facet normal 0 0 -1
    outer loop
      vertex 15.6715 122.205 0
      vertex 3 131.2 0
      vertex 15.8933 122.31 0
    endloop
  endfacet
  facet normal 0 0 -1
    outer loop
      vertex 15.4611 122.079 0
      vertex 3 131.2 0
      vertex 15.6715 122.205 0
    endloop
  endfacet
  facet normal 0 0 -1
    outer loop
      vertex 15.264 121.933 0
      vertex 3 131.2 0
      vertex 15.4611 122.079 0
    endloop
  endfacet
  facet normal 0 0 -1
    outer loop
      vertex 15.0822 121.768 0
      vertex 3 131.2 0
      vertex 15.264 121.933 0
    endloop
  endfacet
  facet normal 0 0 -1
    outer loop
      vertex 14.9175 121.586 0
      vertex 3 131.2 0
      vertex 15.0822 121.768 0
    endloop
  endfacet
  facet normal 0 0 -1
    outer loop
      vertex 14.7713 121.389 0
      vertex 3 131.2 0
      vertex 14.9175 121.586 0
    endloop
  endfacet
  facet normal 0 0 -1
    outer loop
      vertex 14.6452 121.178 0
      vertex 3 131.2 0
      vertex 14.7713 121.389 0
    endloop
  endfacet
  facet normal 0 0 -1
    outer loop
      vertex 14.5403 120.957 0
      vertex 3 131.2 0
      vertex 14.6452 121.178 0
    endloop
  endfacet
  facet normal 0 0 -1
    outer loop
      vertex 0 128.2 0
      vertex 14.5403 120.957 0
      vertex 14.4576 120.726 0
    endloop
  endfacet
  facet normal 0 0 -1
    outer loop
      vertex 0 128.2 0
      vertex 14.4576 120.726 0
      vertex 14.398 120.488 0
    endloop
  endfacet
  facet normal 0 0 -1
    outer loop
      vertex 0 128.2 0
      vertex 14.398 120.488 0
      vertex 14.362 120.245 0
    endloop
  endfacet
  facet normal 0 0 -1
    outer loop
      vertex 14.362 119.755 0
      vertex 0 128.2 0
      vertex 14.35 120 0
    endloop
  endfacet
  facet normal 0 0 -1
    outer loop
      vertex 0 3 0
      vertex 3 0 0
      vertex 2.70595 0.0144501 0
    endloop
  endfacet
  facet normal 0 0 -1
    outer loop
      vertex 14.35 120 0
      vertex 0 128.2 0
      vertex 14.362 120.245 0
    endloop
  endfacet
  facet normal 0 0 -1
    outer loop
      vertex 0 3 0
      vertex 2.70595 0.0144501 0
      vertex 2.41473 0.0576477 0
    endloop
  endfacet
  facet normal 0 0 -1
    outer loop
      vertex 14.5403 120.957 0
      vertex 0 128.2 0
      vertex 3 131.2 0
    endloop
  endfacet
  facet normal 0 0 -1
    outer loop
      vertex 0 3 0
      vertex 2.41473 0.0576477 0
      vertex 2.12915 0.129181 0
    endloop
  endfacet
  facet normal 0 0 -1
    outer loop
      vertex 3 131.2 0
      vertex 0 128.2 0
      vertex 2.70595 131.186 0
    endloop
  endfacet
  facet normal 0 0 -1
    outer loop
      vertex 0 3 0
      vertex 2.12915 0.129181 0
      vertex 1.85194 0.228363 0
    endloop
  endfacet
  facet normal 0 0 -1
    outer loop
      vertex 2.70595 131.186 0
      vertex 0 128.2 0
      vertex 2.41473 131.142 0
    endloop
  endfacet
  facet normal 0 0 -1
    outer loop
      vertex 0 3 0
      vertex 1.85194 0.228363 0
      vertex 1.58582 0.354233 0
    endloop
  endfacet
  facet normal 0 0 -1
    outer loop
      vertex 2.41473 131.142 0
      vertex 0 128.2 0
      vertex 2.12915 131.071 0
    endloop
  endfacet
  facet normal 0 0 -1
    outer loop
      vertex 0 3 0
      vertex 1.58582 0.354233 0
      vertex 1.33328 0.505585 0
    endloop
  endfacet
  facet normal 0 0 -1
    outer loop
      vertex 2.12915 131.071 0
      vertex 0 128.2 0
      vertex 1.85194 130.972 0
    endloop
  endfacet
  facet normal 0 0 -1
    outer loop
      vertex 0 3 0
      vertex 1.33328 0.505585 0
      vertex 1.09682 0.680969 0
    endloop
  endfacet
  facet normal 0 0 -1
    outer loop
      vertex 1.85194 130.972 0
      vertex 0 128.2 0
      vertex 1.58582 130.846 0
    endloop
  endfacet
  facet normal 0 0 -1
    outer loop
      vertex 0 3 0
      vertex 1.09682 0.680969 0
      vertex 0.878677 0.878677 0
    endloop
  endfacet
  facet normal 0 0 -1
    outer loop
      vertex 1.58582 130.846 0
      vertex 0 128.2 0
      vertex 1.33328 130.694 0
    endloop
  endfacet
  facet normal 0 0 -1
    outer loop
      vertex 0 3 0
      vertex 0.878677 0.878677 0
      vertex 0.680969 1.09682 0
    endloop
  endfacet
  facet normal 0 0 -1
    outer loop
      vertex 1.33328 130.694 0
      vertex 0 128.2 0
      vertex 1.09682 130.519 0
    endloop
  endfacet
  facet normal 0 0 -1
    outer loop
      vertex 0 3 0
      vertex 0.680969 1.09682 0
      vertex 0.505585 1.33328 0
    endloop
  endfacet
  facet normal 0 0 -1
    outer loop
      vertex 1.09682 130.519 0
      vertex 0 128.2 0
      vertex 0.878677 130.321 0
    endloop
  endfacet
  facet normal 0 0 -1
    outer loop
      vertex 0 3 0
      vertex 0.505585 1.33328 0
      vertex 0.354233 1.58582 0
    endloop
  endfacet
  facet normal 0 0 -1
    outer loop
      vertex 0.878677 130.321 0
      vertex 0 128.2 0
      vertex 0.680969 130.103 0
    endloop
  endfacet
  facet normal 0 0 -1
    outer loop
      vertex 0 3 0
      vertex 0.354233 1.58582 0
      vertex 0.228363 1.85194 0
    endloop
  endfacet
  facet normal 0 0 -1
    outer loop
      vertex 0.680969 130.103 0
      vertex 0 128.2 0
      vertex 0.505585 129.867 0
    endloop
  endfacet
  facet normal 0 0 -1
    outer loop
      vertex 0 3 0
      vertex 0.228363 1.85194 0
      vertex 0.129181 2.12915 0
    endloop
  endfacet
  facet normal 0 0 -1
    outer loop
      vertex 0.505585 129.867 0
      vertex 0 128.2 0
      vertex 0.354233 129.614 0
    endloop
  endfacet
  facet normal 0 0 -1
    outer loop
      vertex 0 3 0
      vertex 0.129181 2.12915 0
      vertex 0.0576477 2.41473 0
    endloop
  endfacet
  facet normal 0 0 -1
    outer loop
      vertex 0.354233 129.614 0
      vertex 0 128.2 0
      vertex 0.228363 129.348 0
    endloop
  endfacet
  facet normal 0 0 -1
    outer loop
      vertex 0 3 0
      vertex 0.0576477 2.41473 0
      vertex 0.0144501 2.70595 0
    endloop
  endfacet
  facet normal 0 0 -1
    outer loop
      vertex 0.228363 129.348 0
      vertex 0 128.2 0
      vertex 0.129181 129.071 0
    endloop
  endfacet
  facet normal 0 0 -1
    outer loop
      vertex 0.129181 129.071 0
      vertex 0 128.2 0
      vertex 0.0576477 128.785 0
    endloop
  endfacet
  facet normal 0 0 -1
    outer loop
      vertex 0.0576477 128.785 0
      vertex 0 128.2 0
      vertex 0.0144501 128.494 0
    endloop
  endfacet
  facet normal 0 0 -1
    outer loop
      vertex 40.1944 129.867 0
      vertex 37.7 131.2 0
      vertex 40.019 130.103 0
    endloop
  endfacet
  facet normal 0 0 -1
    outer loop
      vertex 24.5757 117.608 0
      vertex 22.0916 113.922 0
      vertex 24.3377 117.548 0
    endloop
  endfacet
  facet normal 0 0 -1
    outer loop
      vertex 22.0664 114.091 0
      vertex 24.3377 117.548 0
      vertex 22.0916 113.922 0
    endloop
  endfacet
  facet normal 0 0 -1
    outer loop
      vertex 22.0246 114.258 0
      vertex 24.3377 117.548 0
      vertex 22.0664 114.091 0
    endloop
  endfacet
  facet normal 0 0 -1
    outer loop
      vertex 24.3377 117.548 0
      vertex 22.0246 114.258 0
      vertex 24.095 117.512 0
    endloop
  endfacet
  facet normal 0 0 -1
    outer loop
      vertex 21.9668 114.42 0
      vertex 24.095 117.512 0
      vertex 22.0246 114.258 0
    endloop
  endfacet
  facet normal 0 0 -1
    outer loop
      vertex 24.095 117.512 0
      vertex 21.9668 114.42 0
      vertex 23.85 117.5 0
    endloop
  endfacet
  facet normal 0 0 -1
    outer loop
      vertex 21.8934 114.575 0
      vertex 23.85 117.5 0
      vertex 21.9668 114.42 0
    endloop
  endfacet
  facet normal 0 0 -1
    outer loop
      vertex 21.8051 114.722 0
      vertex 23.85 117.5 0
      vertex 21.8934 114.575 0
    endloop
  endfacet
  facet normal 0 0 -1
    outer loop
      vertex 21.7028 114.86 0
      vertex 23.85 117.5 0
      vertex 21.8051 114.722 0
    endloop
  endfacet
  facet normal 0 0 -1
    outer loop
      vertex 21.5874 114.987 0
      vertex 23.85 117.5 0
      vertex 21.7028 114.86 0
    endloop
  endfacet
  facet normal 0 0 -1
    outer loop
      vertex 21.4602 115.103 0
      vertex 23.85 117.5 0
      vertex 21.5874 114.987 0
    endloop
  endfacet
  facet normal 0 0 -1
    outer loop
      vertex 21.3222 115.205 0
      vertex 23.85 117.5 0
      vertex 21.4602 115.103 0
    endloop
  endfacet
  facet normal 0 0 -1
    outer loop
      vertex 21.1749 115.293 0
      vertex 23.85 117.5 0
      vertex 21.3222 115.205 0
    endloop
  endfacet
  facet normal 0 0 -1
    outer loop
      vertex 21.0197 115.367 0
      vertex 23.85 117.5 0
      vertex 21.1749 115.293 0
    endloop
  endfacet
  facet normal 0 0 -1
    outer loop
      vertex 20.858 115.425 0
      vertex 23.85 117.5 0
      vertex 21.0197 115.367 0
    endloop
  endfacet
  facet normal 0 0 -1
    outer loop
      vertex 20.6914 115.466 0
      vertex 23.85 117.5 0
      vertex 20.858 115.425 0
    endloop
  endfacet
  facet normal 0 0 -1
    outer loop
      vertex 20.5215 115.492 0
      vertex 23.85 117.5 0
      vertex 20.6914 115.466 0
    endloop
  endfacet
  facet normal 0 0 -1
    outer loop
      vertex 20.35 115.5 0
      vertex 23.85 117.5 0
      vertex 20.5215 115.492 0
    endloop
  endfacet
  facet normal 0 0 -1
    outer loop
      vertex 16.85 117.5 0
      vertex 20.35 115.5 0
      vertex 20.1785 115.492 0
    endloop
  endfacet
  facet normal 0 0 -1
    outer loop
      vertex 16.85 117.5 0
      vertex 20.1785 115.492 0
      vertex 20.0086 115.466 0
    endloop
  endfacet
  facet normal 0 0 -1
    outer loop
      vertex 16.85 117.5 0
      vertex 20.0086 115.466 0
      vertex 19.842 115.425 0
    endloop
  endfacet
  facet normal 0 0 -1
    outer loop
      vertex 16.85 117.5 0
      vertex 19.842 115.425 0
      vertex 19.6803 115.367 0
    endloop
  endfacet
  facet normal 0 0 -1
    outer loop
      vertex 16.85 117.5 0
      vertex 19.6803 115.367 0
      vertex 19.5251 115.293 0
    endloop
  endfacet
  facet normal 0 0 -1
    outer loop
      vertex 20.35 115.5 0
      vertex 16.85 117.5 0
      vertex 23.85 117.5 0
    endloop
  endfacet
  facet normal 0 0 -1
    outer loop
      vertex 19.3778 115.205 0
      vertex 16.85 117.5 0
      vertex 19.5251 115.293 0
    endloop
  endfacet
  facet normal 0 0 -1
    outer loop
      vertex 19.2398 115.103 0
      vertex 16.85 117.5 0
      vertex 19.3778 115.205 0
    endloop
  endfacet
  facet normal 0 0 -1
    outer loop
      vertex 19.1126 114.987 0
      vertex 16.85 117.5 0
      vertex 19.2398 115.103 0
    endloop
  endfacet
  facet normal 0 0 -1
    outer loop
      vertex 18.9972 114.86 0
      vertex 16.85 117.5 0
      vertex 19.1126 114.987 0
    endloop
  endfacet
  facet normal 0 0 -1
    outer loop
      vertex 18.8949 114.722 0
      vertex 16.85 117.5 0
      vertex 18.9972 114.86 0
    endloop
  endfacet
  facet normal 0 0 -1
    outer loop
      vertex 18.8066 114.575 0
      vertex 16.85 117.5 0
      vertex 18.8949 114.722 0
    endloop
  endfacet
  facet normal 0 0 -1
    outer loop
      vertex 18.7332 114.42 0
      vertex 16.85 117.5 0
      vertex 18.8066 114.575 0
    endloop
  endfacet
  facet normal 0 0 -1
    outer loop
      vertex 18.6754 114.258 0
      vertex 16.85 117.5 0
      vertex 18.7332 114.42 0
    endloop
  endfacet
  facet normal 0 0 -1
    outer loop
      vertex 18.6336 114.091 0
      vertex 16.85 117.5 0
      vertex 18.6754 114.258 0
    endloop
  endfacet
  facet normal 0 0 -1
    outer loop
      vertex 18.6084 113.922 0
      vertex 16.85 117.5 0
      vertex 18.6336 114.091 0
    endloop
  endfacet
  facet normal 0 0 -1
    outer loop
      vertex 16.85 117.5 0
      vertex 18.6084 113.922 0
      vertex 18.6 113.75 0
    endloop
  endfacet
  facet normal -0.989177 -0.146728 0
    outer loop
      vertex 0.0576477 2.41473 0
      vertex 0.0144501 2.70595 2
      vertex 0.0144501 2.70595 0
    endloop
  endfacet
  facet normal -0.989177 -0.146728 0
    outer loop
      vertex 0.0144501 2.70595 2
      vertex 0.0576477 2.41473 0
      vertex 0.0576477 2.41473 2
    endloop
  endfacet
  facet normal 0.98916 0.146844 0
    outer loop
      vertex 40.6855 128.494 2
      vertex 40.6423 128.785 0
      vertex 40.6423 128.785 2
    endloop
  endfacet
  facet normal 0.98916 0.146844 0
    outer loop
      vertex 40.6423 128.785 0
      vertex 40.6855 128.494 2
      vertex 40.6855 128.494 0
    endloop
  endfacet
  facet normal 0.998786 0.0492599 0
    outer loop
      vertex 40.7 128.2 2
      vertex 40.6855 128.494 0
      vertex 40.6855 128.494 2
    endloop
  endfacet
  facet normal 0.998786 0.0492599 0
    outer loop
      vertex 40.6855 128.494 0
      vertex 40.7 128.2 2
      vertex 40.7 128.2 0
    endloop
  endfacet
  facet normal 0.998786 -0.0492515 0
    outer loop
      vertex 40.6855 2.70595 2
      vertex 40.7 3 0
      vertex 40.7 3 2
    endloop
  endfacet
  facet normal 0.998786 -0.0492515 0
    outer loop
      vertex 40.7 3 0
      vertex 40.6855 2.70595 2
      vertex 40.6855 2.70595 0
    endloop
  endfacet
  facet normal 0.857679 -0.514186 0
    outer loop
      vertex 40.1944 1.33328 2
      vertex 40.3458 1.58582 0
      vertex 40.3458 1.58582 2
    endloop
  endfacet
  facet normal 0.857679 -0.514186 0
    outer loop
      vertex 40.3458 1.58582 0
      vertex 40.1944 1.33328 2
      vertex 40.1944 1.33328 0
    endloop
  endfacet
  facet normal 0.740974 -0.671534 0
    outer loop
      vertex 39.8213 0.878677 2
      vertex 40.019 1.09682 0
      vertex 40.019 1.09682 2
    endloop
  endfacet
  facet normal 0.740974 -0.671534 0
    outer loop
      vertex 40.019 1.09682 0
      vertex 39.8213 0.878677 2
      vertex 39.8213 0.878677 0
    endloop
  endfacet
  facet normal 0.515743 0.856744 -0
    outer loop
      vertex 39.3667 130.694 0
      vertex 39.1142 130.846 2
      vertex 39.3667 130.694 2
    endloop
  endfacet
  facet normal 0.515743 0.856744 0
    outer loop
      vertex 39.1142 130.846 2
      vertex 39.3667 130.694 0
      vertex 39.1142 130.846 0
    endloop
  endfacet
  facet normal 0.0475651 0.998868 -0
    outer loop
      vertex 37.994 131.186 0
      vertex 37.7 131.2 2
      vertex 37.994 131.186 2
    endloop
  endfacet
  facet normal 0.0475651 0.998868 0
    outer loop
      vertex 37.7 131.2 2
      vertex 37.994 131.186 0
      vertex 37.7 131.2 0
    endloop
  endfacet
  facet normal 0.149353 0.988784 -0
    outer loop
      vertex 38.2853 131.142 0
      vertex 37.994 131.186 2
      vertex 38.2853 131.142 2
    endloop
  endfacet
  facet normal 0.149353 0.988784 0
    outer loop
      vertex 37.994 131.186 2
      vertex 38.2853 131.142 0
      vertex 37.994 131.186 0
    endloop
  endfacet
  facet normal 0.594821 0.803858 -0
    outer loop
      vertex 39.6032 130.519 0
      vertex 39.3667 130.694 2
      vertex 39.6032 130.519 2
    endloop
  endfacet
  facet normal 0.594821 0.803858 0
    outer loop
      vertex 39.3667 130.694 2
      vertex 39.6032 130.519 0
      vertex 39.3667 130.694 0
    endloop
  endfacet
  facet normal 0.802604 0.596512 0
    outer loop
      vertex 40.1944 129.867 2
      vertex 40.019 130.103 0
      vertex 40.019 130.103 2
    endloop
  endfacet
  facet normal 0.802604 0.596512 0
    outer loop
      vertex 40.019 130.103 0
      vertex 40.1944 129.867 2
      vertex 40.1944 129.867 0
    endloop
  endfacet
  facet normal 0.904001 0.427531 0
    outer loop
      vertex 40.4716 129.348 2
      vertex 40.3458 129.614 0
      vertex 40.3458 129.614 2
    endloop
  endfacet
  facet normal 0.904001 0.427531 0
    outer loop
      vertex 40.3458 129.614 0
      vertex 40.4716 129.348 2
      vertex 40.4716 129.348 0
    endloop
  endfacet
  facet normal 0.941449 0.337154 0
    outer loop
      vertex 40.5708 129.071 2
      vertex 40.4716 129.348 0
      vertex 40.4716 129.348 2
    endloop
  endfacet
  facet normal 0.941449 0.337154 0
    outer loop
      vertex 40.4716 129.348 0
      vertex 40.5708 129.071 2
      vertex 40.5708 129.071 0
    endloop
  endfacet
  facet normal -0.74096 -0.671549 0
    outer loop
      vertex 0.878677 0.878677 0
      vertex 0.680969 1.09682 2
      vertex 0.680969 1.09682 0
    endloop
  endfacet
  facet normal -0.74096 -0.671549 0
    outer loop
      vertex 0.680969 1.09682 2
      vertex 0.878677 0.878677 0
      vertex 0.878677 0.878677 2
    endloop
  endfacet
  facet normal -0.671549 -0.74096 0
    outer loop
      vertex 0.878677 0.878677 0
      vertex 1.09682 0.680969 2
      vertex 0.878677 0.878677 2
    endloop
  endfacet
  facet normal -0.671549 -0.74096 -0
    outer loop
      vertex 1.09682 0.680969 2
      vertex 0.878677 0.878677 0
      vertex 1.09682 0.680969 0
    endloop
  endfacet
  facet normal -0.857751 -0.514066 0
    outer loop
      vertex 0.505585 1.33328 0
      vertex 0.354233 1.58582 2
      vertex 0.354233 1.58582 0
    endloop
  endfacet
  facet normal -0.857751 -0.514066 0
    outer loop
      vertex 0.354233 1.58582 2
      vertex 0.505585 1.33328 0
      vertex 0.505585 1.33328 2
    endloop
  endfacet
  facet normal 0.970059 -0.242871 0
    outer loop
      vertex 40.5708 2.12915 2
      vertex 40.6423 2.41473 0
      vertex 40.6423 2.41473 2
    endloop
  endfacet
  facet normal 0.970059 -0.242871 0
    outer loop
      vertex 40.6423 2.41473 0
      vertex 40.5708 2.12915 2
      vertex 40.5708 2.12915 0
    endloop
  endfacet
  facet normal 0.94153 -0.336928 0
    outer loop
      vertex 40.4716 1.85194 2
      vertex 40.5708 2.12915 0
      vertex 40.5708 2.12915 2
    endloop
  endfacet
  facet normal 0.94153 -0.336928 0
    outer loop
      vertex 40.5708 2.12915 0
      vertex 40.4716 1.85194 2
      vertex 40.4716 1.85194 0
    endloop
  endfacet
  facet normal 0.80316 -0.595764 0
    outer loop
      vertex 40.019 1.09682 2
      vertex 40.1944 1.33328 0
      vertex 40.1944 1.33328 2
    endloop
  endfacet
  facet normal 0.80316 -0.595764 0
    outer loop
      vertex 40.1944 1.33328 0
      vertex 40.019 1.09682 2
      vertex 40.019 1.09682 0
    endloop
  endfacet
  facet normal 0.989176 -0.146736 0
    outer loop
      vertex 40.6423 2.41473 2
      vertex 40.6855 2.70595 0
      vertex 40.6855 2.70595 2
    endloop
  endfacet
  facet normal 0.989176 -0.146736 0
    outer loop
      vertex 40.6855 2.70595 0
      vertex 40.6423 2.41473 2
      vertex 40.6423 2.41473 0
    endloop
  endfacet
  facet normal 0 0 1
    outer loop
      vertex 38.05 128.2 3.4
      vertex 38.7 128.2 3.4
      vertex 38.6952 128.298 3.4
    endloop
  endfacet
  facet normal 0 0 1
    outer loop
      vertex 38.7 128.2 3.4
      vertex 38.05 128.2 3.4
      vertex 38.7 3 3.4
    endloop
  endfacet
  facet normal 0 0 1
    outer loop
      vertex 38.0483 128.234 3.4
      vertex 38.6952 128.298 3.4
      vertex 38.6808 128.395 3.4
    endloop
  endfacet
  facet normal 0 0 1
    outer loop
      vertex 38.05 3 3.4
      vertex 38.7 3 3.4
      vertex 38.05 128.2 3.4
    endloop
  endfacet
  facet normal 0 0 1
    outer loop
      vertex 38.0433 128.268 3.4
      vertex 38.6808 128.395 3.4
      vertex 38.6569 128.49 3.4
    endloop
  endfacet
  facet normal 0 0 1
    outer loop
      vertex 38.7 3 3.4
      vertex 38.05 3 3.4
      vertex 38.6952 2.90198 3.4
    endloop
  endfacet
  facet normal 0 0 1
    outer loop
      vertex 38.0349 128.302 3.4
      vertex 38.6569 128.49 3.4
      vertex 38.6239 128.583 3.4
    endloop
  endfacet
  facet normal -0 0 1
    outer loop
      vertex 38.0483 2.9657 3.4
      vertex 38.6952 2.90198 3.4
      vertex 38.05 3 3.4
    endloop
  endfacet
  facet normal 0 0 1
    outer loop
      vertex 38.0234 128.334 3.4
      vertex 38.6239 128.583 3.4
      vertex 38.5819 128.671 3.4
    endloop
  endfacet
  facet normal 0 0 1
    outer loop
      vertex 38.6952 2.90198 3.4
      vertex 38.0483 2.9657 3.4
      vertex 38.6808 2.80492 3.4
    endloop
  endfacet
  facet normal 0 0 1
    outer loop
      vertex 38.0087 128.365 3.4
      vertex 38.5819 128.671 3.4
      vertex 38.5315 128.756 3.4
    endloop
  endfacet
  facet normal -0 0 1
    outer loop
      vertex 38.0433 2.93172 3.4
      vertex 38.6808 2.80492 3.4
      vertex 38.0483 2.9657 3.4
    endloop
  endfacet
  facet normal 0 0 1
    outer loop
      vertex 37.991 128.394 3.4
      vertex 38.5315 128.756 3.4
      vertex 38.473 128.834 3.4
    endloop
  endfacet
  facet normal 0 0 1
    outer loop
      vertex 38.6808 2.80492 3.4
      vertex 38.0433 2.93172 3.4
      vertex 38.6569 2.70972 3.4
    endloop
  endfacet
  facet normal 0 0 1
    outer loop
      vertex 37.9706 128.422 3.4
      vertex 38.473 128.834 3.4
      vertex 38.4071 128.907 3.4
    endloop
  endfacet
  facet normal -0 0 1
    outer loop
      vertex 38.0349 2.89841 3.4
      vertex 38.6569 2.70972 3.4
      vertex 38.0433 2.93172 3.4
    endloop
  endfacet
  facet normal 0 0 1
    outer loop
      vertex 37.9475 128.447 3.4
      vertex 38.4071 128.907 3.4
      vertex 38.3344 128.973 3.4
    endloop
  endfacet
  facet normal 0 0 1
    outer loop
      vertex 38.6569 2.70972 3.4
      vertex 38.0349 2.89841 3.4
      vertex 38.6239 2.61731 3.4
    endloop
  endfacet
  facet normal 0 0 1
    outer loop
      vertex 37.922 128.471 3.4
      vertex 38.3344 128.973 3.4
      vertex 38.2556 129.031 3.4
    endloop
  endfacet
  facet normal -0 0 1
    outer loop
      vertex 38.0234 2.86606 3.4
      vertex 38.6239 2.61731 3.4
      vertex 38.0349 2.89841 3.4
    endloop
  endfacet
  facet normal 0 0 1
    outer loop
      vertex 37.8944 128.491 3.4
      vertex 38.2556 129.031 3.4
      vertex 38.1714 129.082 3.4
    endloop
  endfacet
  facet normal 0 0 1
    outer loop
      vertex 38.6239 2.61731 3.4
      vertex 38.0234 2.86606 3.4
      vertex 38.5819 2.52861 3.4
    endloop
  endfacet
  facet normal 0 0 1
    outer loop
      vertex 37.865 128.509 3.4
      vertex 38.1714 129.082 3.4
      vertex 38.0827 129.124 3.4
    endloop
  endfacet
  facet normal -0 0 1
    outer loop
      vertex 38.0087 2.83501 3.4
      vertex 38.5819 2.52861 3.4
      vertex 38.0234 2.86606 3.4
    endloop
  endfacet
  facet normal 0 0 1
    outer loop
      vertex 38.5819 2.52861 3.4
      vertex 38.0087 2.83501 3.4
      vertex 38.5315 2.44443 3.4
    endloop
  endfacet
  facet normal 0 0 1
    outer loop
      vertex 38.6952 128.298 3.4
      vertex 38.0483 128.234 3.4
      vertex 38.05 128.2 3.4
    endloop
  endfacet
  facet normal 0 0 1
    outer loop
      vertex 38.6808 128.395 3.4
      vertex 38.0433 128.268 3.4
      vertex 38.0483 128.234 3.4
    endloop
  endfacet
  facet normal 0 0 1
    outer loop
      vertex 38.6569 128.49 3.4
      vertex 38.0349 128.302 3.4
      vertex 38.0433 128.268 3.4
    endloop
  endfacet
  facet normal 0 0 1
    outer loop
      vertex 38.6239 128.583 3.4
      vertex 38.0234 128.334 3.4
      vertex 38.0349 128.302 3.4
    endloop
  endfacet
  facet normal 0 0 1
    outer loop
      vertex 38.5819 128.671 3.4
      vertex 38.0087 128.365 3.4
      vertex 38.0234 128.334 3.4
    endloop
  endfacet
  facet normal 0 0 1
    outer loop
      vertex 38.5315 128.756 3.4
      vertex 37.991 128.394 3.4
      vertex 38.0087 128.365 3.4
    endloop
  endfacet
  facet normal 0 0 1
    outer loop
      vertex 37.8339 128.523 3.4
      vertex 38.0827 129.124 3.4
      vertex 37.9903 129.157 3.4
    endloop
  endfacet
  facet normal 0 0 1
    outer loop
      vertex 38.473 128.834 3.4
      vertex 37.9706 128.422 3.4
      vertex 37.991 128.394 3.4
    endloop
  endfacet
  facet normal 0 0 1
    outer loop
      vertex 38.4071 128.907 3.4
      vertex 37.9475 128.447 3.4
      vertex 37.9706 128.422 3.4
    endloop
  endfacet
  facet normal 0 0 1
    outer loop
      vertex 38.3344 128.973 3.4
      vertex 37.922 128.471 3.4
      vertex 37.9475 128.447 3.4
    endloop
  endfacet
  facet normal 0 0 1
    outer loop
      vertex 37.8016 128.535 3.4
      vertex 37.9903 129.157 3.4
      vertex 37.8951 129.181 3.4
    endloop
  endfacet
  facet normal 0 0 1
    outer loop
      vertex 38.2556 129.031 3.4
      vertex 37.8944 128.491 3.4
      vertex 37.922 128.471 3.4
    endloop
  endfacet
  facet normal 0 0 1
    outer loop
      vertex 38.1714 129.082 3.4
      vertex 37.865 128.509 3.4
      vertex 37.8944 128.491 3.4
    endloop
  endfacet
  facet normal 0 0 1
    outer loop
      vertex 38.0827 129.124 3.4
      vertex 37.8339 128.523 3.4
      vertex 37.865 128.509 3.4
    endloop
  endfacet
  facet normal 0 0 1
    outer loop
      vertex 37.9903 129.157 3.4
      vertex 37.8016 128.535 3.4
      vertex 37.8339 128.523 3.4
    endloop
  endfacet
  facet normal 0 0 1
    outer loop
      vertex 37.7683 128.543 3.4
      vertex 37.8951 129.181 3.4
      vertex 37.798 129.195 3.4
    endloop
  endfacet
  facet normal 0 0 1
    outer loop
      vertex 37.8951 129.181 3.4
      vertex 37.7683 128.543 3.4
      vertex 37.8016 128.535 3.4
    endloop
  endfacet
  facet normal 0 0 1
    outer loop
      vertex 37.798 129.195 3.4
      vertex 37.7343 128.548 3.4
      vertex 37.7683 128.543 3.4
    endloop
  endfacet
  facet normal 0 0 1
    outer loop
      vertex 37.7 129.2 3.4
      vertex 37.7343 128.548 3.4
      vertex 37.798 129.195 3.4
    endloop
  endfacet
  facet normal 0 0 1
    outer loop
      vertex 37.7 129.2 3.4
      vertex 37.7 128.55 3.4
      vertex 37.7343 128.548 3.4
    endloop
  endfacet
  facet normal -0 0 1
    outer loop
      vertex 3 129.2 3.4
      vertex 37.7 128.55 3.4
      vertex 37.7 129.2 3.4
    endloop
  endfacet
  facet normal 0 0 1
    outer loop
      vertex 3 129.2 3.4
      vertex 3 128.55 3.4
      vertex 37.7 128.55 3.4
    endloop
  endfacet
  facet normal 0 0 1
    outer loop
      vertex 3 129.2 3.4
      vertex 2.9657 128.548 3.4
      vertex 3 128.55 3.4
    endloop
  endfacet
  facet normal -0 0 1
    outer loop
      vertex 2.90198 129.195 3.4
      vertex 2.9657 128.548 3.4
      vertex 3 129.2 3.4
    endloop
  endfacet
  facet normal 0 0 1
    outer loop
      vertex 2.9657 128.548 3.4
      vertex 2.90198 129.195 3.4
      vertex 2.93172 128.543 3.4
    endloop
  endfacet
  facet normal -0 0 1
    outer loop
      vertex 2.80492 129.181 3.4
      vertex 2.93172 128.543 3.4
      vertex 2.90198 129.195 3.4
    endloop
  endfacet
  facet normal 0 0 1
    outer loop
      vertex 2.93172 128.543 3.4
      vertex 2.80492 129.181 3.4
      vertex 2.89841 128.535 3.4
    endloop
  endfacet
  facet normal -0 0 1
    outer loop
      vertex 2.70972 129.157 3.4
      vertex 2.89841 128.535 3.4
      vertex 2.80492 129.181 3.4
    endloop
  endfacet
  facet normal 0 0 1
    outer loop
      vertex 2.89841 128.535 3.4
      vertex 2.70972 129.157 3.4
      vertex 2.86606 128.523 3.4
    endloop
  endfacet
  facet normal -0 0 1
    outer loop
      vertex 2.61731 129.124 3.4
      vertex 2.86606 128.523 3.4
      vertex 2.70972 129.157 3.4
    endloop
  endfacet
  facet normal 0 0 1
    outer loop
      vertex 2.86606 128.523 3.4
      vertex 2.61731 129.124 3.4
      vertex 2.83501 128.509 3.4
    endloop
  endfacet
  facet normal -0 0 1
    outer loop
      vertex 2.52861 129.082 3.4
      vertex 2.83501 128.509 3.4
      vertex 2.61731 129.124 3.4
    endloop
  endfacet
  facet normal 0 0 1
    outer loop
      vertex 2.83501 128.509 3.4
      vertex 2.52861 129.082 3.4
      vertex 2.80556 128.491 3.4
    endloop
  endfacet
  facet normal -0 0 1
    outer loop
      vertex 2.44443 129.031 3.4
      vertex 2.80556 128.491 3.4
      vertex 2.52861 129.082 3.4
    endloop
  endfacet
  facet normal 0 0 1
    outer loop
      vertex 2.80556 128.491 3.4
      vertex 2.44443 129.031 3.4
      vertex 2.77797 128.471 3.4
    endloop
  endfacet
  facet normal -0 0 1
    outer loop
      vertex 2.3656 128.973 3.4
      vertex 2.77797 128.471 3.4
      vertex 2.44443 129.031 3.4
    endloop
  endfacet
  facet normal 0 0 1
    outer loop
      vertex 2.77797 128.471 3.4
      vertex 2.3656 128.973 3.4
      vertex 2.75252 128.447 3.4
    endloop
  endfacet
  facet normal -0 0 1
    outer loop
      vertex 2.29289 128.907 3.4
      vertex 2.75252 128.447 3.4
      vertex 2.3656 128.973 3.4
    endloop
  endfacet
  facet normal 0 0 1
    outer loop
      vertex 2.75252 128.447 3.4
      vertex 2.29289 128.907 3.4
      vertex 2.72945 128.422 3.4
    endloop
  endfacet
  facet normal -0 0 1
    outer loop
      vertex 2.22699 128.834 3.4
      vertex 2.72945 128.422 3.4
      vertex 2.29289 128.907 3.4
    endloop
  endfacet
  facet normal 0 0 1
    outer loop
      vertex 2.70898 128.394 3.4
      vertex 2.16853 128.756 3.4
      vertex 2.69133 128.365 3.4
    endloop
  endfacet
  facet normal -0 0 1
    outer loop
      vertex 2.16853 128.756 3.4
      vertex 2.70898 128.394 3.4
      vertex 2.22699 128.834 3.4
    endloop
  endfacet
  facet normal 0 0 1
    outer loop
      vertex 2.72945 128.422 3.4
      vertex 2.22699 128.834 3.4
      vertex 2.70898 128.394 3.4
    endloop
  endfacet
  facet normal -0 0 1
    outer loop
      vertex 37.991 2.80556 3.4
      vertex 38.5315 2.44443 3.4
      vertex 38.0087 2.83501 3.4
    endloop
  endfacet
  facet normal 0 0 1
    outer loop
      vertex 38.5315 2.44443 3.4
      vertex 37.991 2.80556 3.4
      vertex 38.473 2.3656 3.4
    endloop
  endfacet
  facet normal -0 0 1
    outer loop
      vertex 37.9706 2.77797 3.4
      vertex 38.473 2.3656 3.4
      vertex 37.991 2.80556 3.4
    endloop
  endfacet
  facet normal 0 0 1
    outer loop
      vertex 38.473 2.3656 3.4
      vertex 37.9706 2.77797 3.4
      vertex 38.4071 2.29289 3.4
    endloop
  endfacet
  facet normal -0 0 1
    outer loop
      vertex 37.9475 2.75252 3.4
      vertex 38.4071 2.29289 3.4
      vertex 37.9706 2.77797 3.4
    endloop
  endfacet
  facet normal 0 0 1
    outer loop
      vertex 38.4071 2.29289 3.4
      vertex 37.9475 2.75252 3.4
      vertex 38.3344 2.22699 3.4
    endloop
  endfacet
  facet normal -0 0 1
    outer loop
      vertex 37.922 2.72945 3.4
      vertex 38.3344 2.22699 3.4
      vertex 37.9475 2.75252 3.4
    endloop
  endfacet
  facet normal 0 0 1
    outer loop
      vertex 38.3344 2.22699 3.4
      vertex 37.922 2.72945 3.4
      vertex 38.2556 2.16853 3.4
    endloop
  endfacet
  facet normal -0 0 1
    outer loop
      vertex 37.8944 2.70898 3.4
      vertex 38.2556 2.16853 3.4
      vertex 37.922 2.72945 3.4
    endloop
  endfacet
  facet normal 0 0 1
    outer loop
      vertex 38.2556 2.16853 3.4
      vertex 37.8944 2.70898 3.4
      vertex 38.1714 2.11807 3.4
    endloop
  endfacet
  facet normal -0 0 1
    outer loop
      vertex 37.865 2.69133 3.4
      vertex 38.1714 2.11807 3.4
      vertex 37.8944 2.70898 3.4
    endloop
  endfacet
  facet normal 0 0 1
    outer loop
      vertex 38.1714 2.11807 3.4
      vertex 37.865 2.69133 3.4
      vertex 38.0827 2.07613 3.4
    endloop
  endfacet
  facet normal -0 0 1
    outer loop
      vertex 37.8339 2.67664 3.4
      vertex 38.0827 2.07613 3.4
      vertex 37.865 2.69133 3.4
    endloop
  endfacet
  facet normal 0 0 1
    outer loop
      vertex 38.0827 2.07613 3.4
      vertex 37.8339 2.67664 3.4
      vertex 37.9903 2.04306 3.4
    endloop
  endfacet
  facet normal -0 0 1
    outer loop
      vertex 37.8016 2.66507 3.4
      vertex 37.9903 2.04306 3.4
      vertex 37.8339 2.67664 3.4
    endloop
  endfacet
  facet normal 0 0 1
    outer loop
      vertex 37.9903 2.04306 3.4
      vertex 37.8016 2.66507 3.4
      vertex 37.8951 2.01921 3.4
    endloop
  endfacet
  facet normal -0 0 1
    outer loop
      vertex 37.7683 2.65672 3.4
      vertex 37.8951 2.01921 3.4
      vertex 37.8016 2.66507 3.4
    endloop
  endfacet
  facet normal 0 0 1
    outer loop
      vertex 37.8951 2.01921 3.4
      vertex 37.7683 2.65672 3.4
      vertex 37.798 2.00482 3.4
    endloop
  endfacet
  facet normal -0 0 1
    outer loop
      vertex 37.7343 2.65169 3.4
      vertex 37.798 2.00482 3.4
      vertex 37.7683 2.65672 3.4
    endloop
  endfacet
  facet normal -0 0 1
    outer loop
      vertex 37.7 2.64999 3.4
      vertex 37.798 2.00482 3.4
      vertex 37.7343 2.65169 3.4
    endloop
  endfacet
  facet normal 0 0 1
    outer loop
      vertex 37.7 2.64999 3.4
      vertex 37.7 2 3.4
      vertex 37.798 2.00482 3.4
    endloop
  endfacet
  facet normal -0 0 1
    outer loop
      vertex 3 2.64999 3.4
      vertex 37.7 2 3.4
      vertex 37.7 2.64999 3.4
    endloop
  endfacet
  facet normal 0 0 1
    outer loop
      vertex 3 2.64999 3.4
      vertex 3 2 3.4
      vertex 37.7 2 3.4
    endloop
  endfacet
  facet normal 0 0 1
    outer loop
      vertex 2.9657 2.65169 3.4
      vertex 3 2 3.4
      vertex 3 2.64999 3.4
    endloop
  endfacet
  facet normal 0 0 1
    outer loop
      vertex 2.90198 2.00482 3.4
      vertex 2.9657 2.65169 3.4
      vertex 2.93172 2.65672 3.4
    endloop
  endfacet
  facet normal 0 0 1
    outer loop
      vertex 2.9657 2.65169 3.4
      vertex 2.90198 2.00482 3.4
      vertex 3 2 3.4
    endloop
  endfacet
  facet normal 0 0 1
    outer loop
      vertex 2.80492 2.01921 3.4
      vertex 2.93172 2.65672 3.4
      vertex 2.89841 2.66507 3.4
    endloop
  endfacet
  facet normal 0 0 1
    outer loop
      vertex 2.70972 2.04306 3.4
      vertex 2.89841 2.66507 3.4
      vertex 2.86606 2.67664 3.4
    endloop
  endfacet
  facet normal 0 0 1
    outer loop
      vertex 2.61731 2.07613 3.4
      vertex 2.86606 2.67664 3.4
      vertex 2.83501 2.69133 3.4
    endloop
  endfacet
  facet normal 0 0 1
    outer loop
      vertex 2.52861 2.11807 3.4
      vertex 2.83501 2.69133 3.4
      vertex 2.80556 2.70898 3.4
    endloop
  endfacet
  facet normal 0 0 1
    outer loop
      vertex 2.93172 2.65672 3.4
      vertex 2.80492 2.01921 3.4
      vertex 2.90198 2.00482 3.4
    endloop
  endfacet
  facet normal 0 0 1
    outer loop
      vertex 2.44443 2.16853 3.4
      vertex 2.80556 2.70898 3.4
      vertex 2.77797 2.72945 3.4
    endloop
  endfacet
  facet normal 0 0 1
    outer loop
      vertex 2.3656 2.22699 3.4
      vertex 2.77797 2.72945 3.4
      vertex 2.75252 2.75252 3.4
    endloop
  endfacet
  facet normal 0 0 1
    outer loop
      vertex 2.29289 2.29289 3.4
      vertex 2.75252 2.75252 3.4
      vertex 2.72945 2.77797 3.4
    endloop
  endfacet
  facet normal 0 0 1
    outer loop
      vertex 2.89841 2.66507 3.4
      vertex 2.70972 2.04306 3.4
      vertex 2.80492 2.01921 3.4
    endloop
  endfacet
  facet normal 0 0 1
    outer loop
      vertex 2.22699 2.3656 3.4
      vertex 2.72945 2.77797 3.4
      vertex 2.70898 2.80556 3.4
    endloop
  endfacet
  facet normal 0 0 1
    outer loop
      vertex 2.16853 2.44443 3.4
      vertex 2.70898 2.80556 3.4
      vertex 2.69133 2.83501 3.4
    endloop
  endfacet
  facet normal 0 0 1
    outer loop
      vertex 2.11807 2.52861 3.4
      vertex 2.69133 2.83501 3.4
      vertex 2.67664 2.86606 3.4
    endloop
  endfacet
  facet normal 0 0 1
    outer loop
      vertex 2.07613 2.61731 3.4
      vertex 2.67664 2.86606 3.4
      vertex 2.66507 2.89841 3.4
    endloop
  endfacet
  facet normal 0 0 1
    outer loop
      vertex 2.04306 2.70972 3.4
      vertex 2.66507 2.89841 3.4
      vertex 2.65672 2.93172 3.4
    endloop
  endfacet
  facet normal 0 0 1
    outer loop
      vertex 2.01921 2.80492 3.4
      vertex 2.65672 2.93172 3.4
      vertex 2.65169 2.9657 3.4
    endloop
  endfacet
  facet normal 0 0 1
    outer loop
      vertex 2.86606 2.67664 3.4
      vertex 2.61731 2.07613 3.4
      vertex 2.70972 2.04306 3.4
    endloop
  endfacet
  facet normal 0 0 1
    outer loop
      vertex 2.00482 2.90198 3.4
      vertex 2.65169 2.9657 3.4
      vertex 2.64999 3 3.4
    endloop
  endfacet
  facet normal 0 0 1
    outer loop
      vertex 2.64999 128.2 3.4
      vertex 2 128.2 3.4
      vertex 2.64999 3 3.4
    endloop
  endfacet
  facet normal -0 0 1
    outer loop
      vertex 2.11807 128.671 3.4
      vertex 2.69133 128.365 3.4
      vertex 2.16853 128.756 3.4
    endloop
  endfacet
  facet normal 0 0 1
    outer loop
      vertex 2 3 3.4
      vertex 2.64999 3 3.4
      vertex 2 128.2 3.4
    endloop
  endfacet
  facet normal 0 0 1
    outer loop
      vertex 2.69133 128.365 3.4
      vertex 2.11807 128.671 3.4
      vertex 2.67664 128.334 3.4
    endloop
  endfacet
  facet normal 0 -0 1
    outer loop
      vertex 2.00482 2.90198 3.4
      vertex 2.64999 3 3.4
      vertex 2 3 3.4
    endloop
  endfacet
  facet normal -0 0 1
    outer loop
      vertex 2.07613 128.583 3.4
      vertex 2.67664 128.334 3.4
      vertex 2.11807 128.671 3.4
    endloop
  endfacet
  facet normal 0 0 1
    outer loop
      vertex 2.83501 2.69133 3.4
      vertex 2.52861 2.11807 3.4
      vertex 2.61731 2.07613 3.4
    endloop
  endfacet
  facet normal 0 0 1
    outer loop
      vertex 2.67664 128.334 3.4
      vertex 2.07613 128.583 3.4
      vertex 2.66507 128.302 3.4
    endloop
  endfacet
  facet normal 0 0 1
    outer loop
      vertex 2.80556 2.70898 3.4
      vertex 2.44443 2.16853 3.4
      vertex 2.52861 2.11807 3.4
    endloop
  endfacet
  facet normal -0 0 1
    outer loop
      vertex 2.04306 128.49 3.4
      vertex 2.66507 128.302 3.4
      vertex 2.07613 128.583 3.4
    endloop
  endfacet
  facet normal 0 0 1
    outer loop
      vertex 2.77797 2.72945 3.4
      vertex 2.3656 2.22699 3.4
      vertex 2.44443 2.16853 3.4
    endloop
  endfacet
  facet normal 0 0 1
    outer loop
      vertex 2.66507 128.302 3.4
      vertex 2.04306 128.49 3.4
      vertex 2.65672 128.268 3.4
    endloop
  endfacet
  facet normal 0 0 1
    outer loop
      vertex 2.75252 2.75252 3.4
      vertex 2.29289 2.29289 3.4
      vertex 2.3656 2.22699 3.4
    endloop
  endfacet
  facet normal -0 0 1
    outer loop
      vertex 2.01921 128.395 3.4
      vertex 2.65672 128.268 3.4
      vertex 2.04306 128.49 3.4
    endloop
  endfacet
  facet normal 0 0 1
    outer loop
      vertex 2.72945 2.77797 3.4
      vertex 2.22699 2.3656 3.4
      vertex 2.29289 2.29289 3.4
    endloop
  endfacet
  facet normal 0 0 1
    outer loop
      vertex 2.65672 128.268 3.4
      vertex 2.01921 128.395 3.4
      vertex 2.65169 128.234 3.4
    endloop
  endfacet
  facet normal 0 0 1
    outer loop
      vertex 2.70898 2.80556 3.4
      vertex 2.16853 2.44443 3.4
      vertex 2.22699 2.3656 3.4
    endloop
  endfacet
  facet normal -0 0 1
    outer loop
      vertex 2.00482 128.298 3.4
      vertex 2.65169 128.234 3.4
      vertex 2.01921 128.395 3.4
    endloop
  endfacet
  facet normal 0 0 1
    outer loop
      vertex 2.69133 2.83501 3.4
      vertex 2.11807 2.52861 3.4
      vertex 2.16853 2.44443 3.4
    endloop
  endfacet
  facet normal 0 0 1
    outer loop
      vertex 2.65169 128.234 3.4
      vertex 2.00482 128.298 3.4
      vertex 2.64999 128.2 3.4
    endloop
  endfacet
  facet normal 0 0 1
    outer loop
      vertex 2.67664 2.86606 3.4
      vertex 2.07613 2.61731 3.4
      vertex 2.11807 2.52861 3.4
    endloop
  endfacet
  facet normal 0 0 1
    outer loop
      vertex 2.64999 128.2 3.4
      vertex 2.00482 128.298 3.4
      vertex 2 128.2 3.4
    endloop
  endfacet
  facet normal 0 0 1
    outer loop
      vertex 2.66507 2.89841 3.4
      vertex 2.04306 2.70972 3.4
      vertex 2.07613 2.61731 3.4
    endloop
  endfacet
  facet normal 0 0 1
    outer loop
      vertex 2.65672 2.93172 3.4
      vertex 2.01921 2.80492 3.4
      vertex 2.04306 2.70972 3.4
    endloop
  endfacet
  facet normal 0 0 1
    outer loop
      vertex 2.65169 2.9657 3.4
      vertex 2.00482 2.90198 3.4
      vertex 2.01921 2.80492 3.4
    endloop
  endfacet
  facet normal 0.146597 -0.989196 0
    outer loop
      vertex 37.798 2.00482 2
      vertex 37.8951 2.01921 3.4
      vertex 37.798 2.00482 3.4
    endloop
  endfacet
  facet normal 0.146597 -0.989196 0
    outer loop
      vertex 37.8951 2.01921 3.4
      vertex 37.798 2.00482 2
      vertex 37.8951 2.01921 2
    endloop
  endfacet
  facet normal 0.243015 -0.970023 0
    outer loop
      vertex 37.8951 2.01921 2
      vertex 37.9903 2.04306 3.4
      vertex 37.8951 2.01921 3.4
    endloop
  endfacet
  facet normal 0.243015 -0.970023 0
    outer loop
      vertex 37.9903 2.04306 3.4
      vertex 37.8951 2.01921 2
      vertex 37.9903 2.04306 2
    endloop
  endfacet
  facet normal 0.336969 -0.941516 0
    outer loop
      vertex 37.9903 2.04306 2
      vertex 38.0827 2.07613 3.4
      vertex 37.9903 2.04306 3.4
    endloop
  endfacet
  facet normal 0.336969 -0.941516 0
    outer loop
      vertex 38.0827 2.07613 3.4
      vertex 37.9903 2.04306 2
      vertex 38.0827 2.07613 2
    endloop
  endfacet
  facet normal 0.427455 -0.904036 0
    outer loop
      vertex 38.0827 2.07613 2
      vertex 38.1714 2.11807 3.4
      vertex 38.0827 2.07613 3.4
    endloop
  endfacet
  facet normal 0.427455 -0.904036 0
    outer loop
      vertex 38.1714 2.11807 3.4
      vertex 38.0827 2.07613 2
      vertex 38.1714 2.11807 2
    endloop
  endfacet
  facet normal 0.514046 -0.857762 0
    outer loop
      vertex 38.1714 2.11807 2
      vertex 38.2556 2.16853 3.4
      vertex 38.1714 2.11807 3.4
    endloop
  endfacet
  facet normal 0.514046 -0.857762 0
    outer loop
      vertex 38.2556 2.16853 3.4
      vertex 38.1714 2.11807 2
      vertex 38.2556 2.16853 2
    endloop
  endfacet
  facet normal 0.595817 -0.80312 0
    outer loop
      vertex 38.2556 2.16853 2
      vertex 38.3344 2.22699 3.4
      vertex 38.2556 2.16853 3.4
    endloop
  endfacet
  facet normal 0.595817 -0.80312 0
    outer loop
      vertex 38.3344 2.22699 3.4
      vertex 38.2556 2.16853 2
      vertex 38.3344 2.22699 2
    endloop
  endfacet
  facet normal 0.671607 -0.740908 0
    outer loop
      vertex 38.3344 2.22699 2
      vertex 38.4071 2.29289 3.4
      vertex 38.3344 2.22699 3.4
    endloop
  endfacet
  facet normal 0.671607 -0.740908 0
    outer loop
      vertex 38.4071 2.29289 3.4
      vertex 38.3344 2.22699 2
      vertex 38.4071 2.29289 2
    endloop
  endfacet
  facet normal 0.740954 -0.671556 0
    outer loop
      vertex 38.4071 2.29289 3.4
      vertex 38.473 2.3656 2
      vertex 38.473 2.3656 3.4
    endloop
  endfacet
  facet normal 0.740954 -0.671556 0
    outer loop
      vertex 38.473 2.3656 2
      vertex 38.4071 2.29289 3.4
      vertex 38.4071 2.29289 2
    endloop
  endfacet
  facet normal 0.803034 -0.595934 0
    outer loop
      vertex 38.473 2.3656 3.4
      vertex 38.5315 2.44443 2
      vertex 38.5315 2.44443 3.4
    endloop
  endfacet
  facet normal 0.803034 -0.595934 0
    outer loop
      vertex 38.5315 2.44443 2
      vertex 38.473 2.3656 3.4
      vertex 38.473 2.3656 2
    endloop
  endfacet
  facet normal 0.857978 -0.513686 0
    outer loop
      vertex 38.5315 2.44443 3.4
      vertex 38.5819 2.52861 2
      vertex 38.5819 2.52861 3.4
    endloop
  endfacet
  facet normal 0.857978 -0.513686 0
    outer loop
      vertex 38.5819 2.52861 2
      vertex 38.5315 2.44443 3.4
      vertex 38.5315 2.44443 2
    endloop
  endfacet
  facet normal 0.9038 -0.427955 0
    outer loop
      vertex 38.5819 2.52861 3.4
      vertex 38.6239 2.61731 2
      vertex 38.6239 2.61731 3.4
    endloop
  endfacet
  facet normal 0.9038 -0.427955 0
    outer loop
      vertex 38.6239 2.61731 2
      vertex 38.5819 2.52861 3.4
      vertex 38.5819 2.52861 2
    endloop
  endfacet
  facet normal 0.941753 -0.336304 0
    outer loop
      vertex 38.6239 2.61731 3.4
      vertex 38.6569 2.70972 2
      vertex 38.6569 2.70972 3.4
    endloop
  endfacet
  facet normal 0.941753 -0.336304 0
    outer loop
      vertex 38.6569 2.70972 2
      vertex 38.6239 2.61731 3.4
      vertex 38.6239 2.61731 2
    endloop
  endfacet
  facet normal 0.969902 -0.243494 0
    outer loop
      vertex 38.6569 2.70972 3.4
      vertex 38.6808 2.80492 2
      vertex 38.6808 2.80492 3.4
    endloop
  endfacet
  facet normal 0.969902 -0.243494 0
    outer loop
      vertex 38.6808 2.80492 2
      vertex 38.6569 2.70972 3.4
      vertex 38.6569 2.70972 2
    endloop
  endfacet
  facet normal 0.989173 -0.146755 0
    outer loop
      vertex 38.6808 2.80492 3.4
      vertex 38.6952 2.90198 2
      vertex 38.6952 2.90198 3.4
    endloop
  endfacet
  facet normal 0.989173 -0.146755 0
    outer loop
      vertex 38.6952 2.90198 2
      vertex 38.6808 2.80492 3.4
      vertex 38.6808 2.80492 2
    endloop
  endfacet
  facet normal 0.998803 -0.048911 0
    outer loop
      vertex 38.6952 2.90198 3.4
      vertex 38.7 3 2
      vertex 38.7 3 3.4
    endloop
  endfacet
  facet normal 0.998803 -0.048911 0
    outer loop
      vertex 38.7 3 2
      vertex 38.6952 2.90198 3.4
      vertex 38.6952 2.90198 2
    endloop
  endfacet
  facet normal 1 -0 0
    outer loop
      vertex 38.7 3 3.4
      vertex 38.7 128.2 2
      vertex 38.7 128.2 3.4
    endloop
  endfacet
  facet normal 1 0 0
    outer loop
      vertex 38.7 128.2 2
      vertex 38.7 3 3.4
      vertex 38.7 3 2
    endloop
  endfacet
  facet normal 0.998803 0.0489209 0
    outer loop
      vertex 38.7 128.2 3.4
      vertex 38.6952 128.298 2
      vertex 38.6952 128.298 3.4
    endloop
  endfacet
  facet normal 0.998803 0.0489209 0
    outer loop
      vertex 38.6952 128.298 2
      vertex 38.7 128.2 3.4
      vertex 38.7 128.2 2
    endloop
  endfacet
  facet normal 0.98916 0.146844 0
    outer loop
      vertex 38.6952 128.298 3.4
      vertex 38.6808 128.395 2
      vertex 38.6808 128.395 3.4
    endloop
  endfacet
  facet normal 0.98916 0.146844 0
    outer loop
      vertex 38.6808 128.395 2
      vertex 38.6952 128.298 3.4
      vertex 38.6952 128.298 2
    endloop
  endfacet
  facet normal 0.969781 0.243977 0
    outer loop
      vertex 38.6808 128.395 3.4
      vertex 38.6569 128.49 2
      vertex 38.6569 128.49 3.4
    endloop
  endfacet
  facet normal 0.969781 0.243977 0
    outer loop
      vertex 38.6569 128.49 2
      vertex 38.6808 128.395 3.4
      vertex 38.6808 128.395 2
    endloop
  endfacet
  facet normal 0.942428 0.33441 0
    outer loop
      vertex 38.6569 128.49 3.4
      vertex 38.6239 128.583 2
      vertex 38.6239 128.583 3.4
    endloop
  endfacet
  facet normal 0.942428 0.33441 0
    outer loop
      vertex 38.6239 128.583 2
      vertex 38.6569 128.49 3.4
      vertex 38.6569 128.49 2
    endloop
  endfacet
  facet normal 0.902481 0.43073 0
    outer loop
      vertex 38.6239 128.583 3.4
      vertex 38.5819 128.671 2
      vertex 38.5819 128.671 3.4
    endloop
  endfacet
  facet normal 0.902481 0.43073 0
    outer loop
      vertex 38.5819 128.671 2
      vertex 38.6239 128.583 3.4
      vertex 38.6239 128.583 2
    endloop
  endfacet
  facet normal 0.86016 0.510024 0
    outer loop
      vertex 38.5819 128.671 3.4
      vertex 38.5315 128.756 2
      vertex 38.5315 128.756 3.4
    endloop
  endfacet
  facet normal 0.86016 0.510024 0
    outer loop
      vertex 38.5315 128.756 2
      vertex 38.5819 128.671 3.4
      vertex 38.5819 128.671 2
    endloop
  endfacet
  facet normal 0.8 0.6 0
    outer loop
      vertex 38.5315 128.756 3.4
      vertex 38.473 128.834 2
      vertex 38.473 128.834 3.4
    endloop
  endfacet
  facet normal 0.8 0.6 0
    outer loop
      vertex 38.473 128.834 2
      vertex 38.5315 128.756 3.4
      vertex 38.5315 128.756 2
    endloop
  endfacet
  facet normal 0.742282 0.670088 0
    outer loop
      vertex 38.473 128.834 3.4
      vertex 38.4071 128.907 2
      vertex 38.4071 128.907 3.4
    endloop
  endfacet
  facet normal 0.742282 0.670088 0
    outer loop
      vertex 38.4071 128.907 2
      vertex 38.473 128.834 3.4
      vertex 38.473 128.834 2
    endloop
  endfacet
  facet normal 0.672166 0.740401 -0
    outer loop
      vertex 38.4071 128.907 2
      vertex 38.3344 128.973 3.4
      vertex 38.4071 128.907 3.4
    endloop
  endfacet
  facet normal 0.672166 0.740401 0
    outer loop
      vertex 38.3344 128.973 3.4
      vertex 38.4071 128.907 2
      vertex 38.3344 128.973 2
    endloop
  endfacet
  facet normal 0.592781 0.805364 -0
    outer loop
      vertex 38.3344 128.973 2
      vertex 38.2556 129.031 3.4
      vertex 38.3344 128.973 3.4
    endloop
  endfacet
  facet normal 0.592781 0.805364 0
    outer loop
      vertex 38.2556 129.031 3.4
      vertex 38.3344 128.973 2
      vertex 38.2556 129.031 2
    endloop
  endfacet
  facet normal 0.518077 0.855334 -0
    outer loop
      vertex 38.2556 129.031 2
      vertex 38.1714 129.082 3.4
      vertex 38.2556 129.031 3.4
    endloop
  endfacet
  facet normal 0.518077 0.855334 0
    outer loop
      vertex 38.1714 129.082 3.4
      vertex 38.2556 129.031 2
      vertex 38.1714 129.082 2
    endloop
  endfacet
  facet normal 0.427955 0.9038 -0
    outer loop
      vertex 38.1714 129.082 2
      vertex 38.0827 129.124 3.4
      vertex 38.1714 129.082 3.4
    endloop
  endfacet
  facet normal 0.427955 0.9038 0
    outer loop
      vertex 38.0827 129.124 3.4
      vertex 38.1714 129.082 2
      vertex 38.0827 129.124 2
    endloop
  endfacet
  facet normal 0.336336 0.941742 -0
    outer loop
      vertex 38.0827 129.124 2
      vertex 37.9903 129.157 3.4
      vertex 38.0827 129.124 3.4
    endloop
  endfacet
  facet normal 0.336336 0.941742 0
    outer loop
      vertex 37.9903 129.157 3.4
      vertex 38.0827 129.124 2
      vertex 37.9903 129.157 2
    endloop
  endfacet
  facet normal 0.244452 0.969661 -0
    outer loop
      vertex 37.9903 129.157 2
      vertex 37.8951 129.181 3.4
      vertex 37.9903 129.157 3.4
    endloop
  endfacet
  facet normal 0.244452 0.969661 0
    outer loop
      vertex 37.8951 129.181 3.4
      vertex 37.9903 129.157 2
      vertex 37.8951 129.181 2
    endloop
  endfacet
  facet normal 0.142706 0.989765 -0
    outer loop
      vertex 37.8951 129.181 2
      vertex 37.798 129.195 3.4
      vertex 37.8951 129.181 3.4
    endloop
  endfacet
  facet normal 0.142706 0.989765 0
    outer loop
      vertex 37.798 129.195 3.4
      vertex 37.8951 129.181 2
      vertex 37.798 129.195 2
    endloop
  endfacet
  facet normal 0.0509541 0.998701 -0
    outer loop
      vertex 37.798 129.195 2
      vertex 37.7 129.2 3.4
      vertex 37.798 129.195 3.4
    endloop
  endfacet
  facet normal 0.0509541 0.998701 0
    outer loop
      vertex 37.7 129.2 3.4
      vertex 37.798 129.195 2
      vertex 37.7 129.2 2
    endloop
  endfacet
  facet normal 0 1 -0
    outer loop
      vertex 37.7 129.2 2
      vertex 3 129.2 3.4
      vertex 37.7 129.2 3.4
    endloop
  endfacet
  facet normal 0 1 0
    outer loop
      vertex 3 129.2 3.4
      vertex 37.7 129.2 2
      vertex 3 129.2 2
    endloop
  endfacet
  facet normal -0.0509438 0.998702 0
    outer loop
      vertex 3 129.2 2
      vertex 2.90198 129.195 3.4
      vertex 3 129.2 3.4
    endloop
  endfacet
  facet normal -0.0509438 0.998702 0
    outer loop
      vertex 2.90198 129.195 3.4
      vertex 3 129.2 2
      vertex 2.90198 129.195 2
    endloop
  endfacet
  facet normal -0.142763 0.989757 0
    outer loop
      vertex 2.90198 129.195 2
      vertex 2.80492 129.181 3.4
      vertex 2.90198 129.195 3.4
    endloop
  endfacet
  facet normal -0.142763 0.989757 0
    outer loop
      vertex 2.80492 129.181 3.4
      vertex 2.90198 129.195 2
      vertex 2.80492 129.181 2
    endloop
  endfacet
  facet normal -0.244452 0.969661 0
    outer loop
      vertex 2.80492 129.181 2
      vertex 2.70972 129.157 3.4
      vertex 2.80492 129.181 3.4
    endloop
  endfacet
  facet normal -0.244452 0.969661 0
    outer loop
      vertex 2.70972 129.157 3.4
      vertex 2.80492 129.181 2
      vertex 2.70972 129.157 2
    endloop
  endfacet
  facet normal -0.336304 0.941753 0
    outer loop
      vertex 2.70972 129.157 2
      vertex 2.61731 129.124 3.4
      vertex 2.70972 129.157 3.4
    endloop
  endfacet
  facet normal -0.336304 0.941753 0
    outer loop
      vertex 2.61731 129.124 3.4
      vertex 2.70972 129.157 2
      vertex 2.61731 129.124 2
    endloop
  endfacet
  facet normal -0.427955 0.9038 0
    outer loop
      vertex 2.61731 129.124 2
      vertex 2.52861 129.082 3.4
      vertex 2.61731 129.124 3.4
    endloop
  endfacet
  facet normal -0.427955 0.9038 0
    outer loop
      vertex 2.52861 129.082 3.4
      vertex 2.61731 129.124 2
      vertex 2.52861 129.082 2
    endloop
  endfacet
  facet normal -0.518167 0.85528 0
    outer loop
      vertex 2.52861 129.082 2
      vertex 2.44443 129.031 3.4
      vertex 2.52861 129.082 3.4
    endloop
  endfacet
  facet normal -0.518167 0.85528 0
    outer loop
      vertex 2.44443 129.031 3.4
      vertex 2.52861 129.082 2
      vertex 2.44443 129.031 2
    endloop
  endfacet
  facet normal -0.592634 0.805472 0
    outer loop
      vertex 2.44443 129.031 2
      vertex 2.3656 128.973 3.4
      vertex 2.44443 129.031 3.4
    endloop
  endfacet
  facet normal -0.592634 0.805472 0
    outer loop
      vertex 2.3656 128.973 3.4
      vertex 2.44443 129.031 2
      vertex 2.3656 128.973 2
    endloop
  endfacet
  facet normal -0.672115 0.740447 0
    outer loop
      vertex 2.3656 128.973 2
      vertex 2.29289 128.907 3.4
      vertex 2.3656 128.973 3.4
    endloop
  endfacet
  facet normal -0.672115 0.740447 0
    outer loop
      vertex 2.29289 128.907 3.4
      vertex 2.3656 128.973 2
      vertex 2.29289 128.907 2
    endloop
  endfacet
  facet normal -0.742282 0.670088 0
    outer loop
      vertex 2.22699 128.834 2
      vertex 2.29289 128.907 3.4
      vertex 2.29289 128.907 2
    endloop
  endfacet
  facet normal -0.742282 0.670088 0
    outer loop
      vertex 2.29289 128.907 3.4
      vertex 2.22699 128.834 2
      vertex 2.22699 128.834 3.4
    endloop
  endfacet
  facet normal -0.800197 0.599737 0
    outer loop
      vertex 2.16853 128.756 2
      vertex 2.22699 128.834 3.4
      vertex 2.22699 128.834 2
    endloop
  endfacet
  facet normal -0.800197 0.599737 0
    outer loop
      vertex 2.22699 128.834 3.4
      vertex 2.16853 128.756 2
      vertex 2.16853 128.756 3.4
    endloop
  endfacet
  facet normal -0.859894 0.510473 0
    outer loop
      vertex 2.11807 128.671 2
      vertex 2.16853 128.756 3.4
      vertex 2.16853 128.756 2
    endloop
  endfacet
  facet normal -0.859894 0.510473 0
    outer loop
      vertex 2.16853 128.756 3.4
      vertex 2.11807 128.671 2
      vertex 2.11807 128.671 3.4
    endloop
  endfacet
  facet normal -0.90272 0.430228 0
    outer loop
      vertex 2.07613 128.583 2
      vertex 2.11807 128.671 3.4
      vertex 2.11807 128.671 2
    endloop
  endfacet
  facet normal -0.90272 0.430228 0
    outer loop
      vertex 2.11807 128.671 3.4
      vertex 2.07613 128.583 2
      vertex 2.07613 128.583 3.4
    endloop
  endfacet
  facet normal -0.942204 0.33504 0
    outer loop
      vertex 2.04306 128.49 2
      vertex 2.07613 128.583 3.4
      vertex 2.07613 128.583 2
    endloop
  endfacet
  facet normal -0.942204 0.33504 0
    outer loop
      vertex 2.07613 128.583 3.4
      vertex 2.04306 128.49 2
      vertex 2.04306 128.49 3.4
    endloop
  endfacet
  facet normal -0.969902 0.243496 0
    outer loop
      vertex 2.01921 128.395 2
      vertex 2.04306 128.49 3.4
      vertex 2.04306 128.49 2
    endloop
  endfacet
  facet normal -0.969902 0.243496 0
    outer loop
      vertex 2.04306 128.49 3.4
      vertex 2.01921 128.395 2
      vertex 2.01921 128.395 3.4
    endloop
  endfacet
  facet normal -0.989174 0.146745 0
    outer loop
      vertex 2.00482 128.298 2
      vertex 2.01921 128.395 3.4
      vertex 2.01921 128.395 2
    endloop
  endfacet
  facet normal -0.989174 0.146745 0
    outer loop
      vertex 2.01921 128.395 3.4
      vertex 2.00482 128.298 2
      vertex 2.00482 128.298 3.4
    endloop
  endfacet
  facet normal -0.998793 0.0491243 0
    outer loop
      vertex 2 128.2 2
      vertex 2.00482 128.298 3.4
      vertex 2.00482 128.298 2
    endloop
  endfacet
  facet normal -0.998793 0.0491243 0
    outer loop
      vertex 2.00482 128.298 3.4
      vertex 2 128.2 2
      vertex 2 128.2 3.4
    endloop
  endfacet
  facet normal -1 0 0
    outer loop
      vertex 2 3 2
      vertex 2 128.2 3.4
      vertex 2 128.2 2
    endloop
  endfacet
  facet normal -1 -0 0
    outer loop
      vertex 2 128.2 3.4
      vertex 2 3 2
      vertex 2 3 3.4
    endloop
  endfacet
  facet normal -0.998793 -0.0491143 0
    outer loop
      vertex 2.00482 2.90198 2
      vertex 2 3 3.4
      vertex 2 3 2
    endloop
  endfacet
  facet normal -0.998793 -0.0491143 0
    outer loop
      vertex 2 3 3.4
      vertex 2.00482 2.90198 2
      vertex 2.00482 2.90198 3.4
    endloop
  endfacet
  facet normal -0.989188 -0.146656 0
    outer loop
      vertex 2.01921 2.80492 2
      vertex 2.00482 2.90198 3.4
      vertex 2.00482 2.90198 2
    endloop
  endfacet
  facet normal -0.989188 -0.146656 0
    outer loop
      vertex 2.00482 2.90198 3.4
      vertex 2.01921 2.80492 2
      vertex 2.01921 2.80492 3.4
    endloop
  endfacet
  facet normal -0.970023 -0.243015 0
    outer loop
      vertex 2.04306 2.70972 2
      vertex 2.01921 2.80492 3.4
      vertex 2.01921 2.80492 2
    endloop
  endfacet
  facet normal -0.970023 -0.243015 0
    outer loop
      vertex 2.01921 2.80492 3.4
      vertex 2.04306 2.70972 2
      vertex 2.04306 2.70972 3.4
    endloop
  endfacet
  facet normal -0.941527 -0.336937 0
    outer loop
      vertex 2.07613 2.61731 2
      vertex 2.04306 2.70972 3.4
      vertex 2.04306 2.70972 2
    endloop
  endfacet
  facet normal -0.941527 -0.336937 0
    outer loop
      vertex 2.04306 2.70972 3.4
      vertex 2.07613 2.61731 2
      vertex 2.07613 2.61731 3.4
    endloop
  endfacet
  facet normal -0.904036 -0.427455 0
    outer loop
      vertex 2.11807 2.52861 2
      vertex 2.07613 2.61731 3.4
      vertex 2.07613 2.61731 2
    endloop
  endfacet
  facet normal -0.904036 -0.427455 0
    outer loop
      vertex 2.07613 2.61731 3.4
      vertex 2.11807 2.52861 2
      vertex 2.11807 2.52861 3.4
    endloop
  endfacet
  facet normal -0.857709 -0.514136 0
    outer loop
      vertex 2.16853 2.44443 2
      vertex 2.11807 2.52861 3.4
      vertex 2.11807 2.52861 2
    endloop
  endfacet
  facet normal -0.857709 -0.514136 0
    outer loop
      vertex 2.11807 2.52861 3.4
      vertex 2.16853 2.44443 2
      vertex 2.16853 2.44443 3.4
    endloop
  endfacet
  facet normal -0.803229 -0.595671 0
    outer loop
      vertex 2.22699 2.3656 2
      vertex 2.16853 2.44443 3.4
      vertex 2.16853 2.44443 2
    endloop
  endfacet
  facet normal -0.803229 -0.595671 0
    outer loop
      vertex 2.16853 2.44443 3.4
      vertex 2.22699 2.3656 2
      vertex 2.22699 2.3656 3.4
    endloop
  endfacet
  facet normal -0.740954 -0.671556 0
    outer loop
      vertex 2.29289 2.29289 2
      vertex 2.22699 2.3656 3.4
      vertex 2.22699 2.3656 2
    endloop
  endfacet
  facet normal -0.740954 -0.671556 0
    outer loop
      vertex 2.22699 2.3656 3.4
      vertex 2.29289 2.29289 2
      vertex 2.29289 2.29289 3.4
    endloop
  endfacet
  facet normal -0.671556 -0.740954 0
    outer loop
      vertex 2.29289 2.29289 2
      vertex 2.3656 2.22699 3.4
      vertex 2.29289 2.29289 3.4
    endloop
  endfacet
  facet normal -0.671556 -0.740954 -0
    outer loop
      vertex 2.3656 2.22699 3.4
      vertex 2.29289 2.29289 2
      vertex 2.3656 2.22699 2
    endloop
  endfacet
  facet normal -0.595671 -0.803229 0
    outer loop
      vertex 2.3656 2.22699 2
      vertex 2.44443 2.16853 3.4
      vertex 2.3656 2.22699 3.4
    endloop
  endfacet
  facet normal -0.595671 -0.803229 -0
    outer loop
      vertex 2.44443 2.16853 3.4
      vertex 2.3656 2.22699 2
      vertex 2.44443 2.16853 2
    endloop
  endfacet
  facet normal -0.514136 -0.857709 0
    outer loop
      vertex 2.44443 2.16853 2
      vertex 2.52861 2.11807 3.4
      vertex 2.44443 2.16853 3.4
    endloop
  endfacet
  facet normal -0.514136 -0.857709 -0
    outer loop
      vertex 2.52861 2.11807 3.4
      vertex 2.44443 2.16853 2
      vertex 2.52861 2.11807 2
    endloop
  endfacet
  facet normal -0.427455 -0.904036 0
    outer loop
      vertex 2.52861 2.11807 2
      vertex 2.61731 2.07613 3.4
      vertex 2.52861 2.11807 3.4
    endloop
  endfacet
  facet normal -0.427455 -0.904036 -0
    outer loop
      vertex 2.61731 2.07613 3.4
      vertex 2.52861 2.11807 2
      vertex 2.61731 2.07613 2
    endloop
  endfacet
  facet normal -0.336937 -0.941527 0
    outer loop
      vertex 2.61731 2.07613 2
      vertex 2.70972 2.04306 3.4
      vertex 2.61731 2.07613 3.4
    endloop
  endfacet
  facet normal -0.336937 -0.941527 -0
    outer loop
      vertex 2.70972 2.04306 3.4
      vertex 2.61731 2.07613 2
      vertex 2.70972 2.04306 2
    endloop
  endfacet
  facet normal -0.243015 -0.970023 0
    outer loop
      vertex 2.70972 2.04306 2
      vertex 2.80492 2.01921 3.4
      vertex 2.70972 2.04306 3.4
    endloop
  endfacet
  facet normal -0.243015 -0.970023 -0
    outer loop
      vertex 2.80492 2.01921 3.4
      vertex 2.70972 2.04306 2
      vertex 2.80492 2.01921 2
    endloop
  endfacet
  facet normal -0.146656 -0.989188 0
    outer loop
      vertex 2.80492 2.01921 2
      vertex 2.90198 2.00482 3.4
      vertex 2.80492 2.01921 3.4
    endloop
  endfacet
  facet normal -0.146656 -0.989188 -0
    outer loop
      vertex 2.90198 2.00482 3.4
      vertex 2.80492 2.01921 2
      vertex 2.90198 2.00482 2
    endloop
  endfacet
  facet normal -0.0491143 -0.998793 0
    outer loop
      vertex 2.90198 2.00482 2
      vertex 3 2 3.4
      vertex 2.90198 2.00482 3.4
    endloop
  endfacet
  facet normal -0.0491143 -0.998793 -0
    outer loop
      vertex 3 2 3.4
      vertex 2.90198 2.00482 2
      vertex 3 2 2
    endloop
  endfacet
  facet normal 0 -1 0
    outer loop
      vertex 3 2 2
      vertex 37.7 2 3.4
      vertex 3 2 3.4
    endloop
  endfacet
  facet normal 0 -1 -0
    outer loop
      vertex 37.7 2 3.4
      vertex 3 2 2
      vertex 37.7 2 2
    endloop
  endfacet
  facet normal 0.0491243 -0.998793 0
    outer loop
      vertex 37.7 2 2
      vertex 37.798 2.00482 3.4
      vertex 37.7 2 3.4
    endloop
  endfacet
  facet normal 0.0491243 -0.998793 0
    outer loop
      vertex 37.798 2.00482 3.4
      vertex 37.7 2 2
      vertex 37.798 2.00482 2
    endloop
  endfacet
  facet normal 0.0495019 0.998774 -0
    outer loop
      vertex 3 2.64999 2
      vertex 2.9657 2.65169 3.4
      vertex 3 2.64999 3.4
    endloop
  endfacet
  facet normal 0.0495019 0.998774 0
    outer loop
      vertex 2.9657 2.65169 3.4
      vertex 3 2.64999 2
      vertex 2.9657 2.65169 2
    endloop
  endfacet
  facet normal 0.146433 0.989221 -0
    outer loop
      vertex 2.9657 2.65169 2
      vertex 2.93172 2.65672 3.4
      vertex 2.9657 2.65169 3.4
    endloop
  endfacet
  facet normal 0.146433 0.989221 0
    outer loop
      vertex 2.93172 2.65672 3.4
      vertex 2.9657 2.65169 2
      vertex 2.93172 2.65672 2
    endloop
  endfacet
  facet normal 0.243152 0.969988 -0
    outer loop
      vertex 2.93172 2.65672 2
      vertex 2.89841 2.66507 3.4
      vertex 2.93172 2.65672 3.4
    endloop
  endfacet
  facet normal 0.243152 0.969988 0
    outer loop
      vertex 2.89841 2.66507 3.4
      vertex 2.93172 2.65672 2
      vertex 2.89841 2.66507 2
    endloop
  endfacet
  facet normal 0.33676 0.94159 -0
    outer loop
      vertex 2.89841 2.66507 2
      vertex 2.86606 2.67664 3.4
      vertex 2.89841 2.66507 3.4
    endloop
  endfacet
  facet normal 0.33676 0.94159 0
    outer loop
      vertex 2.86606 2.67664 3.4
      vertex 2.89841 2.66507 2
      vertex 2.86606 2.67664 2
    endloop
  endfacet
  facet normal 0.427661 0.903939 -0
    outer loop
      vertex 2.86606 2.67664 2
      vertex 2.83501 2.69133 3.4
      vertex 2.86606 2.67664 3.4
    endloop
  endfacet
  facet normal 0.427661 0.903939 0
    outer loop
      vertex 2.83501 2.69133 3.4
      vertex 2.86606 2.67664 2
      vertex 2.83501 2.69133 2
    endloop
  endfacet
  facet normal 0.514067 0.85775 -0
    outer loop
      vertex 2.83501 2.69133 2
      vertex 2.80556 2.70898 3.4
      vertex 2.83501 2.69133 3.4
    endloop
  endfacet
  facet normal 0.514067 0.85775 0
    outer loop
      vertex 2.80556 2.70898 3.4
      vertex 2.83501 2.69133 2
      vertex 2.80556 2.70898 2
    endloop
  endfacet
  facet normal 0.595847 0.803098 -0
    outer loop
      vertex 2.80556 2.70898 2
      vertex 2.77797 2.72945 3.4
      vertex 2.80556 2.70898 3.4
    endloop
  endfacet
  facet normal 0.595847 0.803098 0
    outer loop
      vertex 2.77797 2.72945 3.4
      vertex 2.80556 2.70898 2
      vertex 2.77797 2.72945 2
    endloop
  endfacet
  facet normal 0.671614 0.740901 -0
    outer loop
      vertex 2.77797 2.72945 2
      vertex 2.75252 2.75252 3.4
      vertex 2.77797 2.72945 3.4
    endloop
  endfacet
  facet normal 0.671614 0.740901 0
    outer loop
      vertex 2.75252 2.75252 3.4
      vertex 2.77797 2.72945 2
      vertex 2.75252 2.75252 2
    endloop
  endfacet
  facet normal 0.740901 0.671614 0
    outer loop
      vertex 2.75252 2.75252 3.4
      vertex 2.72945 2.77797 2
      vertex 2.72945 2.77797 3.4
    endloop
  endfacet
  facet normal 0.740901 0.671614 0
    outer loop
      vertex 2.72945 2.77797 2
      vertex 2.75252 2.75252 3.4
      vertex 2.75252 2.75252 2
    endloop
  endfacet
  facet normal 0.803098 0.595847 0
    outer loop
      vertex 2.72945 2.77797 3.4
      vertex 2.70898 2.80556 2
      vertex 2.70898 2.80556 3.4
    endloop
  endfacet
  facet normal 0.803098 0.595847 0
    outer loop
      vertex 2.70898 2.80556 2
      vertex 2.72945 2.77797 3.4
      vertex 2.72945 2.77797 2
    endloop
  endfacet
  facet normal 0.85775 0.514067 0
    outer loop
      vertex 2.70898 2.80556 3.4
      vertex 2.69133 2.83501 2
      vertex 2.69133 2.83501 3.4
    endloop
  endfacet
  facet normal 0.85775 0.514067 0
    outer loop
      vertex 2.69133 2.83501 2
      vertex 2.70898 2.80556 3.4
      vertex 2.70898 2.80556 2
    endloop
  endfacet
  facet normal 0.903939 0.427661 0
    outer loop
      vertex 2.69133 2.83501 3.4
      vertex 2.67664 2.86606 2
      vertex 2.67664 2.86606 3.4
    endloop
  endfacet
  facet normal 0.903939 0.427661 0
    outer loop
      vertex 2.67664 2.86606 2
      vertex 2.69133 2.83501 3.4
      vertex 2.69133 2.83501 2
    endloop
  endfacet
  facet normal 0.94159 0.33676 0
    outer loop
      vertex 2.67664 2.86606 3.4
      vertex 2.66507 2.89841 2
      vertex 2.66507 2.89841 3.4
    endloop
  endfacet
  facet normal 0.94159 0.33676 0
    outer loop
      vertex 2.66507 2.89841 2
      vertex 2.67664 2.86606 3.4
      vertex 2.67664 2.86606 2
    endloop
  endfacet
  facet normal 0.969988 0.243152 0
    outer loop
      vertex 2.66507 2.89841 3.4
      vertex 2.65672 2.93172 2
      vertex 2.65672 2.93172 3.4
    endloop
  endfacet
  facet normal 0.969988 0.243152 0
    outer loop
      vertex 2.65672 2.93172 2
      vertex 2.66507 2.89841 3.4
      vertex 2.66507 2.89841 2
    endloop
  endfacet
  facet normal 0.989221 0.146433 0
    outer loop
      vertex 2.65672 2.93172 3.4
      vertex 2.65169 2.9657 2
      vertex 2.65169 2.9657 3.4
    endloop
  endfacet
  facet normal 0.989221 0.146433 0
    outer loop
      vertex 2.65169 2.9657 2
      vertex 2.65672 2.93172 3.4
      vertex 2.65672 2.93172 2
    endloop
  endfacet
  facet normal 0.998774 0.0495019 0
    outer loop
      vertex 2.65169 2.9657 3.4
      vertex 2.64999 3 2
      vertex 2.64999 3 3.4
    endloop
  endfacet
  facet normal 0.998774 0.0495019 0
    outer loop
      vertex 2.64999 3 2
      vertex 2.65169 2.9657 3.4
      vertex 2.65169 2.9657 2
    endloop
  endfacet
  facet normal 1 -0 0
    outer loop
      vertex 2.64999 3 3.4
      vertex 2.64999 128.2 2
      vertex 2.64999 128.2 3.4
    endloop
  endfacet
  facet normal 1 0 0
    outer loop
      vertex 2.64999 128.2 2
      vertex 2.64999 3 3.4
      vertex 2.64999 3 2
    endloop
  endfacet
  facet normal 0.998752 -0.0499376 0
    outer loop
      vertex 2.64999 128.2 3.4
      vertex 2.65169 128.234 2
      vertex 2.65169 128.234 3.4
    endloop
  endfacet
  facet normal 0.998752 -0.0499376 0
    outer loop
      vertex 2.65169 128.234 2
      vertex 2.64999 128.2 3.4
      vertex 2.64999 128.2 2
    endloop
  endfacet
  facet normal 0.989233 -0.146348 0
    outer loop
      vertex 2.65169 128.234 3.4
      vertex 2.65672 128.268 2
      vertex 2.65672 128.268 3.4
    endloop
  endfacet
  facet normal 0.989233 -0.146348 0
    outer loop
      vertex 2.65672 128.268 2
      vertex 2.65169 128.234 3.4
      vertex 2.65169 128.234 2
    endloop
  endfacet
  facet normal 0.971142 -0.238501 0
    outer loop
      vertex 2.65672 128.268 3.4
      vertex 2.66507 128.302 2
      vertex 2.66507 128.302 3.4
    endloop
  endfacet
  facet normal 0.971142 -0.238501 0
    outer loop
      vertex 2.66507 128.302 2
      vertex 2.65672 128.268 3.4
      vertex 2.65672 128.268 2
    endloop
  endfacet
  facet normal 0.940418 -0.34002 0
    outer loop
      vertex 2.66507 128.302 3.4
      vertex 2.67664 128.334 2
      vertex 2.67664 128.334 3.4
    endloop
  endfacet
  facet normal 0.940418 -0.34002 0
    outer loop
      vertex 2.67664 128.334 2
      vertex 2.66507 128.302 3.4
      vertex 2.66507 128.302 2
    endloop
  endfacet
  facet normal 0.903673 -0.428224 0
    outer loop
      vertex 2.67664 128.334 3.4
      vertex 2.69133 128.365 2
      vertex 2.69133 128.365 3.4
    endloop
  endfacet
  facet normal 0.903673 -0.428224 0
    outer loop
      vertex 2.69133 128.365 2
      vertex 2.67664 128.334 3.4
      vertex 2.67664 128.334 2
    endloop
  endfacet
  facet normal 0.854227 -0.5199 0
    outer loop
      vertex 2.69133 128.365 3.4
      vertex 2.70898 128.394 2
      vertex 2.70898 128.394 3.4
    endloop
  endfacet
  facet normal 0.854227 -0.5199 0
    outer loop
      vertex 2.70898 128.394 2
      vertex 2.69133 128.365 3.4
      vertex 2.69133 128.365 2
    endloop
  endfacet
  facet normal 0.807275 -0.590176 0
    outer loop
      vertex 2.70898 128.394 3.4
      vertex 2.72945 128.422 2
      vertex 2.72945 128.422 3.4
    endloop
  endfacet
  facet normal 0.807275 -0.590176 0
    outer loop
      vertex 2.72945 128.422 2
      vertex 2.70898 128.394 3.4
      vertex 2.70898 128.394 2
    endloop
  endfacet
  facet normal 0.734905 -0.67817 0
    outer loop
      vertex 2.72945 128.422 3.4
      vertex 2.75252 128.447 2
      vertex 2.75252 128.447 3.4
    endloop
  endfacet
  facet normal 0.734905 -0.67817 0
    outer loop
      vertex 2.75252 128.447 2
      vertex 2.72945 128.422 3.4
      vertex 2.72945 128.422 2
    endloop
  endfacet
  facet normal 0.686078 -0.727528 0
    outer loop
      vertex 2.75252 128.447 2
      vertex 2.77797 128.471 3.4
      vertex 2.75252 128.447 3.4
    endloop
  endfacet
  facet normal 0.686078 -0.727528 0
    outer loop
      vertex 2.77797 128.471 3.4
      vertex 2.75252 128.447 2
      vertex 2.77797 128.471 2
    endloop
  endfacet
  facet normal 0.586915 -0.809649 0
    outer loop
      vertex 2.77797 128.471 2
      vertex 2.80556 128.491 3.4
      vertex 2.77797 128.471 3.4
    endloop
  endfacet
  facet normal 0.586915 -0.809649 0
    outer loop
      vertex 2.80556 128.491 3.4
      vertex 2.77797 128.471 2
      vertex 2.80556 128.491 2
    endloop
  endfacet
  facet normal 0.521509 -0.853246 0
    outer loop
      vertex 2.80556 128.491 2
      vertex 2.83501 128.509 3.4
      vertex 2.80556 128.491 3.4
    endloop
  endfacet
  facet normal 0.521509 -0.853246 0
    outer loop
      vertex 2.83501 128.509 3.4
      vertex 2.80556 128.491 2
      vertex 2.83501 128.509 2
    endloop
  endfacet
  facet normal 0.411036 -0.911619 0
    outer loop
      vertex 2.83501 128.509 2
      vertex 2.86606 128.523 3.4
      vertex 2.83501 128.509 3.4
    endloop
  endfacet
  facet normal 0.411036 -0.911619 0
    outer loop
      vertex 2.86606 128.523 3.4
      vertex 2.83501 128.509 2
      vertex 2.86606 128.523 2
    endloop
  endfacet
  facet normal 0.347786 -0.937574 0
    outer loop
      vertex 2.86606 128.523 2
      vertex 2.89841 128.535 3.4
      vertex 2.86606 128.523 3.4
    endloop
  endfacet
  facet normal 0.347786 -0.937574 0
    outer loop
      vertex 2.89841 128.535 3.4
      vertex 2.86606 128.523 2
      vertex 2.89841 128.535 2
    endloop
  endfacet
  facet normal 0.233528 -0.97235 0
    outer loop
      vertex 2.89841 128.535 2
      vertex 2.93172 128.543 3.4
      vertex 2.89841 128.535 3.4
    endloop
  endfacet
  facet normal 0.233528 -0.97235 0
    outer loop
      vertex 2.93172 128.543 3.4
      vertex 2.89841 128.535 2
      vertex 2.93172 128.543 2
    endloop
  endfacet
  facet normal 0.145578 -0.989347 0
    outer loop
      vertex 2.93172 128.543 2
      vertex 2.9657 128.548 3.4
      vertex 2.93172 128.543 3.4
    endloop
  endfacet
  facet normal 0.145578 -0.989347 0
    outer loop
      vertex 2.9657 128.548 3.4
      vertex 2.93172 128.543 2
      vertex 2.9657 128.548 2
    endloop
  endfacet
  facet normal 0.0582102 -0.998304 0
    outer loop
      vertex 2.9657 128.548 2
      vertex 3 128.55 3.4
      vertex 2.9657 128.548 3.4
    endloop
  endfacet
  facet normal 0.0582102 -0.998304 0
    outer loop
      vertex 3 128.55 3.4
      vertex 2.9657 128.548 2
      vertex 3 128.55 2
    endloop
  endfacet
  facet normal 0 -1 0
    outer loop
      vertex 3 128.55 2
      vertex 37.7 128.55 3.4
      vertex 3 128.55 3.4
    endloop
  endfacet
  facet normal 0 -1 -0
    outer loop
      vertex 37.7 128.55 3.4
      vertex 3 128.55 2
      vertex 37.7 128.55 2
    endloop
  endfacet
  facet normal -0.0582102 -0.998304 0
    outer loop
      vertex 37.7 128.55 2
      vertex 37.7343 128.548 3.4
      vertex 37.7 128.55 3.4
    endloop
  endfacet
  facet normal -0.0582102 -0.998304 -0
    outer loop
      vertex 37.7343 128.548 3.4
      vertex 37.7 128.55 2
      vertex 37.7343 128.548 2
    endloop
  endfacet
  facet normal -0.145494 -0.989359 0
    outer loop
      vertex 37.7343 128.548 2
      vertex 37.7683 128.543 3.4
      vertex 37.7343 128.548 3.4
    endloop
  endfacet
  facet normal -0.145494 -0.989359 -0
    outer loop
      vertex 37.7683 128.543 3.4
      vertex 37.7343 128.548 2
      vertex 37.7683 128.543 2
    endloop
  endfacet
  facet normal -0.233594 -0.972334 0
    outer loop
      vertex 37.7683 128.543 2
      vertex 37.8016 128.535 3.4
      vertex 37.7683 128.543 3.4
    endloop
  endfacet
  facet normal -0.233594 -0.972334 -0
    outer loop
      vertex 37.8016 128.535 3.4
      vertex 37.7683 128.543 2
      vertex 37.8016 128.535 2
    endloop
  endfacet
  facet normal -0.348259 -0.937398 0
    outer loop
      vertex 37.8016 128.535 2
      vertex 37.8339 128.523 3.4
      vertex 37.8016 128.535 3.4
    endloop
  endfacet
  facet normal -0.348259 -0.937398 -0
    outer loop
      vertex 37.8339 128.523 3.4
      vertex 37.8016 128.535 2
      vertex 37.8339 128.523 2
    endloop
  endfacet
  facet normal -0.410487 -0.911867 0
    outer loop
      vertex 37.8339 128.523 2
      vertex 37.865 128.509 3.4
      vertex 37.8339 128.523 3.4
    endloop
  endfacet
  facet normal -0.410487 -0.911867 -0
    outer loop
      vertex 37.865 128.509 3.4
      vertex 37.8339 128.523 2
      vertex 37.865 128.509 2
    endloop
  endfacet
  facet normal -0.522154 -0.852851 0
    outer loop
      vertex 37.865 128.509 2
      vertex 37.8944 128.491 3.4
      vertex 37.865 128.509 3.4
    endloop
  endfacet
  facet normal -0.522154 -0.852851 -0
    outer loop
      vertex 37.8944 128.491 3.4
      vertex 37.865 128.509 2
      vertex 37.8944 128.491 2
    endloop
  endfacet
  facet normal -0.586775 -0.80975 0
    outer loop
      vertex 37.8944 128.491 2
      vertex 37.922 128.471 3.4
      vertex 37.8944 128.491 3.4
    endloop
  endfacet
  facet normal -0.586775 -0.80975 -0
    outer loop
      vertex 37.922 128.471 3.4
      vertex 37.8944 128.491 2
      vertex 37.922 128.471 2
    endloop
  endfacet
  facet normal -0.685365 -0.7282 0
    outer loop
      vertex 37.922 128.471 2
      vertex 37.9475 128.447 3.4
      vertex 37.922 128.471 3.4
    endloop
  endfacet
  facet normal -0.685365 -0.7282 -0
    outer loop
      vertex 37.9475 128.447 3.4
      vertex 37.922 128.471 2
      vertex 37.9475 128.447 2
    endloop
  endfacet
  facet normal -0.734465 -0.678646 0
    outer loop
      vertex 37.9706 128.422 2
      vertex 37.9475 128.447 3.4
      vertex 37.9475 128.447 2
    endloop
  endfacet
  facet normal -0.734465 -0.678646 0
    outer loop
      vertex 37.9475 128.447 3.4
      vertex 37.9706 128.422 2
      vertex 37.9706 128.422 3.4
    endloop
  endfacet
  facet normal -0.808236 -0.588858 0
    outer loop
      vertex 37.991 128.394 2
      vertex 37.9706 128.422 3.4
      vertex 37.9706 128.422 2
    endloop
  endfacet
  facet normal -0.808236 -0.588858 0
    outer loop
      vertex 37.9706 128.422 3.4
      vertex 37.991 128.394 2
      vertex 37.991 128.394 3.4
    endloop
  endfacet
  facet normal -0.853573 -0.520974 0
    outer loop
      vertex 38.0087 128.365 2
      vertex 37.991 128.394 3.4
      vertex 37.991 128.394 2
    endloop
  endfacet
  facet normal -0.853573 -0.520974 0
    outer loop
      vertex 37.991 128.394 3.4
      vertex 38.0087 128.365 2
      vertex 38.0087 128.365 3.4
    endloop
  endfacet
  facet normal -0.90356 -0.428462 0
    outer loop
      vertex 38.0234 128.334 2
      vertex 38.0087 128.365 3.4
      vertex 38.0087 128.365 2
    endloop
  endfacet
  facet normal -0.90356 -0.428462 0
    outer loop
      vertex 38.0087 128.365 3.4
      vertex 38.0234 128.334 2
      vertex 38.0234 128.334 3.4
    endloop
  endfacet
  facet normal -0.941075 -0.338199 0
    outer loop
      vertex 38.0349 128.302 2
      vertex 38.0234 128.334 3.4
      vertex 38.0234 128.334 2
    endloop
  endfacet
  facet normal -0.941075 -0.338199 0
    outer loop
      vertex 38.0234 128.334 3.4
      vertex 38.0349 128.302 2
      vertex 38.0349 128.302 3.4
    endloop
  endfacet
  facet normal -0.970811 -0.239847 0
    outer loop
      vertex 38.0433 128.268 2
      vertex 38.0349 128.302 3.4
      vertex 38.0349 128.302 2
    endloop
  endfacet
  facet normal -0.970811 -0.239847 0
    outer loop
      vertex 38.0349 128.302 3.4
      vertex 38.0433 128.268 2
      vertex 38.0433 128.268 3.4
    endloop
  endfacet
  facet normal -0.989359 -0.145494 0
    outer loop
      vertex 38.0483 128.234 2
      vertex 38.0433 128.268 3.4
      vertex 38.0433 128.268 2
    endloop
  endfacet
  facet normal -0.989359 -0.145494 0
    outer loop
      vertex 38.0433 128.268 3.4
      vertex 38.0483 128.234 2
      vertex 38.0483 128.234 3.4
    endloop
  endfacet
  facet normal -0.998752 -0.0499376 0
    outer loop
      vertex 38.05 128.2 2
      vertex 38.0483 128.234 3.4
      vertex 38.0483 128.234 2
    endloop
  endfacet
  facet normal -0.998752 -0.0499376 0
    outer loop
      vertex 38.0483 128.234 3.4
      vertex 38.05 128.2 2
      vertex 38.05 128.2 3.4
    endloop
  endfacet
  facet normal -1 0 0
    outer loop
      vertex 38.05 3 2
      vertex 38.05 128.2 3.4
      vertex 38.05 128.2 2
    endloop
  endfacet
  facet normal -1 -0 0
    outer loop
      vertex 38.05 128.2 3.4
      vertex 38.05 3 2
      vertex 38.05 3 3.4
    endloop
  endfacet
  facet normal -0.998774 0.0495019 0
    outer loop
      vertex 38.0483 2.9657 2
      vertex 38.05 3 3.4
      vertex 38.05 3 2
    endloop
  endfacet
  facet normal -0.998774 0.0495019 0
    outer loop
      vertex 38.05 3 3.4
      vertex 38.0483 2.9657 2
      vertex 38.0483 2.9657 3.4
    endloop
  endfacet
  facet normal -0.989347 0.145578 0
    outer loop
      vertex 38.0433 2.93172 2
      vertex 38.0483 2.9657 3.4
      vertex 38.0483 2.9657 2
    endloop
  endfacet
  facet normal -0.989347 0.145578 0
    outer loop
      vertex 38.0483 2.9657 3.4
      vertex 38.0433 2.93172 2
      vertex 38.0433 2.93172 3.4
    endloop
  endfacet
  facet normal -0.969644 0.244521 0
    outer loop
      vertex 38.0349 2.89841 2
      vertex 38.0433 2.93172 3.4
      vertex 38.0433 2.93172 2
    endloop
  endfacet
  facet normal -0.969644 0.244521 0
    outer loop
      vertex 38.0433 2.93172 3.4
      vertex 38.0349 2.89841 2
      vertex 38.0349 2.89841 3.4
    endloop
  endfacet
  facet normal -0.942235 0.334952 0
    outer loop
      vertex 38.0234 2.86606 2
      vertex 38.0349 2.89841 3.4
      vertex 38.0349 2.89841 2
    endloop
  endfacet
  facet normal -0.942235 0.334952 0
    outer loop
      vertex 38.0349 2.89841 3.4
      vertex 38.0234 2.86606 2
      vertex 38.0234 2.86606 3.4
    endloop
  endfacet
  facet normal -0.903827 0.427899 0
    outer loop
      vertex 38.0087 2.83501 2
      vertex 38.0234 2.86606 3.4
      vertex 38.0234 2.86606 2
    endloop
  endfacet
  facet normal -0.903827 0.427899 0
    outer loop
      vertex 38.0234 2.86606 3.4
      vertex 38.0087 2.83501 2
      vertex 38.0087 2.83501 3.4
    endloop
  endfacet
  facet normal -0.857107 0.515138 0
    outer loop
      vertex 37.991 2.80556 2
      vertex 38.0087 2.83501 3.4
      vertex 38.0087 2.83501 2
    endloop
  endfacet
  facet normal -0.857107 0.515138 0
    outer loop
      vertex 38.0087 2.83501 3.4
      vertex 37.991 2.80556 2
      vertex 37.991 2.80556 3.4
    endloop
  endfacet
  facet normal -0.804073 0.59453 0
    outer loop
      vertex 37.9706 2.77797 2
      vertex 37.991 2.80556 3.4
      vertex 37.991 2.80556 2
    endloop
  endfacet
  facet normal -0.804073 0.59453 0
    outer loop
      vertex 37.991 2.80556 3.4
      vertex 37.9706 2.77797 2
      vertex 37.9706 2.77797 3.4
    endloop
  endfacet
  facet normal -0.740466 0.672093 0
    outer loop
      vertex 37.9475 2.75252 2
      vertex 37.9706 2.77797 3.4
      vertex 37.9706 2.77797 2
    endloop
  endfacet
  facet normal -0.740466 0.672093 0
    outer loop
      vertex 37.9706 2.77797 3.4
      vertex 37.9475 2.75252 2
      vertex 37.9475 2.75252 3.4
    endloop
  endfacet
  facet normal -0.67089 0.741556 0
    outer loop
      vertex 37.9475 2.75252 2
      vertex 37.922 2.72945 3.4
      vertex 37.9475 2.75252 3.4
    endloop
  endfacet
  facet normal -0.67089 0.741556 0
    outer loop
      vertex 37.922 2.72945 3.4
      vertex 37.9475 2.75252 2
      vertex 37.922 2.72945 2
    endloop
  endfacet
  facet normal -0.595708 0.803201 0
    outer loop
      vertex 37.922 2.72945 2
      vertex 37.8944 2.70898 3.4
      vertex 37.922 2.72945 3.4
    endloop
  endfacet
  facet normal -0.595708 0.803201 0
    outer loop
      vertex 37.8944 2.70898 3.4
      vertex 37.922 2.72945 2
      vertex 37.8944 2.70898 2
    endloop
  endfacet
  facet normal -0.51471 0.857364 0
    outer loop
      vertex 37.8944 2.70898 2
      vertex 37.865 2.69133 3.4
      vertex 37.8944 2.70898 3.4
    endloop
  endfacet
  facet normal -0.51471 0.857364 0
    outer loop
      vertex 37.865 2.69133 3.4
      vertex 37.8944 2.70898 2
      vertex 37.865 2.69133 2
    endloop
  endfacet
  facet normal -0.427099 0.904205 0
    outer loop
      vertex 37.865 2.69133 2
      vertex 37.8339 2.67664 3.4
      vertex 37.865 2.69133 3.4
    endloop
  endfacet
  facet normal -0.427099 0.904205 0
    outer loop
      vertex 37.8339 2.67664 3.4
      vertex 37.865 2.69133 2
      vertex 37.8339 2.67664 2
    endloop
  endfacet
  facet normal -0.337223 0.941425 0
    outer loop
      vertex 37.8339 2.67664 2
      vertex 37.8016 2.66507 3.4
      vertex 37.8339 2.67664 3.4
    endloop
  endfacet
  facet normal -0.337223 0.941425 0
    outer loop
      vertex 37.8016 2.66507 3.4
      vertex 37.8339 2.67664 2
      vertex 37.8016 2.66507 2
    endloop
  endfacet
  facet normal -0.243221 0.969971 0
    outer loop
      vertex 37.8016 2.66507 2
      vertex 37.7683 2.65672 3.4
      vertex 37.8016 2.66507 3.4
    endloop
  endfacet
  facet normal -0.243221 0.969971 0
    outer loop
      vertex 37.7683 2.65672 3.4
      vertex 37.8016 2.66507 2
      vertex 37.7683 2.65672 2
    endloop
  endfacet
  facet normal -0.146348 0.989233 0
    outer loop
      vertex 37.7683 2.65672 2
      vertex 37.7343 2.65169 3.4
      vertex 37.7683 2.65672 3.4
    endloop
  endfacet
  facet normal -0.146348 0.989233 0
    outer loop
      vertex 37.7343 2.65169 3.4
      vertex 37.7683 2.65672 2
      vertex 37.7343 2.65169 2
    endloop
  endfacet
  facet normal -0.0495019 0.998774 0
    outer loop
      vertex 37.7343 2.65169 2
      vertex 37.7 2.64999 3.4
      vertex 37.7343 2.65169 3.4
    endloop
  endfacet
  facet normal -0.0495019 0.998774 0
    outer loop
      vertex 37.7 2.64999 3.4
      vertex 37.7343 2.65169 2
      vertex 37.7 2.64999 2
    endloop
  endfacet
  facet normal 0 1 -0
    outer loop
      vertex 37.7 2.64999 2
      vertex 3 2.64999 3.4
      vertex 37.7 2.64999 3.4
    endloop
  endfacet
  facet normal 0 1 0
    outer loop
      vertex 3 2.64999 3.4
      vertex 37.7 2.64999 2
      vertex 3 2.64999 2
    endloop
  endfacet
  facet normal 0 0 -1
    outer loop
      vertex 16.35 123 7
      vertex 24.35 127 7
      vertex 24.35 123 7
    endloop
  endfacet
  facet normal -0 0 -1
    outer loop
      vertex 24.35 127 7
      vertex 16.35 123 7
      vertex 16.35 127 7
    endloop
  endfacet
  facet normal -0.857599 -0.514319 0
    outer loop
      vertex 6.09963 53.0007 0.599999
      vertex 6.05675 53.0722 4
      vertex 6.05675 53.0722 0.599999
    endloop
  endfacet
  facet normal -0.857599 -0.514319 0
    outer loop
      vertex 6.05675 53.0722 4
      vertex 6.09963 53.0007 0.599999
      vertex 6.09963 53.0007 4
    endloop
  endfacet
  facet normal -0.336868 -0.941552 0
    outer loop
      vertex 5.59674 53.4134 0.599999
      vertex 5.67528 53.3853 4
      vertex 5.59674 53.4134 4
    endloop
  endfacet
  facet normal -0.336868 -0.941552 -0
    outer loop
      vertex 5.67528 53.3853 4
      vertex 5.59674 53.4134 0.599999
      vertex 5.67528 53.3853 0.599999
    endloop
  endfacet
  facet normal 0.427885 -0.903833 0
    outer loop
      vertex 4.94931 53.3496 0.599999
      vertex 5.02472 53.3853 4
      vertex 4.94931 53.3496 4
    endloop
  endfacet
  facet normal 0.427885 -0.903833 0
    outer loop
      vertex 5.02472 53.3853 4
      vertex 4.94931 53.3496 0.599999
      vertex 5.02472 53.3853 0.599999
    endloop
  endfacet
  facet normal 0.941633 -0.33664 0
    outer loop
      vertex 4.5366 52.8467 4
      vertex 4.5647 52.9253 0.599999
      vertex 4.5647 52.9253 4
    endloop
  endfacet
  facet normal 0.941633 -0.33664 0
    outer loop
      vertex 4.5647 52.9253 0.599999
      vertex 4.5366 52.8467 4
      vertex 4.5366 52.8467 0.599999
    endloop
  endfacet
  facet normal -0.998797 0.0490406 0
    outer loop
      vertex 6.19591 52.5167 0.599999
      vertex 6.2 52.6 4
      vertex 6.2 52.6 0.599999
    endloop
  endfacet
  facet normal -0.998797 0.0490406 0
    outer loop
      vertex 6.2 52.6 4
      vertex 6.19591 52.5167 0.599999
      vertex 6.19591 52.5167 4
    endloop
  endfacet
  facet normal -0.514284 -0.85762 0
    outer loop
      vertex 5.75069 53.3496 0.599999
      vertex 5.82223 53.3067 4
      vertex 5.75069 53.3496 4
    endloop
  endfacet
  facet normal -0.514284 -0.85762 -0
    outer loop
      vertex 5.82223 53.3067 4
      vertex 5.75069 53.3496 0.599999
      vertex 5.82223 53.3067 0.599999
    endloop
  endfacet
  facet normal 0 0 1
    outer loop
      vertex 6.19591 52.6833 0.599999
      vertex 6.19591 52.5167 0.599999
      vertex 6.2 52.6 0.599999
    endloop
  endfacet
  facet normal 0 0 1
    outer loop
      vertex 6.18367 52.7658 0.599999
      vertex 6.19591 52.5167 0.599999
      vertex 6.19591 52.6833 0.599999
    endloop
  endfacet
  facet normal 0 0 1
    outer loop
      vertex 6.18367 52.7658 0.599999
      vertex 6.18367 52.4342 0.599999
      vertex 6.19591 52.5167 0.599999
    endloop
  endfacet
  facet normal 0 0 1
    outer loop
      vertex 6.1634 52.8467 0.599999
      vertex 6.18367 52.4342 0.599999
      vertex 6.18367 52.7658 0.599999
    endloop
  endfacet
  facet normal 0 0 1
    outer loop
      vertex 6.1634 52.8467 0.599999
      vertex 6.1634 52.3533 0.599999
      vertex 6.18367 52.4342 0.599999
    endloop
  endfacet
  facet normal 0 0 1
    outer loop
      vertex 6.1353 52.9253 0.599999
      vertex 6.1634 52.3533 0.599999
      vertex 6.1634 52.8467 0.599999
    endloop
  endfacet
  facet normal 0 0 1
    outer loop
      vertex 6.1353 52.9253 0.599999
      vertex 6.1353 52.2747 0.599999
      vertex 6.1634 52.3533 0.599999
    endloop
  endfacet
  facet normal 0 0 1
    outer loop
      vertex 6.09963 53.0007 0.599999
      vertex 6.1353 52.2747 0.599999
      vertex 6.1353 52.9253 0.599999
    endloop
  endfacet
  facet normal 0 0 1
    outer loop
      vertex 6.09963 53.0007 0.599999
      vertex 6.09963 52.1993 0.599999
      vertex 6.1353 52.2747 0.599999
    endloop
  endfacet
  facet normal 0 0 1
    outer loop
      vertex 6.05675 53.0722 0.599999
      vertex 6.09963 52.1993 0.599999
      vertex 6.09963 53.0007 0.599999
    endloop
  endfacet
  facet normal 0 0 1
    outer loop
      vertex 6.05675 53.0722 0.599999
      vertex 6.05675 52.1278 0.599999
      vertex 6.09963 52.1993 0.599999
    endloop
  endfacet
  facet normal 0 0 1
    outer loop
      vertex 6.00706 53.1392 0.599999
      vertex 6.05675 52.1278 0.599999
      vertex 6.05675 53.0722 0.599999
    endloop
  endfacet
  facet normal 0 0 1
    outer loop
      vertex 6.00706 53.1392 0.599999
      vertex 6.00706 52.0608 0.599999
      vertex 6.05675 52.1278 0.599999
    endloop
  endfacet
  facet normal 0 0 1
    outer loop
      vertex 5.95104 53.201 0.599999
      vertex 6.00706 52.0608 0.599999
      vertex 6.00706 53.1392 0.599999
    endloop
  endfacet
  facet normal 0 0 1
    outer loop
      vertex 5.95104 53.201 0.599999
      vertex 5.95104 51.999 0.599999
      vertex 6.00706 52.0608 0.599999
    endloop
  endfacet
  facet normal 0 0 1
    outer loop
      vertex 5.88923 53.2571 0.599999
      vertex 5.95104 51.999 0.599999
      vertex 5.95104 53.201 0.599999
    endloop
  endfacet
  facet normal 0 0 1
    outer loop
      vertex 5.88923 53.2571 0.599999
      vertex 5.88923 51.9429 0.599999
      vertex 5.95104 51.999 0.599999
    endloop
  endfacet
  facet normal 0 0 1
    outer loop
      vertex 5.82223 53.3067 0.599999
      vertex 5.88923 51.9429 0.599999
      vertex 5.88923 53.2571 0.599999
    endloop
  endfacet
  facet normal 0 0 1
    outer loop
      vertex 5.82223 53.3067 0.599999
      vertex 5.82223 51.8932 0.599999
      vertex 5.88923 51.9429 0.599999
    endloop
  endfacet
  facet normal 0 0 1
    outer loop
      vertex 5.75069 53.3496 0.599999
      vertex 5.82223 51.8932 0.599999
      vertex 5.82223 53.3067 0.599999
    endloop
  endfacet
  facet normal 0 0 1
    outer loop
      vertex 5.75069 53.3496 0.599999
      vertex 5.75069 51.8504 0.599999
      vertex 5.82223 51.8932 0.599999
    endloop
  endfacet
  facet normal 0 0 1
    outer loop
      vertex 5.67528 53.3853 0.599999
      vertex 5.75069 51.8504 0.599999
      vertex 5.75069 53.3496 0.599999
    endloop
  endfacet
  facet normal 0 0 1
    outer loop
      vertex 5.67528 53.3853 0.599999
      vertex 5.67528 51.8147 0.599999
      vertex 5.75069 51.8504 0.599999
    endloop
  endfacet
  facet normal 0 0 1
    outer loop
      vertex 5.59674 53.4134 0.599999
      vertex 5.67528 51.8147 0.599999
      vertex 5.67528 53.3853 0.599999
    endloop
  endfacet
  facet normal 0 0 1
    outer loop
      vertex 5.59674 53.4134 0.599999
      vertex 5.59674 51.7866 0.599999
      vertex 5.67528 51.8147 0.599999
    endloop
  endfacet
  facet normal 0 0 1
    outer loop
      vertex 5.51583 53.4337 0.599999
      vertex 5.59674 51.7866 0.599999
      vertex 5.59674 53.4134 0.599999
    endloop
  endfacet
  facet normal 0 0 1
    outer loop
      vertex 5.51583 53.4337 0.599999
      vertex 5.51583 51.7663 0.599999
      vertex 5.59674 51.7866 0.599999
    endloop
  endfacet
  facet normal 0 0 1
    outer loop
      vertex 5.43331 53.4459 0.599999
      vertex 5.51583 51.7663 0.599999
      vertex 5.51583 53.4337 0.599999
    endloop
  endfacet
  facet normal 0 0 1
    outer loop
      vertex 5.43331 53.4459 0.599999
      vertex 5.43331 51.7541 0.599999
      vertex 5.51583 51.7663 0.599999
    endloop
  endfacet
  facet normal 0 0 1
    outer loop
      vertex 5.35 53.45 0.599999
      vertex 5.43331 51.7541 0.599999
      vertex 5.43331 53.4459 0.599999
    endloop
  endfacet
  facet normal 0 0 1
    outer loop
      vertex 5.35 53.45 0.599999
      vertex 5.35 51.75 0.599999
      vertex 5.43331 51.7541 0.599999
    endloop
  endfacet
  facet normal -0 0 1
    outer loop
      vertex 5.26668 53.4459 0.599999
      vertex 5.35 51.75 0.599999
      vertex 5.35 53.45 0.599999
    endloop
  endfacet
  facet normal 0 0 1
    outer loop
      vertex 5.26668 53.4459 0.599999
      vertex 5.26668 51.7541 0.599999
      vertex 5.35 51.75 0.599999
    endloop
  endfacet
  facet normal -0 0 1
    outer loop
      vertex 5.18417 53.4337 0.599999
      vertex 5.26668 51.7541 0.599999
      vertex 5.26668 53.4459 0.599999
    endloop
  endfacet
  facet normal 0 0 1
    outer loop
      vertex 5.18417 53.4337 0.599999
      vertex 5.18417 51.7663 0.599999
      vertex 5.26668 51.7541 0.599999
    endloop
  endfacet
  facet normal -0 0 1
    outer loop
      vertex 5.10326 53.4134 0.599999
      vertex 5.18417 51.7663 0.599999
      vertex 5.18417 53.4337 0.599999
    endloop
  endfacet
  facet normal 0 0 1
    outer loop
      vertex 5.10326 53.4134 0.599999
      vertex 5.10326 51.7866 0.599999
      vertex 5.18417 51.7663 0.599999
    endloop
  endfacet
  facet normal -0 0 1
    outer loop
      vertex 5.02472 53.3853 0.599999
      vertex 5.10326 51.7866 0.599999
      vertex 5.10326 53.4134 0.599999
    endloop
  endfacet
  facet normal 0 0 1
    outer loop
      vertex 5.02472 53.3853 0.599999
      vertex 5.02472 51.8147 0.599999
      vertex 5.10326 51.7866 0.599999
    endloop
  endfacet
  facet normal -0 0 1
    outer loop
      vertex 4.94931 53.3496 0.599999
      vertex 5.02472 51.8147 0.599999
      vertex 5.02472 53.3853 0.599999
    endloop
  endfacet
  facet normal 0 0 1
    outer loop
      vertex 4.94931 53.3496 0.599999
      vertex 4.94931 51.8504 0.599999
      vertex 5.02472 51.8147 0.599999
    endloop
  endfacet
  facet normal -0 0 1
    outer loop
      vertex 4.87776 53.3067 0.599999
      vertex 4.94931 51.8504 0.599999
      vertex 4.94931 53.3496 0.599999
    endloop
  endfacet
  facet normal 0 0 1
    outer loop
      vertex 4.87776 53.3067 0.599999
      vertex 4.87776 51.8932 0.599999
      vertex 4.94931 51.8504 0.599999
    endloop
  endfacet
  facet normal -0 0 1
    outer loop
      vertex 4.81077 53.2571 0.599999
      vertex 4.87776 51.8932 0.599999
      vertex 4.87776 53.3067 0.599999
    endloop
  endfacet
  facet normal 0 0 1
    outer loop
      vertex 4.81077 53.2571 0.599999
      vertex 4.81077 51.9429 0.599999
      vertex 4.87776 51.8932 0.599999
    endloop
  endfacet
  facet normal -0 0 1
    outer loop
      vertex 4.74896 53.201 0.599999
      vertex 4.81077 51.9429 0.599999
      vertex 4.81077 53.2571 0.599999
    endloop
  endfacet
  facet normal 0 0 1
    outer loop
      vertex 4.74896 53.201 0.599999
      vertex 4.74896 51.999 0.599999
      vertex 4.81077 51.9429 0.599999
    endloop
  endfacet
  facet normal -0 0 1
    outer loop
      vertex 4.69294 53.1392 0.599999
      vertex 4.74896 51.999 0.599999
      vertex 4.74896 53.201 0.599999
    endloop
  endfacet
  facet normal 0 0 1
    outer loop
      vertex 4.69294 53.1392 0.599999
      vertex 4.69294 52.0608 0.599999
      vertex 4.74896 51.999 0.599999
    endloop
  endfacet
  facet normal -0 0 1
    outer loop
      vertex 4.64325 53.0722 0.599999
      vertex 4.69294 52.0608 0.599999
      vertex 4.69294 53.1392 0.599999
    endloop
  endfacet
  facet normal 0 0 1
    outer loop
      vertex 4.64325 53.0722 0.599999
      vertex 4.64325 52.1278 0.599999
      vertex 4.69294 52.0608 0.599999
    endloop
  endfacet
  facet normal -0 0 1
    outer loop
      vertex 4.60037 53.0007 0.599999
      vertex 4.64325 52.1278 0.599999
      vertex 4.64325 53.0722 0.599999
    endloop
  endfacet
  facet normal 0 0 1
    outer loop
      vertex 4.60037 53.0007 0.599999
      vertex 4.60037 52.1993 0.599999
      vertex 4.64325 52.1278 0.599999
    endloop
  endfacet
  facet normal -0 0 1
    outer loop
      vertex 4.5647 52.9253 0.599999
      vertex 4.60037 52.1993 0.599999
      vertex 4.60037 53.0007 0.599999
    endloop
  endfacet
  facet normal 0 0 1
    outer loop
      vertex 4.5647 52.9253 0.599999
      vertex 4.5647 52.2747 0.599999
      vertex 4.60037 52.1993 0.599999
    endloop
  endfacet
  facet normal -0 0 1
    outer loop
      vertex 4.5366 52.8467 0.599999
      vertex 4.5647 52.2747 0.599999
      vertex 4.5647 52.9253 0.599999
    endloop
  endfacet
  facet normal 0 0 1
    outer loop
      vertex 4.5366 52.8467 0.599999
      vertex 4.5366 52.3533 0.599999
      vertex 4.5647 52.2747 0.599999
    endloop
  endfacet
  facet normal -0 0 1
    outer loop
      vertex 4.51633 52.7658 0.599999
      vertex 4.5366 52.3533 0.599999
      vertex 4.5366 52.8467 0.599999
    endloop
  endfacet
  facet normal 0 0 1
    outer loop
      vertex 4.51633 52.7658 0.599999
      vertex 4.51633 52.4342 0.599999
      vertex 4.5366 52.3533 0.599999
    endloop
  endfacet
  facet normal -0 0 1
    outer loop
      vertex 4.50409 52.6833 0.599999
      vertex 4.51633 52.4342 0.599999
      vertex 4.51633 52.7658 0.599999
    endloop
  endfacet
  facet normal 0 0 1
    outer loop
      vertex 4.50409 52.6833 0.599999
      vertex 4.50409 52.5167 0.599999
      vertex 4.51633 52.4342 0.599999
    endloop
  endfacet
  facet normal 0 -0 1
    outer loop
      vertex 4.50409 52.5167 0.599999
      vertex 4.50409 52.6833 0.599999
      vertex 4.5 52.6 0.599999
    endloop
  endfacet
  facet normal 0.803211 -0.595695 0
    outer loop
      vertex 4.64325 53.0722 4
      vertex 4.69294 53.1392 0.599999
      vertex 4.69294 53.1392 4
    endloop
  endfacet
  facet normal 0.803211 -0.595695 0
    outer loop
      vertex 4.69294 53.1392 0.599999
      vertex 4.64325 53.0722 4
      vertex 4.64325 53.0722 0.599999
    endloop
  endfacet
  facet normal 0.243354 -0.969938 0
    outer loop
      vertex 5.10326 53.4134 0.599999
      vertex 5.18417 53.4337 4
      vertex 5.10326 53.4134 4
    endloop
  endfacet
  facet normal 0.243354 -0.969938 0
    outer loop
      vertex 5.18417 53.4337 4
      vertex 5.10326 53.4134 0.599999
      vertex 5.18417 53.4337 0.599999
    endloop
  endfacet
  facet normal -0.989173 -0.146757 0
    outer loop
      vertex 6.19591 52.6833 0.599999
      vertex 6.18367 52.7658 4
      vertex 6.18367 52.7658 0.599999
    endloop
  endfacet
  facet normal -0.989173 -0.146757 0
    outer loop
      vertex 6.18367 52.7658 4
      vertex 6.19591 52.6833 0.599999
      vertex 6.19591 52.6833 4
    endloop
  endfacet
  facet normal -0.803211 -0.595695 0
    outer loop
      vertex 6.05675 53.0722 0.599999
      vertex 6.00706 53.1392 4
      vertex 6.00706 53.1392 0.599999
    endloop
  endfacet
  facet normal -0.803211 -0.595695 0
    outer loop
      vertex 6.00706 53.1392 4
      vertex 6.05675 53.0722 0.599999
      vertex 6.05675 53.0722 4
    endloop
  endfacet
  facet normal -0.672076 -0.740482 0
    outer loop
      vertex 5.88923 53.2571 0.599999
      vertex 5.95104 53.201 4
      vertex 5.88923 53.2571 4
    endloop
  endfacet
  facet normal -0.672076 -0.740482 -0
    outer loop
      vertex 5.95104 53.201 4
      vertex 5.88923 53.2571 0.599999
      vertex 5.95104 53.201 0.599999
    endloop
  endfacet
  facet normal 0.0491484 -0.998791 0
    outer loop
      vertex 5.26668 53.4459 0.599999
      vertex 5.35 53.45 4
      vertex 5.26668 53.4459 4
    endloop
  endfacet
  facet normal 0.0491484 -0.998791 0
    outer loop
      vertex 5.35 53.45 4
      vertex 5.26668 53.4459 0.599999
      vertex 5.35 53.45 0.599999
    endloop
  endfacet
  facet normal -0.243354 -0.969938 0
    outer loop
      vertex 5.51583 53.4337 0.599999
      vertex 5.59674 53.4134 4
      vertex 5.51583 53.4337 4
    endloop
  endfacet
  facet normal -0.243354 -0.969938 -0
    outer loop
      vertex 5.59674 53.4134 4
      vertex 5.51583 53.4337 0.599999
      vertex 5.59674 53.4134 0.599999
    endloop
  endfacet
  facet normal -0.146253 -0.989247 0
    outer loop
      vertex 5.43331 53.4459 0.599999
      vertex 5.51583 53.4337 4
      vertex 5.43331 53.4459 4
    endloop
  endfacet
  facet normal -0.146253 -0.989247 -0
    outer loop
      vertex 5.51583 53.4337 4
      vertex 5.43331 53.4459 0.599999
      vertex 5.51583 53.4337 0.599999
    endloop
  endfacet
  facet normal -0.427885 -0.903833 0
    outer loop
      vertex 5.67528 53.3853 0.599999
      vertex 5.75069 53.3496 4
      vertex 5.67528 53.3853 4
    endloop
  endfacet
  facet normal -0.427885 -0.903833 -0
    outer loop
      vertex 5.75069 53.3496 4
      vertex 5.67528 53.3853 0.599999
      vertex 5.75069 53.3496 0.599999
    endloop
  endfacet
  facet normal -0.594998 -0.803727 0
    outer loop
      vertex 5.82223 53.3067 0.599999
      vertex 5.88923 53.2571 4
      vertex 5.82223 53.3067 4
    endloop
  endfacet
  facet normal -0.594998 -0.803727 -0
    outer loop
      vertex 5.88923 53.2571 4
      vertex 5.82223 53.3067 0.599999
      vertex 5.88923 53.2571 0.599999
    endloop
  endfacet
  facet normal 0.998797 0.0490406 0
    outer loop
      vertex 4.50409 52.5167 4
      vertex 4.5 52.6 0.599999
      vertex 4.5 52.6 4
    endloop
  endfacet
  facet normal 0.998797 0.0490406 0
    outer loop
      vertex 4.5 52.6 0.599999
      vertex 4.50409 52.5167 4
      vertex 4.50409 52.5167 0.599999
    endloop
  endfacet
  facet normal 0.970015 -0.243043 0
    outer loop
      vertex 4.51633 52.7658 4
      vertex 4.5366 52.8467 0.599999
      vertex 4.5366 52.8467 4
    endloop
  endfacet
  facet normal 0.970015 -0.243043 0
    outer loop
      vertex 4.5366 52.8467 0.599999
      vertex 4.51633 52.7658 4
      vertex 4.51633 52.7658 0.599999
    endloop
  endfacet
  facet normal 0.989173 -0.146757 0
    outer loop
      vertex 4.50409 52.6833 4
      vertex 4.51633 52.7658 0.599999
      vertex 4.51633 52.7658 4
    endloop
  endfacet
  facet normal 0.989173 -0.146757 0
    outer loop
      vertex 4.51633 52.7658 0.599999
      vertex 4.50409 52.6833 4
      vertex 4.50409 52.6833 0.599999
    endloop
  endfacet
  facet normal 0.90395 -0.427638 0
    outer loop
      vertex 4.5647 52.9253 4
      vertex 4.60037 53.0007 0.599999
      vertex 4.60037 53.0007 4
    endloop
  endfacet
  facet normal 0.90395 -0.427638 0
    outer loop
      vertex 4.60037 53.0007 0.599999
      vertex 4.5647 52.9253 4
      vertex 4.5647 52.9253 0.599999
    endloop
  endfacet
  facet normal 0.857599 -0.514319 0
    outer loop
      vertex 4.60037 53.0007 4
      vertex 4.64325 53.0722 0.599999
      vertex 4.64325 53.0722 4
    endloop
  endfacet
  facet normal 0.857599 -0.514319 0
    outer loop
      vertex 4.64325 53.0722 0.599999
      vertex 4.60037 53.0007 4
      vertex 4.60037 53.0007 0.599999
    endloop
  endfacet
  facet normal 0.336868 -0.941552 0
    outer loop
      vertex 5.02472 53.3853 0.599999
      vertex 5.10326 53.4134 4
      vertex 5.02472 53.3853 4
    endloop
  endfacet
  facet normal 0.336868 -0.941552 0
    outer loop
      vertex 5.10326 53.4134 4
      vertex 5.02472 53.3853 0.599999
      vertex 5.10326 53.4134 0.599999
    endloop
  endfacet
  facet normal 0.146271 -0.989245 0
    outer loop
      vertex 5.18417 53.4337 0.599999
      vertex 5.26668 53.4459 4
      vertex 5.18417 53.4337 4
    endloop
  endfacet
  facet normal 0.146271 -0.989245 0
    outer loop
      vertex 5.26668 53.4459 4
      vertex 5.18417 53.4337 0.599999
      vertex 5.26668 53.4459 0.599999
    endloop
  endfacet
  facet normal 0.595055 -0.803685 0
    outer loop
      vertex 4.81077 53.2571 0.599999
      vertex 4.87776 53.3067 4
      vertex 4.81077 53.2571 4
    endloop
  endfacet
  facet normal 0.595055 -0.803685 0
    outer loop
      vertex 4.87776 53.3067 4
      vertex 4.81077 53.2571 0.599999
      vertex 4.87776 53.3067 0.599999
    endloop
  endfacet
  facet normal 0.672076 -0.740482 0
    outer loop
      vertex 4.74896 53.201 0.599999
      vertex 4.81077 53.2571 4
      vertex 4.74896 53.201 4
    endloop
  endfacet
  facet normal 0.672076 -0.740482 0
    outer loop
      vertex 4.81077 53.2571 4
      vertex 4.74896 53.201 0.599999
      vertex 4.81077 53.2571 0.599999
    endloop
  endfacet
  facet normal 0.514231 -0.857652 0
    outer loop
      vertex 4.87776 53.3067 0.599999
      vertex 4.94931 53.3496 4
      vertex 4.87776 53.3067 4
    endloop
  endfacet
  facet normal 0.514231 -0.857652 0
    outer loop
      vertex 4.94931 53.3496 4
      vertex 4.87776 53.3067 0.599999
      vertex 4.94931 53.3496 0.599999
    endloop
  endfacet
  facet normal 0.740905 -0.67161 0
    outer loop
      vertex 4.69294 53.1392 4
      vertex 4.74896 53.201 0.599999
      vertex 4.74896 53.201 4
    endloop
  endfacet
  facet normal 0.740905 -0.67161 0
    outer loop
      vertex 4.74896 53.201 0.599999
      vertex 4.69294 53.1392 4
      vertex 4.69294 53.1392 0.599999
    endloop
  endfacet
  facet normal -0.998797 -0.0490406 0
    outer loop
      vertex 6.2 52.6 0.599999
      vertex 6.19591 52.6833 4
      vertex 6.19591 52.6833 0.599999
    endloop
  endfacet
  facet normal -0.998797 -0.0490406 0
    outer loop
      vertex 6.19591 52.6833 4
      vertex 6.2 52.6 0.599999
      vertex 6.2 52.6 4
    endloop
  endfacet
  facet normal -0.970015 0.243043 0
    outer loop
      vertex 6.1634 52.3533 0.599999
      vertex 6.18367 52.4342 4
      vertex 6.18367 52.4342 0.599999
    endloop
  endfacet
  facet normal -0.970015 0.243043 0
    outer loop
      vertex 6.18367 52.4342 4
      vertex 6.1634 52.3533 0.599999
      vertex 6.1634 52.3533 4
    endloop
  endfacet
  facet normal 0.989173 0.146757 0
    outer loop
      vertex 4.51633 52.4342 4
      vertex 4.50409 52.5167 0.599999
      vertex 4.50409 52.5167 4
    endloop
  endfacet
  facet normal 0.989173 0.146757 0
    outer loop
      vertex 4.50409 52.5167 0.599999
      vertex 4.51633 52.4342 4
      vertex 4.51633 52.4342 0.599999
    endloop
  endfacet
  facet normal 0.970015 0.243043 0
    outer loop
      vertex 4.5366 52.3533 4
      vertex 4.51633 52.4342 0.599999
      vertex 4.51633 52.4342 4
    endloop
  endfacet
  facet normal 0.970015 0.243043 0
    outer loop
      vertex 4.51633 52.4342 0.599999
      vertex 4.5366 52.3533 4
      vertex 4.5366 52.3533 0.599999
    endloop
  endfacet
  facet normal -0.146253 0.989247 0
    outer loop
      vertex 5.51583 51.7663 0.599999
      vertex 5.43331 51.7541 4
      vertex 5.51583 51.7663 4
    endloop
  endfacet
  facet normal -0.146253 0.989247 0
    outer loop
      vertex 5.43331 51.7541 4
      vertex 5.51583 51.7663 0.599999
      vertex 5.43331 51.7541 0.599999
    endloop
  endfacet
  facet normal -0.90395 -0.427638 0
    outer loop
      vertex 6.1353 52.9253 0.599999
      vertex 6.09963 53.0007 4
      vertex 6.09963 53.0007 0.599999
    endloop
  endfacet
  facet normal -0.90395 -0.427638 0
    outer loop
      vertex 6.09963 53.0007 4
      vertex 6.1353 52.9253 0.599999
      vertex 6.1353 52.9253 4
    endloop
  endfacet
  facet normal -0.941633 -0.33664 0
    outer loop
      vertex 6.1634 52.8467 0.599999
      vertex 6.1353 52.9253 4
      vertex 6.1353 52.9253 0.599999
    endloop
  endfacet
  facet normal -0.941633 -0.33664 0
    outer loop
      vertex 6.1353 52.9253 4
      vertex 6.1634 52.8467 0.599999
      vertex 6.1634 52.8467 4
    endloop
  endfacet
  facet normal -0.740905 -0.67161 0
    outer loop
      vertex 6.00706 53.1392 0.599999
      vertex 5.95104 53.201 4
      vertex 5.95104 53.201 0.599999
    endloop
  endfacet
  facet normal -0.740905 -0.67161 0
    outer loop
      vertex 5.95104 53.201 4
      vertex 6.00706 53.1392 0.599999
      vertex 6.00706 53.1392 4
    endloop
  endfacet
  facet normal -0.0491543 -0.998791 0
    outer loop
      vertex 5.35 53.45 0.599999
      vertex 5.43331 53.4459 4
      vertex 5.35 53.45 4
    endloop
  endfacet
  facet normal -0.0491543 -0.998791 -0
    outer loop
      vertex 5.43331 53.4459 4
      vertex 5.35 53.45 0.599999
      vertex 5.43331 53.4459 0.599999
    endloop
  endfacet
  facet normal 0.998797 -0.0490406 0
    outer loop
      vertex 4.5 52.6 4
      vertex 4.50409 52.6833 0.599999
      vertex 4.50409 52.6833 4
    endloop
  endfacet
  facet normal 0.998797 -0.0490406 0
    outer loop
      vertex 4.50409 52.6833 0.599999
      vertex 4.5 52.6 4
      vertex 4.5 52.6 0.599999
    endloop
  endfacet
  facet normal -0.740905 0.67161 0
    outer loop
      vertex 5.95104 51.999 0.599999
      vertex 6.00706 52.0608 4
      vertex 6.00706 52.0608 0.599999
    endloop
  endfacet
  facet normal -0.740905 0.67161 0
    outer loop
      vertex 6.00706 52.0608 4
      vertex 5.95104 51.999 0.599999
      vertex 5.95104 51.999 4
    endloop
  endfacet
  facet normal -0.90395 0.427638 0
    outer loop
      vertex 6.09963 52.1993 0.599999
      vertex 6.1353 52.2747 4
      vertex 6.1353 52.2747 0.599999
    endloop
  endfacet
  facet normal -0.90395 0.427638 0
    outer loop
      vertex 6.1353 52.2747 4
      vertex 6.09963 52.1993 0.599999
      vertex 6.09963 52.1993 4
    endloop
  endfacet
  facet normal 0.146271 0.989245 -0
    outer loop
      vertex 5.26668 51.7541 0.599999
      vertex 5.18417 51.7663 4
      vertex 5.26668 51.7541 4
    endloop
  endfacet
  facet normal 0.146271 0.989245 0
    outer loop
      vertex 5.18417 51.7663 4
      vertex 5.26668 51.7541 0.599999
      vertex 5.18417 51.7663 0.599999
    endloop
  endfacet
  facet normal -0.336868 0.941552 0
    outer loop
      vertex 5.67528 51.8147 0.599999
      vertex 5.59674 51.7866 4
      vertex 5.67528 51.8147 4
    endloop
  endfacet
  facet normal -0.336868 0.941552 0
    outer loop
      vertex 5.59674 51.7866 4
      vertex 5.67528 51.8147 0.599999
      vertex 5.59674 51.7866 0.599999
    endloop
  endfacet
  facet normal -0.243354 0.969938 0
    outer loop
      vertex 5.59674 51.7866 0.599999
      vertex 5.51583 51.7663 4
      vertex 5.59674 51.7866 4
    endloop
  endfacet
  facet normal -0.243354 0.969938 0
    outer loop
      vertex 5.51583 51.7663 4
      vertex 5.59674 51.7866 0.599999
      vertex 5.51583 51.7663 0.599999
    endloop
  endfacet
  facet normal -0.427885 0.903833 0
    outer loop
      vertex 5.75069 51.8504 0.599999
      vertex 5.67528 51.8147 4
      vertex 5.75069 51.8504 4
    endloop
  endfacet
  facet normal -0.427885 0.903833 0
    outer loop
      vertex 5.67528 51.8147 4
      vertex 5.75069 51.8504 0.599999
      vertex 5.67528 51.8147 0.599999
    endloop
  endfacet
  facet normal -0.970015 -0.243043 0
    outer loop
      vertex 6.18367 52.7658 0.599999
      vertex 6.1634 52.8467 4
      vertex 6.1634 52.8467 0.599999
    endloop
  endfacet
  facet normal -0.970015 -0.243043 0
    outer loop
      vertex 6.1634 52.8467 4
      vertex 6.18367 52.7658 0.599999
      vertex 6.18367 52.7658 4
    endloop
  endfacet
  facet normal -0.989173 0.146757 0
    outer loop
      vertex 6.18367 52.4342 0.599999
      vertex 6.19591 52.5167 4
      vertex 6.19591 52.5167 0.599999
    endloop
  endfacet
  facet normal -0.989173 0.146757 0
    outer loop
      vertex 6.19591 52.5167 4
      vertex 6.18367 52.4342 0.599999
      vertex 6.18367 52.4342 4
    endloop
  endfacet
  facet normal -0.672076 0.740482 0
    outer loop
      vertex 5.95104 51.999 0.599999
      vertex 5.88923 51.9429 4
      vertex 5.95104 51.999 4
    endloop
  endfacet
  facet normal -0.672076 0.740482 0
    outer loop
      vertex 5.88923 51.9429 4
      vertex 5.95104 51.999 0.599999
      vertex 5.88923 51.9429 0.599999
    endloop
  endfacet
  facet normal -0.595772 0.803154 0
    outer loop
      vertex 5.88923 51.9429 0.599999
      vertex 5.82223 51.8932 4
      vertex 5.88923 51.9429 4
    endloop
  endfacet
  facet normal -0.595772 0.803154 0
    outer loop
      vertex 5.82223 51.8932 4
      vertex 5.88923 51.9429 0.599999
      vertex 5.82223 51.8932 0.599999
    endloop
  endfacet
  facet normal -0.513402 0.858148 0
    outer loop
      vertex 5.82223 51.8932 0.599999
      vertex 5.75069 51.8504 4
      vertex 5.82223 51.8932 4
    endloop
  endfacet
  facet normal -0.513402 0.858148 0
    outer loop
      vertex 5.75069 51.8504 4
      vertex 5.82223 51.8932 0.599999
      vertex 5.75069 51.8504 0.599999
    endloop
  endfacet
  facet normal -0.803211 0.595695 0
    outer loop
      vertex 6.00706 52.0608 0.599999
      vertex 6.05675 52.1278 4
      vertex 6.05675 52.1278 0.599999
    endloop
  endfacet
  facet normal -0.803211 0.595695 0
    outer loop
      vertex 6.05675 52.1278 4
      vertex 6.00706 52.0608 0.599999
      vertex 6.00706 52.0608 4
    endloop
  endfacet
  facet normal -0.857599 0.514319 0
    outer loop
      vertex 6.05675 52.1278 0.599999
      vertex 6.09963 52.1993 4
      vertex 6.09963 52.1993 0.599999
    endloop
  endfacet
  facet normal -0.857599 0.514319 0
    outer loop
      vertex 6.09963 52.1993 4
      vertex 6.05675 52.1278 0.599999
      vertex 6.05675 52.1278 4
    endloop
  endfacet
  facet normal -0.941633 0.33664 0
    outer loop
      vertex 6.1353 52.2747 0.599999
      vertex 6.1634 52.3533 4
      vertex 6.1634 52.3533 0.599999
    endloop
  endfacet
  facet normal -0.941633 0.33664 0
    outer loop
      vertex 6.1634 52.3533 4
      vertex 6.1353 52.2747 0.599999
      vertex 6.1353 52.2747 4
    endloop
  endfacet
  facet normal 0.427885 0.903833 -0
    outer loop
      vertex 5.02472 51.8147 0.599999
      vertex 4.94931 51.8504 4
      vertex 5.02472 51.8147 4
    endloop
  endfacet
  facet normal 0.427885 0.903833 0
    outer loop
      vertex 4.94931 51.8504 4
      vertex 5.02472 51.8147 0.599999
      vertex 4.94931 51.8504 0.599999
    endloop
  endfacet
  facet normal 0.0491484 0.998791 -0
    outer loop
      vertex 5.35 51.75 0.599999
      vertex 5.26668 51.7541 4
      vertex 5.35 51.75 4
    endloop
  endfacet
  facet normal 0.0491484 0.998791 0
    outer loop
      vertex 5.26668 51.7541 4
      vertex 5.35 51.75 0.599999
      vertex 5.26668 51.7541 0.599999
    endloop
  endfacet
  facet normal -0.0491543 0.998791 0
    outer loop
      vertex 5.43331 51.7541 0.599999
      vertex 5.35 51.75 4
      vertex 5.43331 51.7541 4
    endloop
  endfacet
  facet normal -0.0491543 0.998791 0
    outer loop
      vertex 5.35 51.75 4
      vertex 5.43331 51.7541 0.599999
      vertex 5.35 51.75 0.599999
    endloop
  endfacet
  facet normal 0.857599 0.514319 0
    outer loop
      vertex 4.64325 52.1278 4
      vertex 4.60037 52.1993 0.599999
      vertex 4.60037 52.1993 4
    endloop
  endfacet
  facet normal 0.857599 0.514319 0
    outer loop
      vertex 4.60037 52.1993 0.599999
      vertex 4.64325 52.1278 4
      vertex 4.64325 52.1278 0.599999
    endloop
  endfacet
  facet normal 0.941633 0.33664 0
    outer loop
      vertex 4.5647 52.2747 4
      vertex 4.5366 52.3533 0.599999
      vertex 4.5366 52.3533 4
    endloop
  endfacet
  facet normal 0.941633 0.33664 0
    outer loop
      vertex 4.5366 52.3533 0.599999
      vertex 4.5647 52.2747 4
      vertex 4.5647 52.2747 0.599999
    endloop
  endfacet
  facet normal 0.90395 0.427638 0
    outer loop
      vertex 4.60037 52.1993 4
      vertex 4.5647 52.2747 0.599999
      vertex 4.5647 52.2747 4
    endloop
  endfacet
  facet normal 0.90395 0.427638 0
    outer loop
      vertex 4.5647 52.2747 0.599999
      vertex 4.60037 52.1993 4
      vertex 4.60037 52.1993 0.599999
    endloop
  endfacet
  facet normal 0.740905 0.67161 0
    outer loop
      vertex 4.74896 51.999 4
      vertex 4.69294 52.0608 0.599999
      vertex 4.69294 52.0608 4
    endloop
  endfacet
  facet normal 0.740905 0.67161 0
    outer loop
      vertex 4.69294 52.0608 0.599999
      vertex 4.74896 51.999 4
      vertex 4.74896 51.999 0.599999
    endloop
  endfacet
  facet normal 0.803211 0.595695 0
    outer loop
      vertex 4.69294 52.0608 4
      vertex 4.64325 52.1278 0.599999
      vertex 4.64325 52.1278 4
    endloop
  endfacet
  facet normal 0.803211 0.595695 0
    outer loop
      vertex 4.64325 52.1278 0.599999
      vertex 4.69294 52.0608 4
      vertex 4.69294 52.0608 0.599999
    endloop
  endfacet
  facet normal 0.672076 0.740482 -0
    outer loop
      vertex 4.81077 51.9429 0.599999
      vertex 4.74896 51.999 4
      vertex 4.81077 51.9429 4
    endloop
  endfacet
  facet normal 0.672076 0.740482 0
    outer loop
      vertex 4.74896 51.999 4
      vertex 4.81077 51.9429 0.599999
      vertex 4.74896 51.999 0.599999
    endloop
  endfacet
  facet normal 0.513349 0.85818 -0
    outer loop
      vertex 4.94931 51.8504 0.599999
      vertex 4.87776 51.8932 4
      vertex 4.94931 51.8504 4
    endloop
  endfacet
  facet normal 0.513349 0.85818 0
    outer loop
      vertex 4.87776 51.8932 4
      vertex 4.94931 51.8504 0.599999
      vertex 4.87776 51.8932 0.599999
    endloop
  endfacet
  facet normal 0.595829 0.803111 -0
    outer loop
      vertex 4.87776 51.8932 0.599999
      vertex 4.81077 51.9429 4
      vertex 4.87776 51.8932 4
    endloop
  endfacet
  facet normal 0.595829 0.803111 0
    outer loop
      vertex 4.81077 51.9429 4
      vertex 4.87776 51.8932 0.599999
      vertex 4.81077 51.9429 0.599999
    endloop
  endfacet
  facet normal 0.243354 0.969938 -0
    outer loop
      vertex 5.18417 51.7663 0.599999
      vertex 5.10326 51.7866 4
      vertex 5.18417 51.7663 4
    endloop
  endfacet
  facet normal 0.243354 0.969938 0
    outer loop
      vertex 5.10326 51.7866 4
      vertex 5.18417 51.7663 0.599999
      vertex 5.10326 51.7866 0.599999
    endloop
  endfacet
  facet normal 0.336868 0.941552 -0
    outer loop
      vertex 5.10326 51.7866 0.599999
      vertex 5.02472 51.8147 4
      vertex 5.10326 51.7866 4
    endloop
  endfacet
  facet normal 0.336868 0.941552 0
    outer loop
      vertex 5.02472 51.8147 4
      vertex 5.10326 51.7866 0.599999
      vertex 5.02472 51.8147 0.599999
    endloop
  endfacet
  facet normal -0.857493 -0.514496 0
    outer loop
      vertex 36.0996 53.0007 0.599999
      vertex 36.0567 53.0722 4
      vertex 36.0567 53.0722 0.599999
    endloop
  endfacet
  facet normal -0.857493 -0.514496 0
    outer loop
      vertex 36.0567 53.0722 4
      vertex 36.0996 53.0007 0.599999
      vertex 36.0996 53.0007 4
    endloop
  endfacet
  facet normal -0.33664 -0.941633 0
    outer loop
      vertex 35.5967 53.4134 0.599999
      vertex 35.6753 53.3853 4
      vertex 35.5967 53.4134 4
    endloop
  endfacet
  facet normal -0.33664 -0.941633 -0
    outer loop
      vertex 35.6753 53.3853 4
      vertex 35.5967 53.4134 0.599999
      vertex 35.6753 53.3853 0.599999
    endloop
  endfacet
  facet normal 0.427932 -0.903811 0
    outer loop
      vertex 34.9493 53.3496 0.599999
      vertex 35.0247 53.3853 4
      vertex 34.9493 53.3496 4
    endloop
  endfacet
  facet normal 0.427932 -0.903811 0
    outer loop
      vertex 35.0247 53.3853 4
      vertex 34.9493 53.3496 0.599999
      vertex 35.0247 53.3853 0.599999
    endloop
  endfacet
  facet normal 0.941633 -0.33664 0
    outer loop
      vertex 34.5366 52.8467 4
      vertex 34.5647 52.9253 0.599999
      vertex 34.5647 52.9253 4
    endloop
  endfacet
  facet normal 0.941633 -0.33664 0
    outer loop
      vertex 34.5647 52.9253 0.599999
      vertex 34.5366 52.8467 4
      vertex 34.5366 52.8467 0.599999
    endloop
  endfacet
  facet normal -0.998791 0.0491602 0
    outer loop
      vertex 36.1959 52.5167 0.599999
      vertex 36.2 52.6 4
      vertex 36.2 52.6 0.599999
    endloop
  endfacet
  facet normal -0.998791 0.0491602 0
    outer loop
      vertex 36.2 52.6 4
      vertex 36.1959 52.5167 0.599999
      vertex 36.1959 52.5167 4
    endloop
  endfacet
  facet normal -0.0491602 -0.998791 0
    outer loop
      vertex 35.35 53.45 0.599999
      vertex 35.4333 53.4459 4
      vertex 35.35 53.45 4
    endloop
  endfacet
  facet normal -0.0491602 -0.998791 -0
    outer loop
      vertex 35.4333 53.4459 4
      vertex 35.35 53.45 0.599999
      vertex 35.4333 53.4459 0.599999
    endloop
  endfacet
  facet normal -0.514496 -0.857493 0
    outer loop
      vertex 35.7507 53.3496 0.599999
      vertex 35.8222 53.3067 4
      vertex 35.7507 53.3496 4
    endloop
  endfacet
  facet normal -0.514496 -0.857493 -0
    outer loop
      vertex 35.8222 53.3067 4
      vertex 35.7507 53.3496 0.599999
      vertex 35.8222 53.3067 0.599999
    endloop
  endfacet
  facet normal 0 0 1
    outer loop
      vertex 36.1959 52.6833 0.599999
      vertex 36.1959 52.5167 0.599999
      vertex 36.2 52.6 0.599999
    endloop
  endfacet
  facet normal 0 0 1
    outer loop
      vertex 36.1837 52.7658 0.599999
      vertex 36.1959 52.5167 0.599999
      vertex 36.1959 52.6833 0.599999
    endloop
  endfacet
  facet normal 0 0 1
    outer loop
      vertex 36.1837 52.7658 0.599999
      vertex 36.1837 52.4342 0.599999
      vertex 36.1959 52.5167 0.599999
    endloop
  endfacet
  facet normal 0 0 1
    outer loop
      vertex 36.1634 52.8467 0.599999
      vertex 36.1837 52.4342 0.599999
      vertex 36.1837 52.7658 0.599999
    endloop
  endfacet
  facet normal 0 0 1
    outer loop
      vertex 36.1634 52.8467 0.599999
      vertex 36.1634 52.3533 0.599999
      vertex 36.1837 52.4342 0.599999
    endloop
  endfacet
  facet normal 0 0 1
    outer loop
      vertex 36.1353 52.9253 0.599999
      vertex 36.1634 52.3533 0.599999
      vertex 36.1634 52.8467 0.599999
    endloop
  endfacet
  facet normal 0 0 1
    outer loop
      vertex 36.1353 52.9253 0.599999
      vertex 36.1353 52.2747 0.599999
      vertex 36.1634 52.3533 0.599999
    endloop
  endfacet
  facet normal 0 0 1
    outer loop
      vertex 36.0996 53.0007 0.599999
      vertex 36.1353 52.2747 0.599999
      vertex 36.1353 52.9253 0.599999
    endloop
  endfacet
  facet normal 0 0 1
    outer loop
      vertex 36.0996 53.0007 0.599999
      vertex 36.0996 52.1993 0.599999
      vertex 36.1353 52.2747 0.599999
    endloop
  endfacet
  facet normal 0 0 1
    outer loop
      vertex 36.0567 53.0722 0.599999
      vertex 36.0996 52.1993 0.599999
      vertex 36.0996 53.0007 0.599999
    endloop
  endfacet
  facet normal 0 0 1
    outer loop
      vertex 36.0567 53.0722 0.599999
      vertex 36.0567 52.1278 0.599999
      vertex 36.0996 52.1993 0.599999
    endloop
  endfacet
  facet normal 0 0 1
    outer loop
      vertex 36.0071 53.1392 0.599999
      vertex 36.0567 52.1278 0.599999
      vertex 36.0567 53.0722 0.599999
    endloop
  endfacet
  facet normal 0 0 1
    outer loop
      vertex 36.0071 53.1392 0.599999
      vertex 36.0071 52.0608 0.599999
      vertex 36.0567 52.1278 0.599999
    endloop
  endfacet
  facet normal 0 0 1
    outer loop
      vertex 35.951 53.201 0.599999
      vertex 36.0071 52.0608 0.599999
      vertex 36.0071 53.1392 0.599999
    endloop
  endfacet
  facet normal 0 0 1
    outer loop
      vertex 35.951 53.201 0.599999
      vertex 35.951 51.999 0.599999
      vertex 36.0071 52.0608 0.599999
    endloop
  endfacet
  facet normal 0 0 1
    outer loop
      vertex 35.8892 53.2571 0.599999
      vertex 35.951 51.999 0.599999
      vertex 35.951 53.201 0.599999
    endloop
  endfacet
  facet normal 0 0 1
    outer loop
      vertex 35.8892 53.2571 0.599999
      vertex 35.8892 51.9429 0.599999
      vertex 35.951 51.999 0.599999
    endloop
  endfacet
  facet normal 0 0 1
    outer loop
      vertex 35.8222 53.3067 0.599999
      vertex 35.8892 51.9429 0.599999
      vertex 35.8892 53.2571 0.599999
    endloop
  endfacet
  facet normal 0 0 1
    outer loop
      vertex 35.8222 53.3067 0.599999
      vertex 35.8222 51.8932 0.599999
      vertex 35.8892 51.9429 0.599999
    endloop
  endfacet
  facet normal 0 0 1
    outer loop
      vertex 35.7507 53.3496 0.599999
      vertex 35.8222 51.8932 0.599999
      vertex 35.8222 53.3067 0.599999
    endloop
  endfacet
  facet normal 0 0 1
    outer loop
      vertex 35.7507 53.3496 0.599999
      vertex 35.7507 51.8504 0.599999
      vertex 35.8222 51.8932 0.599999
    endloop
  endfacet
  facet normal 0 0 1
    outer loop
      vertex 35.6753 53.3853 0.599999
      vertex 35.7507 51.8504 0.599999
      vertex 35.7507 53.3496 0.599999
    endloop
  endfacet
  facet normal 0 0 1
    outer loop
      vertex 35.6753 53.3853 0.599999
      vertex 35.6753 51.8147 0.599999
      vertex 35.7507 51.8504 0.599999
    endloop
  endfacet
  facet normal 0 0 1
    outer loop
      vertex 35.5967 53.4134 0.599999
      vertex 35.6753 51.8147 0.599999
      vertex 35.6753 53.3853 0.599999
    endloop
  endfacet
  facet normal 0 0 1
    outer loop
      vertex 35.5967 53.4134 0.599999
      vertex 35.5967 51.7866 0.599999
      vertex 35.6753 51.8147 0.599999
    endloop
  endfacet
  facet normal 0 0 1
    outer loop
      vertex 35.5158 53.4337 0.599999
      vertex 35.5967 51.7866 0.599999
      vertex 35.5967 53.4134 0.599999
    endloop
  endfacet
  facet normal 0 0 1
    outer loop
      vertex 35.5158 53.4337 0.599999
      vertex 35.5158 51.7663 0.599999
      vertex 35.5967 51.7866 0.599999
    endloop
  endfacet
  facet normal 0 0 1
    outer loop
      vertex 35.4333 53.4459 0.599999
      vertex 35.5158 51.7663 0.599999
      vertex 35.5158 53.4337 0.599999
    endloop
  endfacet
  facet normal 0 0 1
    outer loop
      vertex 35.4333 53.4459 0.599999
      vertex 35.4333 51.7541 0.599999
      vertex 35.5158 51.7663 0.599999
    endloop
  endfacet
  facet normal 0 0 1
    outer loop
      vertex 35.35 53.45 0.599999
      vertex 35.4333 51.7541 0.599999
      vertex 35.4333 53.4459 0.599999
    endloop
  endfacet
  facet normal 0 0 1
    outer loop
      vertex 35.35 53.45 0.599999
      vertex 35.35 51.75 0.599999
      vertex 35.4333 51.7541 0.599999
    endloop
  endfacet
  facet normal -0 0 1
    outer loop
      vertex 35.2667 53.4459 0.599999
      vertex 35.35 51.75 0.599999
      vertex 35.35 53.45 0.599999
    endloop
  endfacet
  facet normal 0 0 1
    outer loop
      vertex 35.2667 53.4459 0.599999
      vertex 35.2667 51.7541 0.599999
      vertex 35.35 51.75 0.599999
    endloop
  endfacet
  facet normal -0 0 1
    outer loop
      vertex 35.1842 53.4337 0.599999
      vertex 35.2667 51.7541 0.599999
      vertex 35.2667 53.4459 0.599999
    endloop
  endfacet
  facet normal 0 0 1
    outer loop
      vertex 35.1842 53.4337 0.599999
      vertex 35.1842 51.7663 0.599999
      vertex 35.2667 51.7541 0.599999
    endloop
  endfacet
  facet normal -0 0 1
    outer loop
      vertex 35.1033 53.4134 0.599999
      vertex 35.1842 51.7663 0.599999
      vertex 35.1842 53.4337 0.599999
    endloop
  endfacet
  facet normal 0 0 1
    outer loop
      vertex 35.1033 53.4134 0.599999
      vertex 35.1033 51.7866 0.599999
      vertex 35.1842 51.7663 0.599999
    endloop
  endfacet
  facet normal -0 0 1
    outer loop
      vertex 35.0247 53.3853 0.599999
      vertex 35.1033 51.7866 0.599999
      vertex 35.1033 53.4134 0.599999
    endloop
  endfacet
  facet normal 0 0 1
    outer loop
      vertex 35.0247 53.3853 0.599999
      vertex 35.0247 51.8147 0.599999
      vertex 35.1033 51.7866 0.599999
    endloop
  endfacet
  facet normal -0 0 1
    outer loop
      vertex 34.9493 53.3496 0.599999
      vertex 35.0247 51.8147 0.599999
      vertex 35.0247 53.3853 0.599999
    endloop
  endfacet
  facet normal 0 0 1
    outer loop
      vertex 34.9493 53.3496 0.599999
      vertex 34.9493 51.8504 0.599999
      vertex 35.0247 51.8147 0.599999
    endloop
  endfacet
  facet normal -0 0 1
    outer loop
      vertex 34.8778 53.3067 0.599999
      vertex 34.9493 51.8504 0.599999
      vertex 34.9493 53.3496 0.599999
    endloop
  endfacet
  facet normal 0 0 1
    outer loop
      vertex 34.8778 53.3067 0.599999
      vertex 34.8778 51.8932 0.599999
      vertex 34.9493 51.8504 0.599999
    endloop
  endfacet
  facet normal -0 0 1
    outer loop
      vertex 34.8108 53.2571 0.599999
      vertex 34.8778 51.8932 0.599999
      vertex 34.8778 53.3067 0.599999
    endloop
  endfacet
  facet normal 0 0 1
    outer loop
      vertex 34.8108 53.2571 0.599999
      vertex 34.8108 51.9429 0.599999
      vertex 34.8778 51.8932 0.599999
    endloop
  endfacet
  facet normal -0 0 1
    outer loop
      vertex 34.749 53.201 0.599999
      vertex 34.8108 51.9429 0.599999
      vertex 34.8108 53.2571 0.599999
    endloop
  endfacet
  facet normal 0 0 1
    outer loop
      vertex 34.749 53.201 0.599999
      vertex 34.749 51.999 0.599999
      vertex 34.8108 51.9429 0.599999
    endloop
  endfacet
  facet normal -0 0 1
    outer loop
      vertex 34.6929 53.1392 0.599999
      vertex 34.749 51.999 0.599999
      vertex 34.749 53.201 0.599999
    endloop
  endfacet
  facet normal 0 0 1
    outer loop
      vertex 34.6929 53.1392 0.599999
      vertex 34.6929 52.0608 0.599999
      vertex 34.749 51.999 0.599999
    endloop
  endfacet
  facet normal -0 0 1
    outer loop
      vertex 34.6432 53.0722 0.599999
      vertex 34.6929 52.0608 0.599999
      vertex 34.6929 53.1392 0.599999
    endloop
  endfacet
  facet normal 0 0 1
    outer loop
      vertex 34.6432 53.0722 0.599999
      vertex 34.6432 52.1278 0.599999
      vertex 34.6929 52.0608 0.599999
    endloop
  endfacet
  facet normal -0 0 1
    outer loop
      vertex 34.6004 53.0007 0.599999
      vertex 34.6432 52.1278 0.599999
      vertex 34.6432 53.0722 0.599999
    endloop
  endfacet
  facet normal 0 0 1
    outer loop
      vertex 34.6004 53.0007 0.599999
      vertex 34.6004 52.1993 0.599999
      vertex 34.6432 52.1278 0.599999
    endloop
  endfacet
  facet normal -0 0 1
    outer loop
      vertex 34.5647 52.9253 0.599999
      vertex 34.6004 52.1993 0.599999
      vertex 34.6004 53.0007 0.599999
    endloop
  endfacet
  facet normal 0 0 1
    outer loop
      vertex 34.5647 52.9253 0.599999
      vertex 34.5647 52.2747 0.599999
      vertex 34.6004 52.1993 0.599999
    endloop
  endfacet
  facet normal -0 0 1
    outer loop
      vertex 34.5366 52.8467 0.599999
      vertex 34.5647 52.2747 0.599999
      vertex 34.5647 52.9253 0.599999
    endloop
  endfacet
  facet normal 0 0 1
    outer loop
      vertex 34.5366 52.8467 0.599999
      vertex 34.5366 52.3533 0.599999
      vertex 34.5647 52.2747 0.599999
    endloop
  endfacet
  facet normal -0 0 1
    outer loop
      vertex 34.5163 52.7658 0.599999
      vertex 34.5366 52.3533 0.599999
      vertex 34.5366 52.8467 0.599999
    endloop
  endfacet
  facet normal 0 0 1
    outer loop
      vertex 34.5163 52.7658 0.599999
      vertex 34.5163 52.4342 0.599999
      vertex 34.5366 52.3533 0.599999
    endloop
  endfacet
  facet normal -0 0 1
    outer loop
      vertex 34.5041 52.6833 0.599999
      vertex 34.5163 52.4342 0.599999
      vertex 34.5163 52.7658 0.599999
    endloop
  endfacet
  facet normal 0 0 1
    outer loop
      vertex 34.5041 52.6833 0.599999
      vertex 34.5041 52.5167 0.599999
      vertex 34.5163 52.4342 0.599999
    endloop
  endfacet
  facet normal 0 -0 1
    outer loop
      vertex 34.5041 52.5167 0.599999
      vertex 34.5041 52.6833 0.599999
      vertex 34.5 52.6 0.599999
    endloop
  endfacet
  facet normal 0.998791 -0.0491602 0
    outer loop
      vertex 34.5 52.6 4
      vertex 34.5041 52.6833 0.599999
      vertex 34.5041 52.6833 4
    endloop
  endfacet
  facet normal 0.998791 -0.0491602 0
    outer loop
      vertex 34.5041 52.6833 0.599999
      vertex 34.5 52.6 4
      vertex 34.5 52.6 0.599999
    endloop
  endfacet
  facet normal 0.803154 -0.595772 0
    outer loop
      vertex 34.6432 53.0722 4
      vertex 34.6929 53.1392 0.599999
      vertex 34.6929 53.1392 4
    endloop
  endfacet
  facet normal 0.803154 -0.595772 0
    outer loop
      vertex 34.6929 53.1392 0.599999
      vertex 34.6432 53.0722 4
      vertex 34.6432 53.0722 0.599999
    endloop
  endfacet
  facet normal 0.243382 -0.969931 0
    outer loop
      vertex 35.1033 53.4134 0.599999
      vertex 35.1842 53.4337 4
      vertex 35.1033 53.4134 4
    endloop
  endfacet
  facet normal 0.243382 -0.969931 0
    outer loop
      vertex 35.1842 53.4337 4
      vertex 35.1033 53.4134 0.599999
      vertex 35.1842 53.4337 0.599999
    endloop
  endfacet
  facet normal -0.513613 0.858022 0
    outer loop
      vertex 35.8222 51.8932 0.599999
      vertex 35.7507 51.8504 4
      vertex 35.8222 51.8932 4
    endloop
  endfacet
  facet normal -0.513613 0.858022 0
    outer loop
      vertex 35.7507 51.8504 4
      vertex 35.8222 51.8932 0.599999
      vertex 35.7507 51.8504 0.599999
    endloop
  endfacet
  facet normal 0.941633 0.33664 0
    outer loop
      vertex 34.5647 52.2747 4
      vertex 34.5366 52.3533 0.599999
      vertex 34.5366 52.3533 4
    endloop
  endfacet
  facet normal 0.941633 0.33664 0
    outer loop
      vertex 34.5366 52.3533 0.599999
      vertex 34.5647 52.2747 4
      vertex 34.5647 52.2747 0.599999
    endloop
  endfacet
  facet normal -0.989242 -0.146288 0
    outer loop
      vertex 36.1959 52.6833 0.599999
      vertex 36.1837 52.7658 4
      vertex 36.1837 52.7658 0.599999
    endloop
  endfacet
  facet normal -0.989242 -0.146288 0
    outer loop
      vertex 36.1837 52.7658 4
      vertex 36.1959 52.6833 0.599999
      vertex 36.1959 52.6833 4
    endloop
  endfacet
  facet normal -0.803727 -0.594998 0
    outer loop
      vertex 36.0567 53.0722 0.599999
      vertex 36.0071 53.1392 4
      vertex 36.0071 53.1392 0.599999
    endloop
  endfacet
  facet normal -0.803727 -0.594998 0
    outer loop
      vertex 36.0071 53.1392 4
      vertex 36.0567 53.0722 0.599999
      vertex 36.0567 53.0722 4
    endloop
  endfacet
  facet normal -0.672136 -0.740428 0
    outer loop
      vertex 35.8892 53.2571 0.599999
      vertex 35.951 53.201 4
      vertex 35.8892 53.2571 4
    endloop
  endfacet
  facet normal -0.672136 -0.740428 -0
    outer loop
      vertex 35.951 53.201 4
      vertex 35.8892 53.2571 0.599999
      vertex 35.951 53.201 0.599999
    endloop
  endfacet
  facet normal 0.0491602 -0.998791 0
    outer loop
      vertex 35.2667 53.4459 0.599999
      vertex 35.35 53.45 4
      vertex 35.2667 53.4459 4
    endloop
  endfacet
  facet normal 0.0491602 -0.998791 0
    outer loop
      vertex 35.35 53.45 4
      vertex 35.2667 53.4459 0.599999
      vertex 35.35 53.45 0.599999
    endloop
  endfacet
  facet normal -0.243382 -0.969931 0
    outer loop
      vertex 35.5158 53.4337 0.599999
      vertex 35.5967 53.4134 4
      vertex 35.5158 53.4337 4
    endloop
  endfacet
  facet normal -0.243382 -0.969931 -0
    outer loop
      vertex 35.5967 53.4134 4
      vertex 35.5158 53.4337 0.599999
      vertex 35.5967 53.4134 0.599999
    endloop
  endfacet
  facet normal -0.146288 -0.989242 0
    outer loop
      vertex 35.4333 53.4459 0.599999
      vertex 35.5158 53.4337 4
      vertex 35.4333 53.4459 4
    endloop
  endfacet
  facet normal -0.146288 -0.989242 -0
    outer loop
      vertex 35.5158 53.4337 4
      vertex 35.4333 53.4459 0.599999
      vertex 35.5158 53.4337 0.599999
    endloop
  endfacet
  facet normal -0.427932 -0.903811 0
    outer loop
      vertex 35.6753 53.3853 0.599999
      vertex 35.7507 53.3496 4
      vertex 35.6753 53.3853 4
    endloop
  endfacet
  facet normal -0.427932 -0.903811 -0
    outer loop
      vertex 35.7507 53.3496 4
      vertex 35.6753 53.3853 0.599999
      vertex 35.7507 53.3496 0.599999
    endloop
  endfacet
  facet normal -0.594998 -0.803727 0
    outer loop
      vertex 35.8222 53.3067 0.599999
      vertex 35.8892 53.2571 4
      vertex 35.8222 53.3067 4
    endloop
  endfacet
  facet normal -0.594998 -0.803727 -0
    outer loop
      vertex 35.8892 53.2571 4
      vertex 35.8222 53.3067 0.599999
      vertex 35.8892 53.2571 0.599999
    endloop
  endfacet
  facet normal 0.998791 0.0491602 0
    outer loop
      vertex 34.5041 52.5167 4
      vertex 34.5 52.6 0.599999
      vertex 34.5 52.6 4
    endloop
  endfacet
  facet normal 0.998791 0.0491602 0
    outer loop
      vertex 34.5 52.6 0.599999
      vertex 34.5041 52.5167 4
      vertex 34.5041 52.5167 0.599999
    endloop
  endfacet
  facet normal 0.969931 -0.243382 0
    outer loop
      vertex 34.5163 52.7658 4
      vertex 34.5366 52.8467 0.599999
      vertex 34.5366 52.8467 4
    endloop
  endfacet
  facet normal 0.969931 -0.243382 0
    outer loop
      vertex 34.5366 52.8467 0.599999
      vertex 34.5163 52.7658 4
      vertex 34.5163 52.7658 0.599999
    endloop
  endfacet
  facet normal 0.989242 -0.146288 0
    outer loop
      vertex 34.5041 52.6833 4
      vertex 34.5163 52.7658 0.599999
      vertex 34.5163 52.7658 4
    endloop
  endfacet
  facet normal 0.989242 -0.146288 0
    outer loop
      vertex 34.5163 52.7658 0.599999
      vertex 34.5041 52.6833 4
      vertex 34.5041 52.6833 0.599999
    endloop
  endfacet
  facet normal 0.903811 -0.427932 0
    outer loop
      vertex 34.5647 52.9253 4
      vertex 34.6004 53.0007 0.599999
      vertex 34.6004 53.0007 4
    endloop
  endfacet
  facet normal 0.903811 -0.427932 0
    outer loop
      vertex 34.6004 53.0007 0.599999
      vertex 34.5647 52.9253 4
      vertex 34.5647 52.9253 0.599999
    endloop
  endfacet
  facet normal 0.858022 -0.513613 0
    outer loop
      vertex 34.6004 53.0007 4
      vertex 34.6432 53.0722 0.599999
      vertex 34.6432 53.0722 4
    endloop
  endfacet
  facet normal 0.858022 -0.513613 0
    outer loop
      vertex 34.6432 53.0722 0.599999
      vertex 34.6004 53.0007 4
      vertex 34.6004 53.0007 0.599999
    endloop
  endfacet
  facet normal 0.33664 -0.941633 0
    outer loop
      vertex 35.0247 53.3853 0.599999
      vertex 35.1033 53.4134 4
      vertex 35.0247 53.3853 4
    endloop
  endfacet
  facet normal 0.33664 -0.941633 0
    outer loop
      vertex 35.1033 53.4134 4
      vertex 35.0247 53.3853 0.599999
      vertex 35.1033 53.4134 0.599999
    endloop
  endfacet
  facet normal 0.146288 -0.989242 0
    outer loop
      vertex 35.1842 53.4337 0.599999
      vertex 35.2667 53.4459 4
      vertex 35.1842 53.4337 4
    endloop
  endfacet
  facet normal 0.146288 -0.989242 0
    outer loop
      vertex 35.2667 53.4459 4
      vertex 35.1842 53.4337 0.599999
      vertex 35.2667 53.4459 0.599999
    endloop
  endfacet
  facet normal 0.594998 -0.803727 0
    outer loop
      vertex 34.8108 53.2571 0.599999
      vertex 34.8778 53.3067 4
      vertex 34.8108 53.2571 4
    endloop
  endfacet
  facet normal 0.594998 -0.803727 0
    outer loop
      vertex 34.8778 53.3067 4
      vertex 34.8108 53.2571 0.599999
      vertex 34.8778 53.3067 0.599999
    endloop
  endfacet
  facet normal 0.672136 -0.740428 0
    outer loop
      vertex 34.749 53.201 0.599999
      vertex 34.8108 53.2571 4
      vertex 34.749 53.201 4
    endloop
  endfacet
  facet normal 0.672136 -0.740428 0
    outer loop
      vertex 34.8108 53.2571 4
      vertex 34.749 53.201 0.599999
      vertex 34.8108 53.2571 0.599999
    endloop
  endfacet
  facet normal 0.514496 -0.857493 0
    outer loop
      vertex 34.8778 53.3067 0.599999
      vertex 34.9493 53.3496 4
      vertex 34.8778 53.3067 4
    endloop
  endfacet
  facet normal 0.514496 -0.857493 0
    outer loop
      vertex 34.9493 53.3496 4
      vertex 34.8778 53.3067 0.599999
      vertex 34.9493 53.3496 0.599999
    endloop
  endfacet
  facet normal 0.740428 -0.672136 0
    outer loop
      vertex 34.6929 53.1392 4
      vertex 34.749 53.201 0.599999
      vertex 34.749 53.201 4
    endloop
  endfacet
  facet normal 0.740428 -0.672136 0
    outer loop
      vertex 34.749 53.201 0.599999
      vertex 34.6929 53.1392 4
      vertex 34.6929 53.1392 0.599999
    endloop
  endfacet
  facet normal -0.998791 -0.0491602 0
    outer loop
      vertex 36.2 52.6 0.599999
      vertex 36.1959 52.6833 4
      vertex 36.1959 52.6833 0.599999
    endloop
  endfacet
  facet normal -0.998791 -0.0491602 0
    outer loop
      vertex 36.1959 52.6833 4
      vertex 36.2 52.6 0.599999
      vertex 36.2 52.6 4
    endloop
  endfacet
  facet normal -0.969931 0.243382 0
    outer loop
      vertex 36.1634 52.3533 0.599999
      vertex 36.1837 52.4342 4
      vertex 36.1837 52.4342 0.599999
    endloop
  endfacet
  facet normal -0.969931 0.243382 0
    outer loop
      vertex 36.1837 52.4342 4
      vertex 36.1634 52.3533 0.599999
      vertex 36.1634 52.3533 4
    endloop
  endfacet
  facet normal 0.989242 0.146288 0
    outer loop
      vertex 34.5163 52.4342 4
      vertex 34.5041 52.5167 0.599999
      vertex 34.5041 52.5167 4
    endloop
  endfacet
  facet normal 0.989242 0.146288 0
    outer loop
      vertex 34.5041 52.5167 0.599999
      vertex 34.5163 52.4342 4
      vertex 34.5163 52.4342 0.599999
    endloop
  endfacet
  facet normal 0.969931 0.243382 0
    outer loop
      vertex 34.5366 52.3533 4
      vertex 34.5163 52.4342 0.599999
      vertex 34.5163 52.4342 4
    endloop
  endfacet
  facet normal 0.969931 0.243382 0
    outer loop
      vertex 34.5163 52.4342 0.599999
      vertex 34.5366 52.3533 4
      vertex 34.5366 52.3533 0.599999
    endloop
  endfacet
  facet normal -0.146288 0.989242 0
    outer loop
      vertex 35.5158 51.7663 0.599999
      vertex 35.4333 51.7541 4
      vertex 35.5158 51.7663 4
    endloop
  endfacet
  facet normal -0.146288 0.989242 0
    outer loop
      vertex 35.4333 51.7541 4
      vertex 35.5158 51.7663 0.599999
      vertex 35.4333 51.7541 0.599999
    endloop
  endfacet
  facet normal -0.33664 0.941633 0
    outer loop
      vertex 35.6753 51.8147 0.599999
      vertex 35.5967 51.7866 4
      vertex 35.6753 51.8147 4
    endloop
  endfacet
  facet normal -0.33664 0.941633 0
    outer loop
      vertex 35.5967 51.7866 4
      vertex 35.6753 51.8147 0.599999
      vertex 35.5967 51.7866 0.599999
    endloop
  endfacet
  facet normal -0.903811 -0.427932 0
    outer loop
      vertex 36.1353 52.9253 0.599999
      vertex 36.0996 53.0007 4
      vertex 36.0996 53.0007 0.599999
    endloop
  endfacet
  facet normal -0.903811 -0.427932 0
    outer loop
      vertex 36.0996 53.0007 4
      vertex 36.1353 52.9253 0.599999
      vertex 36.1353 52.9253 4
    endloop
  endfacet
  facet normal -0.941633 -0.33664 0
    outer loop
      vertex 36.1634 52.8467 0.599999
      vertex 36.1353 52.9253 4
      vertex 36.1353 52.9253 0.599999
    endloop
  endfacet
  facet normal -0.941633 -0.33664 0
    outer loop
      vertex 36.1353 52.9253 4
      vertex 36.1634 52.8467 0.599999
      vertex 36.1634 52.8467 4
    endloop
  endfacet
  facet normal -0.740428 -0.672136 0
    outer loop
      vertex 36.0071 53.1392 0.599999
      vertex 35.951 53.201 4
      vertex 35.951 53.201 0.599999
    endloop
  endfacet
  facet normal -0.740428 -0.672136 0
    outer loop
      vertex 35.951 53.201 4
      vertex 36.0071 53.1392 0.599999
      vertex 36.0071 53.1392 4
    endloop
  endfacet
  facet normal -0.941633 0.33664 0
    outer loop
      vertex 36.1353 52.2747 0.599999
      vertex 36.1634 52.3533 4
      vertex 36.1634 52.3533 0.599999
    endloop
  endfacet
  facet normal -0.941633 0.33664 0
    outer loop
      vertex 36.1634 52.3533 4
      vertex 36.1353 52.2747 0.599999
      vertex 36.1353 52.2747 4
    endloop
  endfacet
  facet normal -0.740428 0.672136 0
    outer loop
      vertex 35.951 51.999 0.599999
      vertex 36.0071 52.0608 4
      vertex 36.0071 52.0608 0.599999
    endloop
  endfacet
  facet normal -0.740428 0.672136 0
    outer loop
      vertex 36.0071 52.0608 4
      vertex 35.951 51.999 0.599999
      vertex 35.951 51.999 4
    endloop
  endfacet
  facet normal -0.672136 0.740428 0
    outer loop
      vertex 35.951 51.999 0.599999
      vertex 35.8892 51.9429 4
      vertex 35.951 51.999 4
    endloop
  endfacet
  facet normal -0.672136 0.740428 0
    outer loop
      vertex 35.8892 51.9429 4
      vertex 35.951 51.999 0.599999
      vertex 35.8892 51.9429 0.599999
    endloop
  endfacet
  facet normal -0.903811 0.427932 0
    outer loop
      vertex 36.0996 52.1993 0.599999
      vertex 36.1353 52.2747 4
      vertex 36.1353 52.2747 0.599999
    endloop
  endfacet
  facet normal -0.903811 0.427932 0
    outer loop
      vertex 36.1353 52.2747 4
      vertex 36.0996 52.1993 0.599999
      vertex 36.0996 52.1993 4
    endloop
  endfacet
  facet normal 0.146288 0.989242 -0
    outer loop
      vertex 35.2667 51.7541 0.599999
      vertex 35.1842 51.7663 4
      vertex 35.2667 51.7541 4
    endloop
  endfacet
  facet normal 0.146288 0.989242 0
    outer loop
      vertex 35.1842 51.7663 4
      vertex 35.2667 51.7541 0.599999
      vertex 35.1842 51.7663 0.599999
    endloop
  endfacet
  facet normal -0.243382 0.969931 0
    outer loop
      vertex 35.5967 51.7866 0.599999
      vertex 35.5158 51.7663 4
      vertex 35.5967 51.7866 4
    endloop
  endfacet
  facet normal -0.243382 0.969931 0
    outer loop
      vertex 35.5158 51.7663 4
      vertex 35.5967 51.7866 0.599999
      vertex 35.5158 51.7663 0.599999
    endloop
  endfacet
  facet normal -0.969931 -0.243382 0
    outer loop
      vertex 36.1837 52.7658 0.599999
      vertex 36.1634 52.8467 4
      vertex 36.1634 52.8467 0.599999
    endloop
  endfacet
  facet normal -0.969931 -0.243382 0
    outer loop
      vertex 36.1634 52.8467 4
      vertex 36.1837 52.7658 0.599999
      vertex 36.1837 52.7658 4
    endloop
  endfacet
  facet normal -0.989242 0.146288 0
    outer loop
      vertex 36.1837 52.4342 0.599999
      vertex 36.1959 52.5167 4
      vertex 36.1959 52.5167 0.599999
    endloop
  endfacet
  facet normal -0.989242 0.146288 0
    outer loop
      vertex 36.1959 52.5167 4
      vertex 36.1837 52.4342 0.599999
      vertex 36.1837 52.4342 4
    endloop
  endfacet
  facet normal -0.595772 0.803154 0
    outer loop
      vertex 35.8892 51.9429 0.599999
      vertex 35.8222 51.8932 4
      vertex 35.8892 51.9429 4
    endloop
  endfacet
  facet normal -0.595772 0.803154 0
    outer loop
      vertex 35.8222 51.8932 4
      vertex 35.8892 51.9429 0.599999
      vertex 35.8222 51.8932 0.599999
    endloop
  endfacet
  facet normal -0.803727 0.594998 0
    outer loop
      vertex 36.0071 52.0608 0.599999
      vertex 36.0567 52.1278 4
      vertex 36.0567 52.1278 0.599999
    endloop
  endfacet
  facet normal -0.803727 0.594998 0
    outer loop
      vertex 36.0567 52.1278 4
      vertex 36.0071 52.0608 0.599999
      vertex 36.0071 52.0608 4
    endloop
  endfacet
  facet normal -0.857493 0.514496 0
    outer loop
      vertex 36.0567 52.1278 0.599999
      vertex 36.0996 52.1993 4
      vertex 36.0996 52.1993 0.599999
    endloop
  endfacet
  facet normal -0.857493 0.514496 0
    outer loop
      vertex 36.0996 52.1993 4
      vertex 36.0567 52.1278 0.599999
      vertex 36.0567 52.1278 4
    endloop
  endfacet
  facet normal 0.427932 0.903811 -0
    outer loop
      vertex 35.0247 51.8147 0.599999
      vertex 34.9493 51.8504 4
      vertex 35.0247 51.8147 4
    endloop
  endfacet
  facet normal 0.427932 0.903811 0
    outer loop
      vertex 34.9493 51.8504 4
      vertex 35.0247 51.8147 0.599999
      vertex 34.9493 51.8504 0.599999
    endloop
  endfacet
  facet normal 0.0491602 0.998791 -0
    outer loop
      vertex 35.35 51.75 0.599999
      vertex 35.2667 51.7541 4
      vertex 35.35 51.75 4
    endloop
  endfacet
  facet normal 0.0491602 0.998791 0
    outer loop
      vertex 35.2667 51.7541 4
      vertex 35.35 51.75 0.599999
      vertex 35.2667 51.7541 0.599999
    endloop
  endfacet
  facet normal -0.0491602 0.998791 0
    outer loop
      vertex 35.4333 51.7541 0.599999
      vertex 35.35 51.75 4
      vertex 35.4333 51.7541 4
    endloop
  endfacet
  facet normal -0.0491602 0.998791 0
    outer loop
      vertex 35.35 51.75 4
      vertex 35.4333 51.7541 0.599999
      vertex 35.35 51.75 0.599999
    endloop
  endfacet
  facet normal 0.858022 0.513613 0
    outer loop
      vertex 34.6432 52.1278 4
      vertex 34.6004 52.1993 0.599999
      vertex 34.6004 52.1993 4
    endloop
  endfacet
  facet normal 0.858022 0.513613 0
    outer loop
      vertex 34.6004 52.1993 0.599999
      vertex 34.6432 52.1278 4
      vertex 34.6432 52.1278 0.599999
    endloop
  endfacet
  facet normal 0.903811 0.427932 0
    outer loop
      vertex 34.6004 52.1993 4
      vertex 34.5647 52.2747 0.599999
      vertex 34.5647 52.2747 4
    endloop
  endfacet
  facet normal 0.903811 0.427932 0
    outer loop
      vertex 34.5647 52.2747 0.599999
      vertex 34.6004 52.1993 4
      vertex 34.6004 52.1993 0.599999
    endloop
  endfacet
  facet normal 0.803154 0.595772 0
    outer loop
      vertex 34.6929 52.0608 4
      vertex 34.6432 52.1278 0.599999
      vertex 34.6432 52.1278 4
    endloop
  endfacet
  facet normal 0.803154 0.595772 0
    outer loop
      vertex 34.6432 52.1278 0.599999
      vertex 34.6929 52.0608 4
      vertex 34.6929 52.0608 0.599999
    endloop
  endfacet
  facet normal 0.672136 0.740428 -0
    outer loop
      vertex 34.8108 51.9429 0.599999
      vertex 34.749 51.999 4
      vertex 34.8108 51.9429 4
    endloop
  endfacet
  facet normal 0.672136 0.740428 0
    outer loop
      vertex 34.749 51.999 4
      vertex 34.8108 51.9429 0.599999
      vertex 34.749 51.999 0.599999
    endloop
  endfacet
  facet normal 0.740428 0.672136 0
    outer loop
      vertex 34.749 51.999 4
      vertex 34.6929 52.0608 0.599999
      vertex 34.6929 52.0608 4
    endloop
  endfacet
  facet normal 0.740428 0.672136 0
    outer loop
      vertex 34.6929 52.0608 0.599999
      vertex 34.749 51.999 4
      vertex 34.749 51.999 0.599999
    endloop
  endfacet
  facet normal -0.427932 0.903811 0
    outer loop
      vertex 35.7507 51.8504 0.599999
      vertex 35.6753 51.8147 4
      vertex 35.7507 51.8504 4
    endloop
  endfacet
  facet normal -0.427932 0.903811 0
    outer loop
      vertex 35.6753 51.8147 4
      vertex 35.7507 51.8504 0.599999
      vertex 35.6753 51.8147 0.599999
    endloop
  endfacet
  facet normal 0.595772 0.803154 -0
    outer loop
      vertex 34.8778 51.8932 0.599999
      vertex 34.8108 51.9429 4
      vertex 34.8778 51.8932 4
    endloop
  endfacet
  facet normal 0.595772 0.803154 0
    outer loop
      vertex 34.8108 51.9429 4
      vertex 34.8778 51.8932 0.599999
      vertex 34.8108 51.9429 0.599999
    endloop
  endfacet
  facet normal 0.513613 0.858022 -0
    outer loop
      vertex 34.9493 51.8504 0.599999
      vertex 34.8778 51.8932 4
      vertex 34.9493 51.8504 4
    endloop
  endfacet
  facet normal 0.513613 0.858022 0
    outer loop
      vertex 34.8778 51.8932 4
      vertex 34.9493 51.8504 0.599999
      vertex 34.8778 51.8932 0.599999
    endloop
  endfacet
  facet normal 0.243382 0.969931 -0
    outer loop
      vertex 35.1842 51.7663 0.599999
      vertex 35.1033 51.7866 4
      vertex 35.1842 51.7663 4
    endloop
  endfacet
  facet normal 0.243382 0.969931 0
    outer loop
      vertex 35.1033 51.7866 4
      vertex 35.1842 51.7663 0.599999
      vertex 35.1033 51.7866 0.599999
    endloop
  endfacet
  facet normal 0.33664 0.941633 -0
    outer loop
      vertex 35.1033 51.7866 0.599999
      vertex 35.0247 51.8147 4
      vertex 35.1033 51.7866 4
    endloop
  endfacet
  facet normal 0.33664 0.941633 0
    outer loop
      vertex 35.0247 51.8147 4
      vertex 35.1033 51.7866 0.599999
      vertex 35.0247 51.8147 0.599999
    endloop
  endfacet
  facet normal -0.598084 -0.801433 0
    outer loop
      vertex 5.82223 123.307 0.599999
      vertex 5.88923 123.257 4
      vertex 5.82223 123.307 4
    endloop
  endfacet
  facet normal -0.598084 -0.801433 -0
    outer loop
      vertex 5.88923 123.257 4
      vertex 5.82223 123.307 0.599999
      vertex 5.88923 123.257 0.599999
    endloop
  endfacet
  facet normal 0.420995 -0.907063 0
    outer loop
      vertex 4.94931 123.35 0.599999
      vertex 5.02472 123.385 4
      vertex 4.94931 123.35 4
    endloop
  endfacet
  facet normal 0.420995 -0.907063 0
    outer loop
      vertex 5.02472 123.385 4
      vertex 4.94931 123.35 0.599999
      vertex 5.02472 123.385 0.599999
    endloop
  endfacet
  facet normal 0.940811 -0.338933 0
    outer loop
      vertex 4.5366 122.847 4
      vertex 4.5647 122.925 0.599999
      vertex 4.5647 122.925 4
    endloop
  endfacet
  facet normal 0.940811 -0.338933 0
    outer loop
      vertex 4.5647 122.925 0.599999
      vertex 4.5366 122.847 4
      vertex 4.5366 122.847 0.599999
    endloop
  endfacet
  facet normal -0.940811 0.338933 0
    outer loop
      vertex 6.1353 122.275 0.599999
      vertex 6.1634 122.353 4
      vertex 6.1634 122.353 0.599999
    endloop
  endfacet
  facet normal -0.940811 0.338933 0
    outer loop
      vertex 6.1634 122.353 4
      vertex 6.1353 122.275 0.599999
      vertex 6.1353 122.275 4
    endloop
  endfacet
  facet normal 0.335805 0.941932 -0
    outer loop
      vertex 5.10326 121.787 0.599999
      vertex 5.02472 121.815 4
      vertex 5.10326 121.787 4
    endloop
  endfacet
  facet normal 0.335805 0.941932 0
    outer loop
      vertex 5.02472 121.815 4
      vertex 5.10326 121.787 0.599999
      vertex 5.02472 121.815 0.599999
    endloop
  endfacet
  facet normal -0.905253 -0.424873 0
    outer loop
      vertex 6.1353 122.925 0.599999
      vertex 6.09963 123.001 4
      vertex 6.09963 123.001 0.599999
    endloop
  endfacet
  facet normal -0.905253 -0.424873 0
    outer loop
      vertex 6.09963 123.001 4
      vertex 6.1353 122.925 0.599999
      vertex 6.1353 122.925 4
    endloop
  endfacet
  facet normal -0.856 -0.516976 0
    outer loop
      vertex 6.09963 123.001 0.599999
      vertex 6.05675 123.072 4
      vertex 6.05675 123.072 0.599999
    endloop
  endfacet
  facet normal -0.856 -0.516976 0
    outer loop
      vertex 6.05675 123.072 4
      vertex 6.09963 123.001 0.599999
      vertex 6.09963 123.001 4
    endloop
  endfacet
  facet normal -0.335805 -0.941932 0
    outer loop
      vertex 5.59674 123.413 0.599999
      vertex 5.67528 123.385 4
      vertex 5.59674 123.413 4
    endloop
  endfacet
  facet normal -0.335805 -0.941932 -0
    outer loop
      vertex 5.67528 123.385 4
      vertex 5.59674 123.413 0.599999
      vertex 5.67528 123.385 0.599999
    endloop
  endfacet
  facet normal -0.0479582 -0.998849 0
    outer loop
      vertex 5.35 123.45 0.599999
      vertex 5.43331 123.446 4
      vertex 5.35 123.45 4
    endloop
  endfacet
  facet normal -0.0479582 -0.998849 -0
    outer loop
      vertex 5.43331 123.446 4
      vertex 5.35 123.45 0.599999
      vertex 5.43331 123.446 0.599999
    endloop
  endfacet
  facet normal 0 0 1
    outer loop
      vertex 6.19591 122.683 0.599999
      vertex 6.19591 122.517 0.599999
      vertex 6.2 122.6 0.599999
    endloop
  endfacet
  facet normal 0 0 1
    outer loop
      vertex 6.18367 122.766 0.599999
      vertex 6.19591 122.517 0.599999
      vertex 6.19591 122.683 0.599999
    endloop
  endfacet
  facet normal 0 0 1
    outer loop
      vertex 6.18367 122.766 0.599999
      vertex 6.18367 122.434 0.599999
      vertex 6.19591 122.517 0.599999
    endloop
  endfacet
  facet normal 0 0 1
    outer loop
      vertex 6.1634 122.847 0.599999
      vertex 6.18367 122.434 0.599999
      vertex 6.18367 122.766 0.599999
    endloop
  endfacet
  facet normal 0 0 1
    outer loop
      vertex 6.1634 122.847 0.599999
      vertex 6.1634 122.353 0.599999
      vertex 6.18367 122.434 0.599999
    endloop
  endfacet
  facet normal 0 0 1
    outer loop
      vertex 6.1353 122.925 0.599999
      vertex 6.1634 122.353 0.599999
      vertex 6.1634 122.847 0.599999
    endloop
  endfacet
  facet normal 0 0 1
    outer loop
      vertex 6.1353 122.925 0.599999
      vertex 6.1353 122.275 0.599999
      vertex 6.1634 122.353 0.599999
    endloop
  endfacet
  facet normal 0 0 1
    outer loop
      vertex 6.09963 123.001 0.599999
      vertex 6.1353 122.275 0.599999
      vertex 6.1353 122.925 0.599999
    endloop
  endfacet
  facet normal 0 0 1
    outer loop
      vertex 6.09963 123.001 0.599999
      vertex 6.09963 122.199 0.599999
      vertex 6.1353 122.275 0.599999
    endloop
  endfacet
  facet normal 0 0 1
    outer loop
      vertex 6.05675 123.072 0.599999
      vertex 6.09963 122.199 0.599999
      vertex 6.09963 123.001 0.599999
    endloop
  endfacet
  facet normal 0 0 1
    outer loop
      vertex 6.05675 123.072 0.599999
      vertex 6.05675 122.128 0.599999
      vertex 6.09963 122.199 0.599999
    endloop
  endfacet
  facet normal 0 0 1
    outer loop
      vertex 6.00706 123.139 0.599999
      vertex 6.05675 122.128 0.599999
      vertex 6.05675 123.072 0.599999
    endloop
  endfacet
  facet normal 0 0 1
    outer loop
      vertex 6.00706 123.139 0.599999
      vertex 6.00706 122.061 0.599999
      vertex 6.05675 122.128 0.599999
    endloop
  endfacet
  facet normal 0 0 1
    outer loop
      vertex 5.95104 123.201 0.599999
      vertex 6.00706 122.061 0.599999
      vertex 6.00706 123.139 0.599999
    endloop
  endfacet
  facet normal 0 0 1
    outer loop
      vertex 5.95104 123.201 0.599999
      vertex 5.95104 121.999 0.599999
      vertex 6.00706 122.061 0.599999
    endloop
  endfacet
  facet normal 0 0 1
    outer loop
      vertex 5.88923 123.257 0.599999
      vertex 5.95104 121.999 0.599999
      vertex 5.95104 123.201 0.599999
    endloop
  endfacet
  facet normal 0 0 1
    outer loop
      vertex 5.88923 123.257 0.599999
      vertex 5.88923 121.943 0.599999
      vertex 5.95104 121.999 0.599999
    endloop
  endfacet
  facet normal 0 0 1
    outer loop
      vertex 5.82223 123.307 0.599999
      vertex 5.88923 121.943 0.599999
      vertex 5.88923 123.257 0.599999
    endloop
  endfacet
  facet normal 0 0 1
    outer loop
      vertex 5.82223 123.307 0.599999
      vertex 5.82223 121.893 0.599999
      vertex 5.88923 121.943 0.599999
    endloop
  endfacet
  facet normal 0 0 1
    outer loop
      vertex 5.75069 123.35 0.599999
      vertex 5.82223 121.893 0.599999
      vertex 5.82223 123.307 0.599999
    endloop
  endfacet
  facet normal 0 0 1
    outer loop
      vertex 5.75069 123.35 0.599999
      vertex 5.75069 121.85 0.599999
      vertex 5.82223 121.893 0.599999
    endloop
  endfacet
  facet normal 0 0 1
    outer loop
      vertex 5.67528 123.385 0.599999
      vertex 5.75069 121.85 0.599999
      vertex 5.75069 123.35 0.599999
    endloop
  endfacet
  facet normal 0 0 1
    outer loop
      vertex 5.67528 123.385 0.599999
      vertex 5.67528 121.815 0.599999
      vertex 5.75069 121.85 0.599999
    endloop
  endfacet
  facet normal 0 0 1
    outer loop
      vertex 5.59674 123.413 0.599999
      vertex 5.67528 121.815 0.599999
      vertex 5.67528 123.385 0.599999
    endloop
  endfacet
  facet normal 0 0 1
    outer loop
      vertex 5.59674 123.413 0.599999
      vertex 5.59674 121.787 0.599999
      vertex 5.67528 121.815 0.599999
    endloop
  endfacet
  facet normal 0 0 1
    outer loop
      vertex 5.51583 123.434 0.599999
      vertex 5.59674 121.787 0.599999
      vertex 5.59674 123.413 0.599999
    endloop
  endfacet
  facet normal 0 0 1
    outer loop
      vertex 5.51583 123.434 0.599999
      vertex 5.51583 121.766 0.599999
      vertex 5.59674 121.787 0.599999
    endloop
  endfacet
  facet normal 0 0 1
    outer loop
      vertex 5.43331 123.446 0.599999
      vertex 5.51583 121.766 0.599999
      vertex 5.51583 123.434 0.599999
    endloop
  endfacet
  facet normal 0 0 1
    outer loop
      vertex 5.43331 123.446 0.599999
      vertex 5.43331 121.754 0.599999
      vertex 5.51583 121.766 0.599999
    endloop
  endfacet
  facet normal 0 0 1
    outer loop
      vertex 5.35 123.45 0.599999
      vertex 5.43331 121.754 0.599999
      vertex 5.43331 123.446 0.599999
    endloop
  endfacet
  facet normal 0 0 1
    outer loop
      vertex 5.35 123.45 0.599999
      vertex 5.35 121.75 0.599999
      vertex 5.43331 121.754 0.599999
    endloop
  endfacet
  facet normal -0 0 1
    outer loop
      vertex 5.26668 123.446 0.599999
      vertex 5.35 121.75 0.599999
      vertex 5.35 123.45 0.599999
    endloop
  endfacet
  facet normal 0 0 1
    outer loop
      vertex 5.26668 123.446 0.599999
      vertex 5.26668 121.754 0.599999
      vertex 5.35 121.75 0.599999
    endloop
  endfacet
  facet normal -0 0 1
    outer loop
      vertex 5.18417 123.434 0.599999
      vertex 5.26668 121.754 0.599999
      vertex 5.26668 123.446 0.599999
    endloop
  endfacet
  facet normal 0 0 1
    outer loop
      vertex 5.18417 123.434 0.599999
      vertex 5.18417 121.766 0.599999
      vertex 5.26668 121.754 0.599999
    endloop
  endfacet
  facet normal -0 0 1
    outer loop
      vertex 5.10326 123.413 0.599999
      vertex 5.18417 121.766 0.599999
      vertex 5.18417 123.434 0.599999
    endloop
  endfacet
  facet normal 0 0 1
    outer loop
      vertex 5.10326 123.413 0.599999
      vertex 5.10326 121.787 0.599999
      vertex 5.18417 121.766 0.599999
    endloop
  endfacet
  facet normal -0 0 1
    outer loop
      vertex 5.02472 123.385 0.599999
      vertex 5.10326 121.787 0.599999
      vertex 5.10326 123.413 0.599999
    endloop
  endfacet
  facet normal 0 0 1
    outer loop
      vertex 5.02472 123.385 0.599999
      vertex 5.02472 121.815 0.599999
      vertex 5.10326 121.787 0.599999
    endloop
  endfacet
  facet normal -0 0 1
    outer loop
      vertex 4.94931 123.35 0.599999
      vertex 5.02472 121.815 0.599999
      vertex 5.02472 123.385 0.599999
    endloop
  endfacet
  facet normal 0 0 1
    outer loop
      vertex 4.94931 123.35 0.599999
      vertex 4.94931 121.85 0.599999
      vertex 5.02472 121.815 0.599999
    endloop
  endfacet
  facet normal -0 0 1
    outer loop
      vertex 4.87776 123.307 0.599999
      vertex 4.94931 121.85 0.599999
      vertex 4.94931 123.35 0.599999
    endloop
  endfacet
  facet normal 0 0 1
    outer loop
      vertex 4.87776 123.307 0.599999
      vertex 4.87776 121.893 0.599999
      vertex 4.94931 121.85 0.599999
    endloop
  endfacet
  facet normal -0 0 1
    outer loop
      vertex 4.81077 123.257 0.599999
      vertex 4.87776 121.893 0.599999
      vertex 4.87776 123.307 0.599999
    endloop
  endfacet
  facet normal 0 0 1
    outer loop
      vertex 4.81077 123.257 0.599999
      vertex 4.81077 121.943 0.599999
      vertex 4.87776 121.893 0.599999
    endloop
  endfacet
  facet normal -0 0 1
    outer loop
      vertex 4.74896 123.201 0.599999
      vertex 4.81077 121.943 0.599999
      vertex 4.81077 123.257 0.599999
    endloop
  endfacet
  facet normal 0 0 1
    outer loop
      vertex 4.74896 123.201 0.599999
      vertex 4.74896 121.999 0.599999
      vertex 4.81077 121.943 0.599999
    endloop
  endfacet
  facet normal -0 0 1
    outer loop
      vertex 4.69294 123.139 0.599999
      vertex 4.74896 121.999 0.599999
      vertex 4.74896 123.201 0.599999
    endloop
  endfacet
  facet normal 0 0 1
    outer loop
      vertex 4.69294 123.139 0.599999
      vertex 4.69294 122.061 0.599999
      vertex 4.74896 121.999 0.599999
    endloop
  endfacet
  facet normal -0 0 1
    outer loop
      vertex 4.64325 123.072 0.599999
      vertex 4.69294 122.061 0.599999
      vertex 4.69294 123.139 0.599999
    endloop
  endfacet
  facet normal 0 0 1
    outer loop
      vertex 4.64325 123.072 0.599999
      vertex 4.64325 122.128 0.599999
      vertex 4.69294 122.061 0.599999
    endloop
  endfacet
  facet normal -0 0 1
    outer loop
      vertex 4.60037 123.001 0.599999
      vertex 4.64325 122.128 0.599999
      vertex 4.64325 123.072 0.599999
    endloop
  endfacet
  facet normal 0 0 1
    outer loop
      vertex 4.60037 123.001 0.599999
      vertex 4.60037 122.199 0.599999
      vertex 4.64325 122.128 0.599999
    endloop
  endfacet
  facet normal -0 0 1
    outer loop
      vertex 4.5647 122.925 0.599999
      vertex 4.60037 122.199 0.599999
      vertex 4.60037 123.001 0.599999
    endloop
  endfacet
  facet normal 0 0 1
    outer loop
      vertex 4.5647 122.925 0.599999
      vertex 4.5647 122.275 0.599999
      vertex 4.60037 122.199 0.599999
    endloop
  endfacet
  facet normal -0 0 1
    outer loop
      vertex 4.5366 122.847 0.599999
      vertex 4.5647 122.275 0.599999
      vertex 4.5647 122.925 0.599999
    endloop
  endfacet
  facet normal 0 0 1
    outer loop
      vertex 4.5366 122.847 0.599999
      vertex 4.5366 122.353 0.599999
      vertex 4.5647 122.275 0.599999
    endloop
  endfacet
  facet normal -0 0 1
    outer loop
      vertex 4.51633 122.766 0.599999
      vertex 4.5366 122.353 0.599999
      vertex 4.5366 122.847 0.599999
    endloop
  endfacet
  facet normal 0 0 1
    outer loop
      vertex 4.51633 122.766 0.599999
      vertex 4.51633 122.434 0.599999
      vertex 4.5366 122.353 0.599999
    endloop
  endfacet
  facet normal -0 0 1
    outer loop
      vertex 4.50409 122.683 0.599999
      vertex 4.51633 122.434 0.599999
      vertex 4.51633 122.766 0.599999
    endloop
  endfacet
  facet normal 0 0 1
    outer loop
      vertex 4.50409 122.683 0.599999
      vertex 4.50409 122.517 0.599999
      vertex 4.51633 122.434 0.599999
    endloop
  endfacet
  facet normal 0 -0 1
    outer loop
      vertex 4.50409 122.517 0.599999
      vertex 4.50409 122.683 0.599999
      vertex 4.5 122.6 0.599999
    endloop
  endfacet
  facet normal 0.998788 -0.0492174 0
    outer loop
      vertex 4.5 122.6 4
      vertex 4.50409 122.683 0.599999
      vertex 4.50409 122.683 4
    endloop
  endfacet
  facet normal 0.998788 -0.0492174 0
    outer loop
      vertex 4.50409 122.683 0.599999
      vertex 4.5 122.6 4
      vertex 4.5 122.6 0.599999
    endloop
  endfacet
  facet normal 0.803211 -0.595695 0
    outer loop
      vertex 4.64325 123.072 4
      vertex 4.69294 123.139 0.599999
      vertex 4.69294 123.139 4
    endloop
  endfacet
  facet normal 0.803211 -0.595695 0
    outer loop
      vertex 4.69294 123.139 0.599999
      vertex 4.64325 123.072 4
      vertex 4.64325 123.072 0.599999
    endloop
  endfacet
  facet normal 0.251224 -0.967929 0
    outer loop
      vertex 5.10326 123.413 0.599999
      vertex 5.18417 123.434 4
      vertex 5.10326 123.413 4
    endloop
  endfacet
  facet normal 0.251224 -0.967929 0
    outer loop
      vertex 5.18417 123.434 4
      vertex 5.10326 123.413 0.599999
      vertex 5.18417 123.434 0.599999
    endloop
  endfacet
  facet normal -0.998788 0.0492174 0
    outer loop
      vertex 6.19591 122.517 0.599999
      vertex 6.2 122.6 4
      vertex 6.2 122.6 0.599999
    endloop
  endfacet
  facet normal -0.998788 0.0492174 0
    outer loop
      vertex 6.2 122.6 4
      vertex 6.19591 122.517 0.599999
      vertex 6.19591 122.517 4
    endloop
  endfacet
  facet normal -0.803211 0.595695 0
    outer loop
      vertex 6.00706 122.061 0.599999
      vertex 6.05675 122.128 4
      vertex 6.05675 122.128 0.599999
    endloop
  endfacet
  facet normal -0.803211 0.595695 0
    outer loop
      vertex 6.05675 122.128 4
      vertex 6.00706 122.061 0.599999
      vertex 6.00706 122.061 4
    endloop
  endfacet
  facet normal 0.0479525 0.99885 -0
    outer loop
      vertex 5.35 121.75 0.599999
      vertex 5.26668 121.754 4
      vertex 5.35 121.75 4
    endloop
  endfacet
  facet normal 0.0479525 0.99885 0
    outer loop
      vertex 5.26668 121.754 4
      vertex 5.35 121.75 0.599999
      vertex 5.26668 121.754 0.599999
    endloop
  endfacet
  facet normal 0.598142 0.80139 -0
    outer loop
      vertex 4.87776 121.893 0.599999
      vertex 4.81077 121.943 4
      vertex 4.87776 121.893 4
    endloop
  endfacet
  facet normal 0.598142 0.80139 0
    outer loop
      vertex 4.81077 121.943 4
      vertex 4.87776 121.893 0.599999
      vertex 4.81077 121.943 0.599999
    endloop
  endfacet
  facet normal 0.905253 0.424873 0
    outer loop
      vertex 4.60037 122.199 4
      vertex 4.5647 122.275 0.599999
      vertex 4.5647 122.275 4
    endloop
  endfacet
  facet normal 0.905253 0.424873 0
    outer loop
      vertex 4.5647 122.275 0.599999
      vertex 4.60037 122.199 4
      vertex 4.60037 122.199 0.599999
    endloop
  endfacet
  facet normal 0.741984 0.670418 0
    outer loop
      vertex 4.74896 121.999 4
      vertex 4.69294 122.061 0.599999
      vertex 4.69294 122.061 4
    endloop
  endfacet
  facet normal 0.741984 0.670418 0
    outer loop
      vertex 4.69294 122.061 0.599999
      vertex 4.74896 121.999 4
      vertex 4.74896 121.999 0.599999
    endloop
  endfacet
  facet normal -0.989301 -0.145892 0
    outer loop
      vertex 6.19591 122.683 0.599999
      vertex 6.18367 122.766 4
      vertex 6.18367 122.766 0.599999
    endloop
  endfacet
  facet normal -0.989301 -0.145892 0
    outer loop
      vertex 6.18367 122.766 4
      vertex 6.19591 122.683 0.599999
      vertex 6.19591 122.683 4
    endloop
  endfacet
  facet normal -0.970086 -0.242761 0
    outer loop
      vertex 6.18367 122.766 0.599999
      vertex 6.1634 122.847 4
      vertex 6.1634 122.847 0.599999
    endloop
  endfacet
  facet normal -0.970086 -0.242761 0
    outer loop
      vertex 6.1634 122.847 4
      vertex 6.18367 122.766 0.599999
      vertex 6.18367 122.766 4
    endloop
  endfacet
  facet normal -0.940811 -0.338933 0
    outer loop
      vertex 6.1634 122.847 0.599999
      vertex 6.1353 122.925 4
      vertex 6.1353 122.925 0.599999
    endloop
  endfacet
  facet normal -0.940811 -0.338933 0
    outer loop
      vertex 6.1353 122.925 4
      vertex 6.1634 122.847 0.599999
      vertex 6.1634 122.847 4
    endloop
  endfacet
  facet normal -0.741984 -0.670418 0
    outer loop
      vertex 6.00706 123.139 0.599999
      vertex 5.95104 123.201 4
      vertex 5.95104 123.201 0.599999
    endloop
  endfacet
  facet normal -0.741984 -0.670418 0
    outer loop
      vertex 5.95104 123.201 4
      vertex 6.00706 123.139 0.599999
      vertex 6.00706 123.139 4
    endloop
  endfacet
  facet normal -0.803211 -0.595695 0
    outer loop
      vertex 6.05675 123.072 0.599999
      vertex 6.00706 123.139 4
      vertex 6.00706 123.139 0.599999
    endloop
  endfacet
  facet normal -0.803211 -0.595695 0
    outer loop
      vertex 6.00706 123.139 4
      vertex 6.05675 123.072 0.599999
      vertex 6.05675 123.072 4
    endloop
  endfacet
  facet normal -0.671419 -0.741078 0
    outer loop
      vertex 5.88923 123.257 0.599999
      vertex 5.95104 123.201 4
      vertex 5.88923 123.257 4
    endloop
  endfacet
  facet normal -0.671419 -0.741078 -0
    outer loop
      vertex 5.95104 123.201 4
      vertex 5.88923 123.257 0.599999
      vertex 5.95104 123.201 0.599999
    endloop
  endfacet
  facet normal -0.515165 -0.857091 0
    outer loop
      vertex 5.75069 123.35 0.599999
      vertex 5.82223 123.307 4
      vertex 5.75069 123.35 4
    endloop
  endfacet
  facet normal -0.515165 -0.857091 -0
    outer loop
      vertex 5.82223 123.307 4
      vertex 5.75069 123.35 0.599999
      vertex 5.82223 123.307 0.599999
    endloop
  endfacet
  facet normal 0.0479525 -0.99885 0
    outer loop
      vertex 5.26668 123.446 0.599999
      vertex 5.35 123.45 4
      vertex 5.26668 123.446 4
    endloop
  endfacet
  facet normal 0.0479525 -0.99885 0
    outer loop
      vertex 5.35 123.45 4
      vertex 5.26668 123.446 0.599999
      vertex 5.35 123.45 0.599999
    endloop
  endfacet
  facet normal -0.420995 -0.907063 0
    outer loop
      vertex 5.67528 123.385 0.599999
      vertex 5.75069 123.35 4
      vertex 5.67528 123.385 4
    endloop
  endfacet
  facet normal -0.420995 -0.907063 -0
    outer loop
      vertex 5.75069 123.35 4
      vertex 5.67528 123.385 0.599999
      vertex 5.75069 123.35 0.599999
    endloop
  endfacet
  facet normal -0.251224 -0.967929 0
    outer loop
      vertex 5.51583 123.434 0.599999
      vertex 5.59674 123.413 4
      vertex 5.51583 123.434 4
    endloop
  endfacet
  facet normal -0.251224 -0.967929 -0
    outer loop
      vertex 5.59674 123.413 4
      vertex 5.51583 123.434 0.599999
      vertex 5.59674 123.413 0.599999
    endloop
  endfacet
  facet normal -0.143906 -0.989591 0
    outer loop
      vertex 5.43331 123.446 0.599999
      vertex 5.51583 123.434 4
      vertex 5.43331 123.446 4
    endloop
  endfacet
  facet normal -0.143906 -0.989591 -0
    outer loop
      vertex 5.51583 123.434 4
      vertex 5.43331 123.446 0.599999
      vertex 5.51583 123.434 0.599999
    endloop
  endfacet
  facet normal 0.970086 -0.242761 0
    outer loop
      vertex 4.51633 122.766 4
      vertex 4.5366 122.847 0.599999
      vertex 4.5366 122.847 4
    endloop
  endfacet
  facet normal 0.970086 -0.242761 0
    outer loop
      vertex 4.5366 122.847 0.599999
      vertex 4.51633 122.766 4
      vertex 4.51633 122.766 0.599999
    endloop
  endfacet
  facet normal 0.989301 -0.145892 0
    outer loop
      vertex 4.50409 122.683 4
      vertex 4.51633 122.766 0.599999
      vertex 4.51633 122.766 4
    endloop
  endfacet
  facet normal 0.989301 -0.145892 0
    outer loop
      vertex 4.51633 122.766 0.599999
      vertex 4.50409 122.683 4
      vertex 4.50409 122.683 0.599999
    endloop
  endfacet
  facet normal 0.905253 -0.424873 0
    outer loop
      vertex 4.5647 122.925 4
      vertex 4.60037 123.001 0.599999
      vertex 4.60037 123.001 4
    endloop
  endfacet
  facet normal 0.905253 -0.424873 0
    outer loop
      vertex 4.60037 123.001 0.599999
      vertex 4.5647 122.925 4
      vertex 4.5647 122.925 0.599999
    endloop
  endfacet
  facet normal 0.856 -0.516976 0
    outer loop
      vertex 4.60037 123.001 4
      vertex 4.64325 123.072 0.599999
      vertex 4.64325 123.072 4
    endloop
  endfacet
  facet normal 0.856 -0.516976 0
    outer loop
      vertex 4.64325 123.072 0.599999
      vertex 4.60037 123.001 4
      vertex 4.60037 123.001 0.599999
    endloop
  endfacet
  facet normal 0.335805 -0.941932 0
    outer loop
      vertex 5.02472 123.385 0.599999
      vertex 5.10326 123.413 4
      vertex 5.02472 123.385 4
    endloop
  endfacet
  facet normal 0.335805 -0.941932 0
    outer loop
      vertex 5.10326 123.413 4
      vertex 5.02472 123.385 0.599999
      vertex 5.10326 123.413 0.599999
    endloop
  endfacet
  facet normal 0.143923 -0.989589 0
    outer loop
      vertex 5.18417 123.434 0.599999
      vertex 5.26668 123.446 4
      vertex 5.18417 123.434 4
    endloop
  endfacet
  facet normal 0.143923 -0.989589 0
    outer loop
      vertex 5.26668 123.446 4
      vertex 5.18417 123.434 0.599999
      vertex 5.26668 123.446 0.599999
    endloop
  endfacet
  facet normal 0.598142 -0.80139 0
    outer loop
      vertex 4.81077 123.257 0.599999
      vertex 4.87776 123.307 4
      vertex 4.81077 123.257 4
    endloop
  endfacet
  facet normal 0.598142 -0.80139 0
    outer loop
      vertex 4.87776 123.307 4
      vertex 4.81077 123.257 0.599999
      vertex 4.87776 123.307 0.599999
    endloop
  endfacet
  facet normal 0.671419 -0.741078 0
    outer loop
      vertex 4.74896 123.201 0.599999
      vertex 4.81077 123.257 4
      vertex 4.74896 123.201 4
    endloop
  endfacet
  facet normal 0.671419 -0.741078 0
    outer loop
      vertex 4.81077 123.257 4
      vertex 4.74896 123.201 0.599999
      vertex 4.81077 123.257 0.599999
    endloop
  endfacet
  facet normal 0.515112 -0.857123 0
    outer loop
      vertex 4.87776 123.307 0.599999
      vertex 4.94931 123.35 4
      vertex 4.87776 123.307 4
    endloop
  endfacet
  facet normal 0.515112 -0.857123 0
    outer loop
      vertex 4.94931 123.35 4
      vertex 4.87776 123.307 0.599999
      vertex 4.94931 123.35 0.599999
    endloop
  endfacet
  facet normal 0.741984 -0.670418 0
    outer loop
      vertex 4.69294 123.139 4
      vertex 4.74896 123.201 0.599999
      vertex 4.74896 123.201 4
    endloop
  endfacet
  facet normal 0.741984 -0.670418 0
    outer loop
      vertex 4.74896 123.201 0.599999
      vertex 4.69294 123.139 4
      vertex 4.69294 123.139 0.599999
    endloop
  endfacet
  facet normal -0.998788 -0.0492174 0
    outer loop
      vertex 6.2 122.6 0.599999
      vertex 6.19591 122.683 4
      vertex 6.19591 122.683 0.599999
    endloop
  endfacet
  facet normal -0.998788 -0.0492174 0
    outer loop
      vertex 6.19591 122.683 4
      vertex 6.2 122.6 0.599999
      vertex 6.2 122.6 4
    endloop
  endfacet
  facet normal -0.143906 0.989591 0
    outer loop
      vertex 5.51583 121.766 0.599999
      vertex 5.43331 121.754 4
      vertex 5.51583 121.766 4
    endloop
  endfacet
  facet normal -0.143906 0.989591 0
    outer loop
      vertex 5.43331 121.754 4
      vertex 5.51583 121.766 0.599999
      vertex 5.43331 121.754 0.599999
    endloop
  endfacet
  facet normal -0.970086 0.242761 0
    outer loop
      vertex 6.1634 122.353 0.599999
      vertex 6.18367 122.434 4
      vertex 6.18367 122.434 0.599999
    endloop
  endfacet
  facet normal -0.970086 0.242761 0
    outer loop
      vertex 6.18367 122.434 4
      vertex 6.1634 122.353 0.599999
      vertex 6.1634 122.353 4
    endloop
  endfacet
  facet normal -0.335805 0.941932 0
    outer loop
      vertex 5.67528 121.815 0.599999
      vertex 5.59674 121.787 4
      vertex 5.67528 121.815 4
    endloop
  endfacet
  facet normal -0.335805 0.941932 0
    outer loop
      vertex 5.59674 121.787 4
      vertex 5.67528 121.815 0.599999
      vertex 5.59674 121.787 0.599999
    endloop
  endfacet
  facet normal -0.671419 0.741078 0
    outer loop
      vertex 5.95104 121.999 0.599999
      vertex 5.88923 121.943 4
      vertex 5.95104 121.999 4
    endloop
  endfacet
  facet normal -0.671419 0.741078 0
    outer loop
      vertex 5.88923 121.943 4
      vertex 5.95104 121.999 0.599999
      vertex 5.88923 121.943 0.599999
    endloop
  endfacet
  facet normal -0.515165 0.857091 0
    outer loop
      vertex 5.82223 121.893 0.599999
      vertex 5.75069 121.85 4
      vertex 5.82223 121.893 4
    endloop
  endfacet
  facet normal -0.515165 0.857091 0
    outer loop
      vertex 5.75069 121.85 4
      vertex 5.82223 121.893 0.599999
      vertex 5.75069 121.85 0.599999
    endloop
  endfacet
  facet normal -0.905253 0.424873 0
    outer loop
      vertex 6.09963 122.199 0.599999
      vertex 6.1353 122.275 4
      vertex 6.1353 122.275 0.599999
    endloop
  endfacet
  facet normal -0.905253 0.424873 0
    outer loop
      vertex 6.1353 122.275 4
      vertex 6.09963 122.199 0.599999
      vertex 6.09963 122.199 4
    endloop
  endfacet
  facet normal -0.0479582 0.998849 0
    outer loop
      vertex 5.43331 121.754 0.599999
      vertex 5.35 121.75 4
      vertex 5.43331 121.754 4
    endloop
  endfacet
  facet normal -0.0479582 0.998849 0
    outer loop
      vertex 5.35 121.75 4
      vertex 5.43331 121.754 0.599999
      vertex 5.35 121.75 0.599999
    endloop
  endfacet
  facet normal 0.251224 0.967929 -0
    outer loop
      vertex 5.18417 121.766 0.599999
      vertex 5.10326 121.787 4
      vertex 5.18417 121.766 4
    endloop
  endfacet
  facet normal 0.251224 0.967929 0
    outer loop
      vertex 5.10326 121.787 4
      vertex 5.18417 121.766 0.599999
      vertex 5.10326 121.787 0.599999
    endloop
  endfacet
  facet normal 0.420995 0.907063 -0
    outer loop
      vertex 5.02472 121.815 0.599999
      vertex 4.94931 121.85 4
      vertex 5.02472 121.815 4
    endloop
  endfacet
  facet normal 0.420995 0.907063 0
    outer loop
      vertex 4.94931 121.85 4
      vertex 5.02472 121.815 0.599999
      vertex 4.94931 121.85 0.599999
    endloop
  endfacet
  facet normal 0.989301 0.145892 0
    outer loop
      vertex 4.51633 122.434 4
      vertex 4.50409 122.517 0.599999
      vertex 4.50409 122.517 4
    endloop
  endfacet
  facet normal 0.989301 0.145892 0
    outer loop
      vertex 4.50409 122.517 0.599999
      vertex 4.51633 122.434 4
      vertex 4.51633 122.434 0.599999
    endloop
  endfacet
  facet normal 0.940811 0.338933 0
    outer loop
      vertex 4.5647 122.275 4
      vertex 4.5366 122.353 0.599999
      vertex 4.5366 122.353 4
    endloop
  endfacet
  facet normal 0.940811 0.338933 0
    outer loop
      vertex 4.5366 122.353 0.599999
      vertex 4.5647 122.275 4
      vertex 4.5647 122.275 0.599999
    endloop
  endfacet
  facet normal 0.856 0.516976 0
    outer loop
      vertex 4.64325 122.128 4
      vertex 4.60037 122.199 0.599999
      vertex 4.60037 122.199 4
    endloop
  endfacet
  facet normal 0.856 0.516976 0
    outer loop
      vertex 4.60037 122.199 0.599999
      vertex 4.64325 122.128 4
      vertex 4.64325 122.128 0.599999
    endloop
  endfacet
  facet normal 0.998788 0.0492174 0
    outer loop
      vertex 4.50409 122.517 4
      vertex 4.5 122.6 0.599999
      vertex 4.5 122.6 4
    endloop
  endfacet
  facet normal 0.998788 0.0492174 0
    outer loop
      vertex 4.5 122.6 0.599999
      vertex 4.50409 122.517 4
      vertex 4.50409 122.517 0.599999
    endloop
  endfacet
  facet normal -0.989301 0.145892 0
    outer loop
      vertex 6.18367 122.434 0.599999
      vertex 6.19591 122.517 4
      vertex 6.19591 122.517 0.599999
    endloop
  endfacet
  facet normal -0.989301 0.145892 0
    outer loop
      vertex 6.19591 122.517 4
      vertex 6.18367 122.434 0.599999
      vertex 6.18367 122.434 4
    endloop
  endfacet
  facet normal -0.251224 0.967929 0
    outer loop
      vertex 5.59674 121.787 0.599999
      vertex 5.51583 121.766 4
      vertex 5.59674 121.787 4
    endloop
  endfacet
  facet normal -0.251224 0.967929 0
    outer loop
      vertex 5.51583 121.766 4
      vertex 5.59674 121.787 0.599999
      vertex 5.51583 121.766 0.599999
    endloop
  endfacet
  facet normal -0.420995 0.907063 0
    outer loop
      vertex 5.75069 121.85 0.599999
      vertex 5.67528 121.815 4
      vertex 5.75069 121.85 4
    endloop
  endfacet
  facet normal -0.420995 0.907063 0
    outer loop
      vertex 5.67528 121.815 4
      vertex 5.75069 121.85 0.599999
      vertex 5.67528 121.815 0.599999
    endloop
  endfacet
  facet normal -0.741984 0.670418 0
    outer loop
      vertex 5.95104 121.999 0.599999
      vertex 6.00706 122.061 4
      vertex 6.00706 122.061 0.599999
    endloop
  endfacet
  facet normal -0.741984 0.670418 0
    outer loop
      vertex 6.00706 122.061 4
      vertex 5.95104 121.999 0.599999
      vertex 5.95104 121.999 4
    endloop
  endfacet
  facet normal -0.598084 0.801433 0
    outer loop
      vertex 5.88923 121.943 0.599999
      vertex 5.82223 121.893 4
      vertex 5.88923 121.943 4
    endloop
  endfacet
  facet normal -0.598084 0.801433 0
    outer loop
      vertex 5.82223 121.893 4
      vertex 5.88923 121.943 0.599999
      vertex 5.82223 121.893 0.599999
    endloop
  endfacet
  facet normal -0.856 0.516976 0
    outer loop
      vertex 6.05675 122.128 0.599999
      vertex 6.09963 122.199 4
      vertex 6.09963 122.199 0.599999
    endloop
  endfacet
  facet normal -0.856 0.516976 0
    outer loop
      vertex 6.09963 122.199 4
      vertex 6.05675 122.128 0.599999
      vertex 6.05675 122.128 4
    endloop
  endfacet
  facet normal 0.143923 0.989589 -0
    outer loop
      vertex 5.26668 121.754 0.599999
      vertex 5.18417 121.766 4
      vertex 5.26668 121.754 4
    endloop
  endfacet
  facet normal 0.143923 0.989589 0
    outer loop
      vertex 5.18417 121.766 4
      vertex 5.26668 121.754 0.599999
      vertex 5.18417 121.766 0.599999
    endloop
  endfacet
  facet normal 0.515112 0.857123 -0
    outer loop
      vertex 4.94931 121.85 0.599999
      vertex 4.87776 121.893 4
      vertex 4.94931 121.85 4
    endloop
  endfacet
  facet normal 0.515112 0.857123 0
    outer loop
      vertex 4.87776 121.893 4
      vertex 4.94931 121.85 0.599999
      vertex 4.87776 121.893 0.599999
    endloop
  endfacet
  facet normal 0.970086 0.242761 0
    outer loop
      vertex 4.5366 122.353 4
      vertex 4.51633 122.434 0.599999
      vertex 4.51633 122.434 4
    endloop
  endfacet
  facet normal 0.970086 0.242761 0
    outer loop
      vertex 4.51633 122.434 0.599999
      vertex 4.5366 122.353 4
      vertex 4.5366 122.353 0.599999
    endloop
  endfacet
  facet normal 0.803211 0.595695 0
    outer loop
      vertex 4.69294 122.061 4
      vertex 4.64325 122.128 0.599999
      vertex 4.64325 122.128 4
    endloop
  endfacet
  facet normal 0.803211 0.595695 0
    outer loop
      vertex 4.64325 122.128 0.599999
      vertex 4.69294 122.061 4
      vertex 4.69294 122.061 0.599999
    endloop
  endfacet
  facet normal 0.671419 0.741078 -0
    outer loop
      vertex 4.81077 121.943 0.599999
      vertex 4.74896 121.999 4
      vertex 4.81077 121.943 4
    endloop
  endfacet
  facet normal 0.671419 0.741078 0
    outer loop
      vertex 4.74896 121.999 4
      vertex 4.81077 121.943 0.599999
      vertex 4.74896 121.999 0.599999
    endloop
  endfacet
  facet normal -0.598084 -0.801433 0
    outer loop
      vertex 35.8222 123.307 0.599999
      vertex 35.8892 123.257 4
      vertex 35.8222 123.307 4
    endloop
  endfacet
  facet normal -0.598084 -0.801433 -0
    outer loop
      vertex 35.8892 123.257 4
      vertex 35.8222 123.307 0.599999
      vertex 35.8892 123.257 0.599999
    endloop
  endfacet
  facet normal 0.421041 -0.907042 0
    outer loop
      vertex 34.9493 123.35 0.599999
      vertex 35.0247 123.385 4
      vertex 34.9493 123.35 4
    endloop
  endfacet
  facet normal 0.421041 -0.907042 0
    outer loop
      vertex 35.0247 123.385 4
      vertex 34.9493 123.35 0.599999
      vertex 35.0247 123.385 0.599999
    endloop
  endfacet
  facet normal 0.940811 -0.338933 0
    outer loop
      vertex 34.5366 122.847 4
      vertex 34.5647 122.925 0.599999
      vertex 34.5647 122.925 4
    endloop
  endfacet
  facet normal 0.940811 -0.338933 0
    outer loop
      vertex 34.5647 122.925 0.599999
      vertex 34.5366 122.847 4
      vertex 34.5366 122.847 0.599999
    endloop
  endfacet
  facet normal -0.905115 -0.425166 0
    outer loop
      vertex 36.1353 122.925 0.599999
      vertex 36.0996 123.001 4
      vertex 36.0996 123.001 0.599999
    endloop
  endfacet
  facet normal -0.905115 -0.425166 0
    outer loop
      vertex 36.0996 123.001 4
      vertex 36.1353 122.925 0.599999
      vertex 36.1353 122.925 4
    endloop
  endfacet
  facet normal -0.855893 -0.517152 0
    outer loop
      vertex 36.0996 123.001 0.599999
      vertex 36.0567 123.072 4
      vertex 36.0567 123.072 0.599999
    endloop
  endfacet
  facet normal -0.855893 -0.517152 0
    outer loop
      vertex 36.0567 123.072 4
      vertex 36.0996 123.001 0.599999
      vertex 36.0996 123.001 4
    endloop
  endfacet
  facet normal -0.335577 -0.942013 0
    outer loop
      vertex 35.5967 123.413 0.599999
      vertex 35.6753 123.385 4
      vertex 35.5967 123.413 4
    endloop
  endfacet
  facet normal -0.335577 -0.942013 -0
    outer loop
      vertex 35.6753 123.385 4
      vertex 35.5967 123.413 0.599999
      vertex 35.6753 123.385 0.599999
    endloop
  endfacet
  facet normal -0.0479639 -0.998849 0
    outer loop
      vertex 35.35 123.45 0.599999
      vertex 35.4333 123.446 4
      vertex 35.35 123.45 4
    endloop
  endfacet
  facet normal -0.0479639 -0.998849 -0
    outer loop
      vertex 35.4333 123.446 4
      vertex 35.35 123.45 0.599999
      vertex 35.4333 123.446 0.599999
    endloop
  endfacet
  facet normal 0 0 1
    outer loop
      vertex 36.1959 122.683 0.599999
      vertex 36.1959 122.517 0.599999
      vertex 36.2 122.6 0.599999
    endloop
  endfacet
  facet normal 0 0 1
    outer loop
      vertex 36.1837 122.766 0.599999
      vertex 36.1959 122.517 0.599999
      vertex 36.1959 122.683 0.599999
    endloop
  endfacet
  facet normal 0 0 1
    outer loop
      vertex 36.1837 122.766 0.599999
      vertex 36.1837 122.434 0.599999
      vertex 36.1959 122.517 0.599999
    endloop
  endfacet
  facet normal 0 0 1
    outer loop
      vertex 36.1634 122.847 0.599999
      vertex 36.1837 122.434 0.599999
      vertex 36.1837 122.766 0.599999
    endloop
  endfacet
  facet normal 0 0 1
    outer loop
      vertex 36.1634 122.847 0.599999
      vertex 36.1634 122.353 0.599999
      vertex 36.1837 122.434 0.599999
    endloop
  endfacet
  facet normal 0 0 1
    outer loop
      vertex 36.1353 122.925 0.599999
      vertex 36.1634 122.353 0.599999
      vertex 36.1634 122.847 0.599999
    endloop
  endfacet
  facet normal 0 0 1
    outer loop
      vertex 36.1353 122.925 0.599999
      vertex 36.1353 122.275 0.599999
      vertex 36.1634 122.353 0.599999
    endloop
  endfacet
  facet normal 0 0 1
    outer loop
      vertex 36.0996 123.001 0.599999
      vertex 36.1353 122.275 0.599999
      vertex 36.1353 122.925 0.599999
    endloop
  endfacet
  facet normal 0 0 1
    outer loop
      vertex 36.0996 123.001 0.599999
      vertex 36.0996 122.199 0.599999
      vertex 36.1353 122.275 0.599999
    endloop
  endfacet
  facet normal 0 0 1
    outer loop
      vertex 36.0567 123.072 0.599999
      vertex 36.0996 122.199 0.599999
      vertex 36.0996 123.001 0.599999
    endloop
  endfacet
  facet normal 0 0 1
    outer loop
      vertex 36.0567 123.072 0.599999
      vertex 36.0567 122.128 0.599999
      vertex 36.0996 122.199 0.599999
    endloop
  endfacet
  facet normal 0 0 1
    outer loop
      vertex 36.0071 123.139 0.599999
      vertex 36.0567 122.128 0.599999
      vertex 36.0567 123.072 0.599999
    endloop
  endfacet
  facet normal 0 0 1
    outer loop
      vertex 36.0071 123.139 0.599999
      vertex 36.0071 122.061 0.599999
      vertex 36.0567 122.128 0.599999
    endloop
  endfacet
  facet normal 0 0 1
    outer loop
      vertex 35.951 123.201 0.599999
      vertex 36.0071 122.061 0.599999
      vertex 36.0071 123.139 0.599999
    endloop
  endfacet
  facet normal 0 0 1
    outer loop
      vertex 35.951 123.201 0.599999
      vertex 35.951 121.999 0.599999
      vertex 36.0071 122.061 0.599999
    endloop
  endfacet
  facet normal 0 0 1
    outer loop
      vertex 35.8892 123.257 0.599999
      vertex 35.951 121.999 0.599999
      vertex 35.951 123.201 0.599999
    endloop
  endfacet
  facet normal 0 0 1
    outer loop
      vertex 35.8892 123.257 0.599999
      vertex 35.8892 121.943 0.599999
      vertex 35.951 121.999 0.599999
    endloop
  endfacet
  facet normal 0 0 1
    outer loop
      vertex 35.8222 123.307 0.599999
      vertex 35.8892 121.943 0.599999
      vertex 35.8892 123.257 0.599999
    endloop
  endfacet
  facet normal 0 0 1
    outer loop
      vertex 35.8222 123.307 0.599999
      vertex 35.8222 121.893 0.599999
      vertex 35.8892 121.943 0.599999
    endloop
  endfacet
  facet normal 0 0 1
    outer loop
      vertex 35.7507 123.35 0.599999
      vertex 35.8222 121.893 0.599999
      vertex 35.8222 123.307 0.599999
    endloop
  endfacet
  facet normal 0 0 1
    outer loop
      vertex 35.7507 123.35 0.599999
      vertex 35.7507 121.85 0.599999
      vertex 35.8222 121.893 0.599999
    endloop
  endfacet
  facet normal 0 0 1
    outer loop
      vertex 35.6753 123.385 0.599999
      vertex 35.7507 121.85 0.599999
      vertex 35.7507 123.35 0.599999
    endloop
  endfacet
  facet normal 0 0 1
    outer loop
      vertex 35.6753 123.385 0.599999
      vertex 35.6753 121.815 0.599999
      vertex 35.7507 121.85 0.599999
    endloop
  endfacet
  facet normal 0 0 1
    outer loop
      vertex 35.5967 123.413 0.599999
      vertex 35.6753 121.815 0.599999
      vertex 35.6753 123.385 0.599999
    endloop
  endfacet
  facet normal 0 0 1
    outer loop
      vertex 35.5967 123.413 0.599999
      vertex 35.5967 121.787 0.599999
      vertex 35.6753 121.815 0.599999
    endloop
  endfacet
  facet normal 0 0 1
    outer loop
      vertex 35.5158 123.434 0.599999
      vertex 35.5967 121.787 0.599999
      vertex 35.5967 123.413 0.599999
    endloop
  endfacet
  facet normal 0 0 1
    outer loop
      vertex 35.5158 123.434 0.599999
      vertex 35.5158 121.766 0.599999
      vertex 35.5967 121.787 0.599999
    endloop
  endfacet
  facet normal 0 0 1
    outer loop
      vertex 35.4333 123.446 0.599999
      vertex 35.5158 121.766 0.599999
      vertex 35.5158 123.434 0.599999
    endloop
  endfacet
  facet normal 0 0 1
    outer loop
      vertex 35.4333 123.446 0.599999
      vertex 35.4333 121.754 0.599999
      vertex 35.5158 121.766 0.599999
    endloop
  endfacet
  facet normal 0 0 1
    outer loop
      vertex 35.35 123.45 0.599999
      vertex 35.4333 121.754 0.599999
      vertex 35.4333 123.446 0.599999
    endloop
  endfacet
  facet normal 0 0 1
    outer loop
      vertex 35.35 123.45 0.599999
      vertex 35.35 121.75 0.599999
      vertex 35.4333 121.754 0.599999
    endloop
  endfacet
  facet normal -0 0 1
    outer loop
      vertex 35.2667 123.446 0.599999
      vertex 35.35 121.75 0.599999
      vertex 35.35 123.45 0.599999
    endloop
  endfacet
  facet normal 0 0 1
    outer loop
      vertex 35.2667 123.446 0.599999
      vertex 35.2667 121.754 0.599999
      vertex 35.35 121.75 0.599999
    endloop
  endfacet
  facet normal -0 0 1
    outer loop
      vertex 35.1842 123.434 0.599999
      vertex 35.2667 121.754 0.599999
      vertex 35.2667 123.446 0.599999
    endloop
  endfacet
  facet normal 0 0 1
    outer loop
      vertex 35.1842 123.434 0.599999
      vertex 35.1842 121.766 0.599999
      vertex 35.2667 121.754 0.599999
    endloop
  endfacet
  facet normal -0 0 1
    outer loop
      vertex 35.1033 123.413 0.599999
      vertex 35.1842 121.766 0.599999
      vertex 35.1842 123.434 0.599999
    endloop
  endfacet
  facet normal 0 0 1
    outer loop
      vertex 35.1033 123.413 0.599999
      vertex 35.1033 121.787 0.599999
      vertex 35.1842 121.766 0.599999
    endloop
  endfacet
  facet normal -0 0 1
    outer loop
      vertex 35.0247 123.385 0.599999
      vertex 35.1033 121.787 0.599999
      vertex 35.1033 123.413 0.599999
    endloop
  endfacet
  facet normal 0 0 1
    outer loop
      vertex 35.0247 123.385 0.599999
      vertex 35.0247 121.815 0.599999
      vertex 35.1033 121.787 0.599999
    endloop
  endfacet
  facet normal -0 0 1
    outer loop
      vertex 34.9493 123.35 0.599999
      vertex 35.0247 121.815 0.599999
      vertex 35.0247 123.385 0.599999
    endloop
  endfacet
  facet normal 0 0 1
    outer loop
      vertex 34.9493 123.35 0.599999
      vertex 34.9493 121.85 0.599999
      vertex 35.0247 121.815 0.599999
    endloop
  endfacet
  facet normal -0 0 1
    outer loop
      vertex 34.8778 123.307 0.599999
      vertex 34.9493 121.85 0.599999
      vertex 34.9493 123.35 0.599999
    endloop
  endfacet
  facet normal 0 0 1
    outer loop
      vertex 34.8778 123.307 0.599999
      vertex 34.8778 121.893 0.599999
      vertex 34.9493 121.85 0.599999
    endloop
  endfacet
  facet normal -0 0 1
    outer loop
      vertex 34.8108 123.257 0.599999
      vertex 34.8778 121.893 0.599999
      vertex 34.8778 123.307 0.599999
    endloop
  endfacet
  facet normal 0 0 1
    outer loop
      vertex 34.8108 123.257 0.599999
      vertex 34.8108 121.943 0.599999
      vertex 34.8778 121.893 0.599999
    endloop
  endfacet
  facet normal -0 0 1
    outer loop
      vertex 34.749 123.201 0.599999
      vertex 34.8108 121.943 0.599999
      vertex 34.8108 123.257 0.599999
    endloop
  endfacet
  facet normal 0 0 1
    outer loop
      vertex 34.749 123.201 0.599999
      vertex 34.749 121.999 0.599999
      vertex 34.8108 121.943 0.599999
    endloop
  endfacet
  facet normal -0 0 1
    outer loop
      vertex 34.6929 123.139 0.599999
      vertex 34.749 121.999 0.599999
      vertex 34.749 123.201 0.599999
    endloop
  endfacet
  facet normal 0 0 1
    outer loop
      vertex 34.6929 123.139 0.599999
      vertex 34.6929 122.061 0.599999
      vertex 34.749 121.999 0.599999
    endloop
  endfacet
  facet normal -0 0 1
    outer loop
      vertex 34.6432 123.072 0.599999
      vertex 34.6929 122.061 0.599999
      vertex 34.6929 123.139 0.599999
    endloop
  endfacet
  facet normal 0 0 1
    outer loop
      vertex 34.6432 123.072 0.599999
      vertex 34.6432 122.128 0.599999
      vertex 34.6929 122.061 0.599999
    endloop
  endfacet
  facet normal -0 0 1
    outer loop
      vertex 34.6004 123.001 0.599999
      vertex 34.6432 122.128 0.599999
      vertex 34.6432 123.072 0.599999
    endloop
  endfacet
  facet normal 0 0 1
    outer loop
      vertex 34.6004 123.001 0.599999
      vertex 34.6004 122.199 0.599999
      vertex 34.6432 122.128 0.599999
    endloop
  endfacet
  facet normal -0 0 1
    outer loop
      vertex 34.5647 122.925 0.599999
      vertex 34.6004 122.199 0.599999
      vertex 34.6004 123.001 0.599999
    endloop
  endfacet
  facet normal 0 0 1
    outer loop
      vertex 34.5647 122.925 0.599999
      vertex 34.5647 122.275 0.599999
      vertex 34.6004 122.199 0.599999
    endloop
  endfacet
  facet normal -0 0 1
    outer loop
      vertex 34.5366 122.847 0.599999
      vertex 34.5647 122.275 0.599999
      vertex 34.5647 122.925 0.599999
    endloop
  endfacet
  facet normal 0 0 1
    outer loop
      vertex 34.5366 122.847 0.599999
      vertex 34.5366 122.353 0.599999
      vertex 34.5647 122.275 0.599999
    endloop
  endfacet
  facet normal -0 0 1
    outer loop
      vertex 34.5163 122.766 0.599999
      vertex 34.5366 122.353 0.599999
      vertex 34.5366 122.847 0.599999
    endloop
  endfacet
  facet normal 0 0 1
    outer loop
      vertex 34.5163 122.766 0.599999
      vertex 34.5163 122.434 0.599999
      vertex 34.5366 122.353 0.599999
    endloop
  endfacet
  facet normal -0 0 1
    outer loop
      vertex 34.5041 122.683 0.599999
      vertex 34.5163 122.434 0.599999
      vertex 34.5163 122.766 0.599999
    endloop
  endfacet
  facet normal 0 0 1
    outer loop
      vertex 34.5041 122.683 0.599999
      vertex 34.5041 122.517 0.599999
      vertex 34.5163 122.434 0.599999
    endloop
  endfacet
  facet normal 0 -0 1
    outer loop
      vertex 34.5041 122.517 0.599999
      vertex 34.5041 122.683 0.599999
      vertex 34.5 122.6 0.599999
    endloop
  endfacet
  facet normal 0.998782 -0.0493374 0
    outer loop
      vertex 34.5 122.6 4
      vertex 34.5041 122.683 0.599999
      vertex 34.5041 122.683 4
    endloop
  endfacet
  facet normal 0.998782 -0.0493374 0
    outer loop
      vertex 34.5041 122.683 0.599999
      vertex 34.5 122.6 4
      vertex 34.5 122.6 0.599999
    endloop
  endfacet
  facet normal 0.803154 -0.595772 0
    outer loop
      vertex 34.6432 123.072 4
      vertex 34.6929 123.139 0.599999
      vertex 34.6929 123.139 4
    endloop
  endfacet
  facet normal 0.803154 -0.595772 0
    outer loop
      vertex 34.6929 123.139 0.599999
      vertex 34.6432 123.072 4
      vertex 34.6432 123.072 0.599999
    endloop
  endfacet
  facet normal 0.251253 -0.967922 0
    outer loop
      vertex 35.1033 123.413 0.599999
      vertex 35.1842 123.434 4
      vertex 35.1033 123.413 4
    endloop
  endfacet
  facet normal 0.251253 -0.967922 0
    outer loop
      vertex 35.1842 123.434 4
      vertex 35.1033 123.413 0.599999
      vertex 35.1842 123.434 0.599999
    endloop
  endfacet
  facet normal -0.998782 0.0493374 0
    outer loop
      vertex 36.1959 122.517 0.599999
      vertex 36.2 122.6 4
      vertex 36.2 122.6 0.599999
    endloop
  endfacet
  facet normal -0.998782 0.0493374 0
    outer loop
      vertex 36.2 122.6 4
      vertex 36.1959 122.517 0.599999
      vertex 36.1959 122.517 4
    endloop
  endfacet
  facet normal -0.803727 0.594998 0
    outer loop
      vertex 36.0071 122.061 0.599999
      vertex 36.0567 122.128 4
      vertex 36.0567 122.128 0.599999
    endloop
  endfacet
  facet normal -0.803727 0.594998 0
    outer loop
      vertex 36.0567 122.128 4
      vertex 36.0071 122.061 0.599999
      vertex 36.0071 122.061 4
    endloop
  endfacet
  facet normal 0.0479639 0.998849 -0
    outer loop
      vertex 35.35 121.75 0.599999
      vertex 35.2667 121.754 4
      vertex 35.35 121.75 4
    endloop
  endfacet
  facet normal 0.0479639 0.998849 0
    outer loop
      vertex 35.2667 121.754 4
      vertex 35.35 121.75 0.599999
      vertex 35.2667 121.754 0.599999
    endloop
  endfacet
  facet normal 0.598084 0.801433 -0
    outer loop
      vertex 34.8778 121.893 0.599999
      vertex 34.8108 121.943 4
      vertex 34.8778 121.893 4
    endloop
  endfacet
  facet normal 0.598084 0.801433 0
    outer loop
      vertex 34.8108 121.943 4
      vertex 34.8778 121.893 0.599999
      vertex 34.8108 121.943 0.599999
    endloop
  endfacet
  facet normal 0.905115 0.425166 0
    outer loop
      vertex 34.6004 122.199 4
      vertex 34.5647 122.275 0.599999
      vertex 34.5647 122.275 4
    endloop
  endfacet
  facet normal 0.905115 0.425166 0
    outer loop
      vertex 34.5647 122.275 0.599999
      vertex 34.6004 122.199 4
      vertex 34.6004 122.199 0.599999
    endloop
  endfacet
  facet normal 0.741507 0.670945 0
    outer loop
      vertex 34.749 121.999 4
      vertex 34.6929 122.061 0.599999
      vertex 34.6929 122.061 4
    endloop
  endfacet
  facet normal 0.741507 0.670945 0
    outer loop
      vertex 34.6929 122.061 0.599999
      vertex 34.749 121.999 4
      vertex 34.749 121.999 0.599999
    endloop
  endfacet
  facet normal -0.989369 -0.145425 0
    outer loop
      vertex 36.1959 122.683 0.599999
      vertex 36.1837 122.766 4
      vertex 36.1837 122.766 0.599999
    endloop
  endfacet
  facet normal -0.989369 -0.145425 0
    outer loop
      vertex 36.1837 122.766 4
      vertex 36.1959 122.683 0.599999
      vertex 36.1959 122.683 4
    endloop
  endfacet
  facet normal -0.970001 -0.243099 0
    outer loop
      vertex 36.1837 122.766 0.599999
      vertex 36.1634 122.847 4
      vertex 36.1634 122.847 0.599999
    endloop
  endfacet
  facet normal -0.970001 -0.243099 0
    outer loop
      vertex 36.1634 122.847 4
      vertex 36.1837 122.766 0.599999
      vertex 36.1837 122.766 4
    endloop
  endfacet
  facet normal -0.940811 -0.338933 0
    outer loop
      vertex 36.1634 122.847 0.599999
      vertex 36.1353 122.925 4
      vertex 36.1353 122.925 0.599999
    endloop
  endfacet
  facet normal -0.940811 -0.338933 0
    outer loop
      vertex 36.1353 122.925 4
      vertex 36.1634 122.847 0.599999
      vertex 36.1634 122.847 4
    endloop
  endfacet
  facet normal -0.741507 -0.670945 0
    outer loop
      vertex 36.0071 123.139 0.599999
      vertex 35.951 123.201 4
      vertex 35.951 123.201 0.599999
    endloop
  endfacet
  facet normal -0.741507 -0.670945 0
    outer loop
      vertex 35.951 123.201 4
      vertex 36.0071 123.139 0.599999
      vertex 36.0071 123.139 4
    endloop
  endfacet
  facet normal -0.803727 -0.594998 0
    outer loop
      vertex 36.0567 123.072 0.599999
      vertex 36.0071 123.139 4
      vertex 36.0071 123.139 0.599999
    endloop
  endfacet
  facet normal -0.803727 -0.594998 0
    outer loop
      vertex 36.0071 123.139 4
      vertex 36.0567 123.072 0.599999
      vertex 36.0567 123.072 4
    endloop
  endfacet
  facet normal -0.671478 -0.741024 0
    outer loop
      vertex 35.8892 123.257 0.599999
      vertex 35.951 123.201 4
      vertex 35.8892 123.257 4
    endloop
  endfacet
  facet normal -0.671478 -0.741024 -0
    outer loop
      vertex 35.951 123.201 4
      vertex 35.8892 123.257 0.599999
      vertex 35.951 123.201 0.599999
    endloop
  endfacet
  facet normal -0.515377 -0.856964 0
    outer loop
      vertex 35.7507 123.35 0.599999
      vertex 35.8222 123.307 4
      vertex 35.7507 123.35 4
    endloop
  endfacet
  facet normal -0.515377 -0.856964 -0
    outer loop
      vertex 35.8222 123.307 4
      vertex 35.7507 123.35 0.599999
      vertex 35.8222 123.307 0.599999
    endloop
  endfacet
  facet normal 0.0479639 -0.998849 0
    outer loop
      vertex 35.2667 123.446 0.599999
      vertex 35.35 123.45 4
      vertex 35.2667 123.446 4
    endloop
  endfacet
  facet normal 0.0479639 -0.998849 0
    outer loop
      vertex 35.35 123.45 4
      vertex 35.2667 123.446 0.599999
      vertex 35.35 123.45 0.599999
    endloop
  endfacet
  facet normal -0.421041 -0.907042 0
    outer loop
      vertex 35.6753 123.385 0.599999
      vertex 35.7507 123.35 4
      vertex 35.6753 123.385 4
    endloop
  endfacet
  facet normal -0.421041 -0.907042 -0
    outer loop
      vertex 35.7507 123.35 4
      vertex 35.6753 123.385 0.599999
      vertex 35.7507 123.35 0.599999
    endloop
  endfacet
  facet normal -0.251253 -0.967922 0
    outer loop
      vertex 35.5158 123.434 0.599999
      vertex 35.5967 123.413 4
      vertex 35.5158 123.434 4
    endloop
  endfacet
  facet normal -0.251253 -0.967922 -0
    outer loop
      vertex 35.5967 123.413 4
      vertex 35.5158 123.434 0.599999
      vertex 35.5967 123.413 0.599999
    endloop
  endfacet
  facet normal -0.14394 -0.989586 0
    outer loop
      vertex 35.4333 123.446 0.599999
      vertex 35.5158 123.434 4
      vertex 35.4333 123.446 4
    endloop
  endfacet
  facet normal -0.14394 -0.989586 -0
    outer loop
      vertex 35.5158 123.434 4
      vertex 35.4333 123.446 0.599999
      vertex 35.5158 123.434 0.599999
    endloop
  endfacet
  facet normal 0.970001 -0.243099 0
    outer loop
      vertex 34.5163 122.766 4
      vertex 34.5366 122.847 0.599999
      vertex 34.5366 122.847 4
    endloop
  endfacet
  facet normal 0.970001 -0.243099 0
    outer loop
      vertex 34.5366 122.847 0.599999
      vertex 34.5163 122.766 4
      vertex 34.5163 122.766 0.599999
    endloop
  endfacet
  facet normal 0.989369 -0.145425 0
    outer loop
      vertex 34.5041 122.683 4
      vertex 34.5163 122.766 0.599999
      vertex 34.5163 122.766 4
    endloop
  endfacet
  facet normal 0.989369 -0.145425 0
    outer loop
      vertex 34.5163 122.766 0.599999
      vertex 34.5041 122.683 4
      vertex 34.5041 122.683 0.599999
    endloop
  endfacet
  facet normal 0.905115 -0.425166 0
    outer loop
      vertex 34.5647 122.925 4
      vertex 34.6004 123.001 0.599999
      vertex 34.6004 123.001 4
    endloop
  endfacet
  facet normal 0.905115 -0.425166 0
    outer loop
      vertex 34.6004 123.001 0.599999
      vertex 34.5647 122.925 4
      vertex 34.5647 122.925 0.599999
    endloop
  endfacet
  facet normal 0.856427 -0.516269 0
    outer loop
      vertex 34.6004 123.001 4
      vertex 34.6432 123.072 0.599999
      vertex 34.6432 123.072 4
    endloop
  endfacet
  facet normal 0.856427 -0.516269 0
    outer loop
      vertex 34.6432 123.072 0.599999
      vertex 34.6004 123.001 4
      vertex 34.6004 123.001 0.599999
    endloop
  endfacet
  facet normal 0.335577 -0.942013 0
    outer loop
      vertex 35.0247 123.385 0.599999
      vertex 35.1033 123.413 4
      vertex 35.0247 123.385 4
    endloop
  endfacet
  facet normal 0.335577 -0.942013 0
    outer loop
      vertex 35.1033 123.413 4
      vertex 35.0247 123.385 0.599999
      vertex 35.1033 123.413 0.599999
    endloop
  endfacet
  facet normal 0.14394 -0.989586 0
    outer loop
      vertex 35.1842 123.434 0.599999
      vertex 35.2667 123.446 4
      vertex 35.1842 123.434 4
    endloop
  endfacet
  facet normal 0.14394 -0.989586 0
    outer loop
      vertex 35.2667 123.446 4
      vertex 35.1842 123.434 0.599999
      vertex 35.2667 123.446 0.599999
    endloop
  endfacet
  facet normal 0.598084 -0.801433 0
    outer loop
      vertex 34.8108 123.257 0.599999
      vertex 34.8778 123.307 4
      vertex 34.8108 123.257 4
    endloop
  endfacet
  facet normal 0.598084 -0.801433 0
    outer loop
      vertex 34.8778 123.307 4
      vertex 34.8108 123.257 0.599999
      vertex 34.8778 123.307 0.599999
    endloop
  endfacet
  facet normal 0.671478 -0.741024 0
    outer loop
      vertex 34.749 123.201 0.599999
      vertex 34.8108 123.257 4
      vertex 34.749 123.201 4
    endloop
  endfacet
  facet normal 0.671478 -0.741024 0
    outer loop
      vertex 34.8108 123.257 4
      vertex 34.749 123.201 0.599999
      vertex 34.8108 123.257 0.599999
    endloop
  endfacet
  facet normal 0.515377 -0.856964 0
    outer loop
      vertex 34.8778 123.307 0.599999
      vertex 34.9493 123.35 4
      vertex 34.8778 123.307 4
    endloop
  endfacet
  facet normal 0.515377 -0.856964 0
    outer loop
      vertex 34.9493 123.35 4
      vertex 34.8778 123.307 0.599999
      vertex 34.9493 123.35 0.599999
    endloop
  endfacet
  facet normal 0.741507 -0.670945 0
    outer loop
      vertex 34.6929 123.139 4
      vertex 34.749 123.201 0.599999
      vertex 34.749 123.201 4
    endloop
  endfacet
  facet normal 0.741507 -0.670945 0
    outer loop
      vertex 34.749 123.201 0.599999
      vertex 34.6929 123.139 4
      vertex 34.6929 123.139 0.599999
    endloop
  endfacet
  facet normal -0.998782 -0.0493374 0
    outer loop
      vertex 36.2 122.6 0.599999
      vertex 36.1959 122.683 4
      vertex 36.1959 122.683 0.599999
    endloop
  endfacet
  facet normal -0.998782 -0.0493374 0
    outer loop
      vertex 36.1959 122.683 4
      vertex 36.2 122.6 0.599999
      vertex 36.2 122.6 4
    endloop
  endfacet
  facet normal -0.14394 0.989586 0
    outer loop
      vertex 35.5158 121.766 0.599999
      vertex 35.4333 121.754 4
      vertex 35.5158 121.766 4
    endloop
  endfacet
  facet normal -0.14394 0.989586 0
    outer loop
      vertex 35.4333 121.754 4
      vertex 35.5158 121.766 0.599999
      vertex 35.4333 121.754 0.599999
    endloop
  endfacet
  facet normal -0.335577 0.942013 0
    outer loop
      vertex 35.6753 121.815 0.599999
      vertex 35.5967 121.787 4
      vertex 35.6753 121.815 4
    endloop
  endfacet
  facet normal -0.335577 0.942013 0
    outer loop
      vertex 35.5967 121.787 4
      vertex 35.6753 121.815 0.599999
      vertex 35.5967 121.787 0.599999
    endloop
  endfacet
  facet normal -0.671478 0.741024 0
    outer loop
      vertex 35.951 121.999 0.599999
      vertex 35.8892 121.943 4
      vertex 35.951 121.999 4
    endloop
  endfacet
  facet normal -0.671478 0.741024 0
    outer loop
      vertex 35.8892 121.943 4
      vertex 35.951 121.999 0.599999
      vertex 35.8892 121.943 0.599999
    endloop
  endfacet
  facet normal -0.515377 0.856964 0
    outer loop
      vertex 35.8222 121.893 0.599999
      vertex 35.7507 121.85 4
      vertex 35.8222 121.893 4
    endloop
  endfacet
  facet normal -0.515377 0.856964 0
    outer loop
      vertex 35.7507 121.85 4
      vertex 35.8222 121.893 0.599999
      vertex 35.7507 121.85 0.599999
    endloop
  endfacet
  facet normal -0.905115 0.425166 0
    outer loop
      vertex 36.0996 122.199 0.599999
      vertex 36.1353 122.275 4
      vertex 36.1353 122.275 0.599999
    endloop
  endfacet
  facet normal -0.905115 0.425166 0
    outer loop
      vertex 36.1353 122.275 4
      vertex 36.0996 122.199 0.599999
      vertex 36.0996 122.199 4
    endloop
  endfacet
  facet normal -0.0479639 0.998849 0
    outer loop
      vertex 35.4333 121.754 0.599999
      vertex 35.35 121.75 4
      vertex 35.4333 121.754 4
    endloop
  endfacet
  facet normal -0.0479639 0.998849 0
    outer loop
      vertex 35.35 121.75 4
      vertex 35.4333 121.754 0.599999
      vertex 35.35 121.75 0.599999
    endloop
  endfacet
  facet normal 0.251253 0.967922 -0
    outer loop
      vertex 35.1842 121.766 0.599999
      vertex 35.1033 121.787 4
      vertex 35.1842 121.766 4
    endloop
  endfacet
  facet normal 0.251253 0.967922 0
    outer loop
      vertex 35.1033 121.787 4
      vertex 35.1842 121.766 0.599999
      vertex 35.1033 121.787 0.599999
    endloop
  endfacet
  facet normal 0.421041 0.907042 -0
    outer loop
      vertex 35.0247 121.815 0.599999
      vertex 34.9493 121.85 4
      vertex 35.0247 121.815 4
    endloop
  endfacet
  facet normal 0.421041 0.907042 0
    outer loop
      vertex 34.9493 121.85 4
      vertex 35.0247 121.815 0.599999
      vertex 34.9493 121.85 0.599999
    endloop
  endfacet
  facet normal 0.989369 0.145425 0
    outer loop
      vertex 34.5163 122.434 4
      vertex 34.5041 122.517 0.599999
      vertex 34.5041 122.517 4
    endloop
  endfacet
  facet normal 0.989369 0.145425 0
    outer loop
      vertex 34.5041 122.517 0.599999
      vertex 34.5163 122.434 4
      vertex 34.5163 122.434 0.599999
    endloop
  endfacet
  facet normal 0.940811 0.338933 0
    outer loop
      vertex 34.5647 122.275 4
      vertex 34.5366 122.353 0.599999
      vertex 34.5366 122.353 4
    endloop
  endfacet
  facet normal 0.940811 0.338933 0
    outer loop
      vertex 34.5366 122.353 0.599999
      vertex 34.5647 122.275 4
      vertex 34.5647 122.275 0.599999
    endloop
  endfacet
  facet normal 0.856427 0.516269 0
    outer loop
      vertex 34.6432 122.128 4
      vertex 34.6004 122.199 0.599999
      vertex 34.6004 122.199 4
    endloop
  endfacet
  facet normal 0.856427 0.516269 0
    outer loop
      vertex 34.6004 122.199 0.599999
      vertex 34.6432 122.128 4
      vertex 34.6432 122.128 0.599999
    endloop
  endfacet
  facet normal 0.998782 0.0493374 0
    outer loop
      vertex 34.5041 122.517 4
      vertex 34.5 122.6 0.599999
      vertex 34.5 122.6 4
    endloop
  endfacet
  facet normal 0.998782 0.0493374 0
    outer loop
      vertex 34.5 122.6 0.599999
      vertex 34.5041 122.517 4
      vertex 34.5041 122.517 0.599999
    endloop
  endfacet
  facet normal -0.989369 0.145425 0
    outer loop
      vertex 36.1837 122.434 0.599999
      vertex 36.1959 122.517 4
      vertex 36.1959 122.517 0.599999
    endloop
  endfacet
  facet normal -0.989369 0.145425 0
    outer loop
      vertex 36.1959 122.517 4
      vertex 36.1837 122.434 0.599999
      vertex 36.1837 122.434 4
    endloop
  endfacet
  facet normal -0.970001 0.243099 0
    outer loop
      vertex 36.1634 122.353 0.599999
      vertex 36.1837 122.434 4
      vertex 36.1837 122.434 0.599999
    endloop
  endfacet
  facet normal -0.970001 0.243099 0
    outer loop
      vertex 36.1837 122.434 4
      vertex 36.1634 122.353 0.599999
      vertex 36.1634 122.353 4
    endloop
  endfacet
  facet normal -0.251253 0.967922 0
    outer loop
      vertex 35.5967 121.787 0.599999
      vertex 35.5158 121.766 4
      vertex 35.5967 121.787 4
    endloop
  endfacet
  facet normal -0.251253 0.967922 0
    outer loop
      vertex 35.5158 121.766 4
      vertex 35.5967 121.787 0.599999
      vertex 35.5158 121.766 0.599999
    endloop
  endfacet
  facet normal -0.421041 0.907042 0
    outer loop
      vertex 35.7507 121.85 0.599999
      vertex 35.6753 121.815 4
      vertex 35.7507 121.85 4
    endloop
  endfacet
  facet normal -0.421041 0.907042 0
    outer loop
      vertex 35.6753 121.815 4
      vertex 35.7507 121.85 0.599999
      vertex 35.6753 121.815 0.599999
    endloop
  endfacet
  facet normal -0.741507 0.670945 0
    outer loop
      vertex 35.951 121.999 0.599999
      vertex 36.0071 122.061 4
      vertex 36.0071 122.061 0.599999
    endloop
  endfacet
  facet normal -0.741507 0.670945 0
    outer loop
      vertex 36.0071 122.061 4
      vertex 35.951 121.999 0.599999
      vertex 35.951 121.999 4
    endloop
  endfacet
  facet normal -0.598084 0.801433 0
    outer loop
      vertex 35.8892 121.943 0.599999
      vertex 35.8222 121.893 4
      vertex 35.8892 121.943 4
    endloop
  endfacet
  facet normal -0.598084 0.801433 0
    outer loop
      vertex 35.8222 121.893 4
      vertex 35.8892 121.943 0.599999
      vertex 35.8222 121.893 0.599999
    endloop
  endfacet
  facet normal -0.940811 0.338933 0
    outer loop
      vertex 36.1353 122.275 0.599999
      vertex 36.1634 122.353 4
      vertex 36.1634 122.353 0.599999
    endloop
  endfacet
  facet normal -0.940811 0.338933 0
    outer loop
      vertex 36.1634 122.353 4
      vertex 36.1353 122.275 0.599999
      vertex 36.1353 122.275 4
    endloop
  endfacet
  facet normal -0.855893 0.517152 0
    outer loop
      vertex 36.0567 122.128 0.599999
      vertex 36.0996 122.199 4
      vertex 36.0996 122.199 0.599999
    endloop
  endfacet
  facet normal -0.855893 0.517152 0
    outer loop
      vertex 36.0996 122.199 4
      vertex 36.0567 122.128 0.599999
      vertex 36.0567 122.128 4
    endloop
  endfacet
  facet normal 0.14394 0.989586 -0
    outer loop
      vertex 35.2667 121.754 0.599999
      vertex 35.1842 121.766 4
      vertex 35.2667 121.754 4
    endloop
  endfacet
  facet normal 0.14394 0.989586 0
    outer loop
      vertex 35.1842 121.766 4
      vertex 35.2667 121.754 0.599999
      vertex 35.1842 121.766 0.599999
    endloop
  endfacet
  facet normal 0.335577 0.942013 -0
    outer loop
      vertex 35.1033 121.787 0.599999
      vertex 35.0247 121.815 4
      vertex 35.1033 121.787 4
    endloop
  endfacet
  facet normal 0.335577 0.942013 0
    outer loop
      vertex 35.0247 121.815 4
      vertex 35.1033 121.787 0.599999
      vertex 35.0247 121.815 0.599999
    endloop
  endfacet
  facet normal 0.515377 0.856964 -0
    outer loop
      vertex 34.9493 121.85 0.599999
      vertex 34.8778 121.893 4
      vertex 34.9493 121.85 4
    endloop
  endfacet
  facet normal 0.515377 0.856964 0
    outer loop
      vertex 34.8778 121.893 4
      vertex 34.9493 121.85 0.599999
      vertex 34.8778 121.893 0.599999
    endloop
  endfacet
  facet normal 0.970001 0.243099 0
    outer loop
      vertex 34.5366 122.353 4
      vertex 34.5163 122.434 0.599999
      vertex 34.5163 122.434 4
    endloop
  endfacet
  facet normal 0.970001 0.243099 0
    outer loop
      vertex 34.5163 122.434 0.599999
      vertex 34.5366 122.353 4
      vertex 34.5366 122.353 0.599999
    endloop
  endfacet
  facet normal 0.803154 0.595772 0
    outer loop
      vertex 34.6929 122.061 4
      vertex 34.6432 122.128 0.599999
      vertex 34.6432 122.128 4
    endloop
  endfacet
  facet normal 0.803154 0.595772 0
    outer loop
      vertex 34.6432 122.128 0.599999
      vertex 34.6929 122.061 4
      vertex 34.6929 122.061 0.599999
    endloop
  endfacet
  facet normal 0.671478 0.741024 -0
    outer loop
      vertex 34.8108 121.943 0.599999
      vertex 34.749 121.999 4
      vertex 34.8108 121.943 4
    endloop
  endfacet
  facet normal 0.671478 0.741024 0
    outer loop
      vertex 34.749 121.999 4
      vertex 34.8108 121.943 0.599999
      vertex 34.749 121.999 0.599999
    endloop
  endfacet
  facet normal -0.146717 0.989178 0
    outer loop
      vertex 20.6914 21.5336 0
      vertex 20.5215 21.5084 2
      vertex 20.6914 21.5336 2
    endloop
  endfacet
  facet normal -0.146717 0.989178 0
    outer loop
      vertex 20.5215 21.5084 2
      vertex 20.6914 21.5336 0
      vertex 20.5215 21.5084 0
    endloop
  endfacet
  facet normal 0.969937 -0.243357 0
    outer loop
      vertex 18.6336 27.0914 2
      vertex 18.6754 27.258 0
      vertex 18.6754 27.258 2
    endloop
  endfacet
  facet normal 0.969937 -0.243357 0
    outer loop
      vertex 18.6754 27.258 0
      vertex 18.6336 27.0914 2
      vertex 18.6336 27.0914 0
    endloop
  endfacet
  facet normal 0.146717 0.989178 -0
    outer loop
      vertex 20.1785 21.5084 0
      vertex 20.0086 21.5336 2
      vertex 20.1785 21.5084 2
    endloop
  endfacet
  facet normal 0.146717 0.989178 0
    outer loop
      vertex 20.0086 21.5336 2
      vertex 20.1785 21.5084 0
      vertex 20.0086 21.5336 0
    endloop
  endfacet
  facet normal 0.998803 0.0489209 0
    outer loop
      vertex 18.6084 23.0785 2
      vertex 18.6 23.25 0
      vertex 18.6 23.25 2
    endloop
  endfacet
  facet normal 0.998803 0.0489209 0
    outer loop
      vertex 18.6 23.25 0
      vertex 18.6084 23.0785 2
      vertex 18.6084 23.0785 0
    endloop
  endfacet
  facet normal 0.903999 0.427535 0
    outer loop
      vertex 18.8066 22.4251 2
      vertex 18.7332 22.5803 0
      vertex 18.7332 22.5803 2
    endloop
  endfacet
  facet normal 0.903999 0.427535 0
    outer loop
      vertex 18.7332 22.5803 0
      vertex 18.8066 22.4251 2
      vertex 18.8066 22.4251 0
    endloop
  endfacet
  facet normal 0.740625 0.671919 0
    outer loop
      vertex 19.1126 22.0126 2
      vertex 18.9972 22.1398 0
      vertex 18.9972 22.1398 2
    endloop
  endfacet
  facet normal 0.740625 0.671919 0
    outer loop
      vertex 18.9972 22.1398 0
      vertex 19.1126 22.0126 2
      vertex 19.1126 22.0126 0
    endloop
  endfacet
  facet normal 0.59552 0.803341 -0
    outer loop
      vertex 19.3778 21.7949 0
      vertex 19.2398 21.8972 2
      vertex 19.3778 21.7949 2
    endloop
  endfacet
  facet normal 0.59552 0.803341 0
    outer loop
      vertex 19.2398 21.8972 2
      vertex 19.3778 21.7949 0
      vertex 19.2398 21.8972 0
    endloop
  endfacet
  facet normal 0.514153 0.857698 -0
    outer loop
      vertex 19.5251 21.7066 0
      vertex 19.3778 21.7949 2
      vertex 19.5251 21.7066 2
    endloop
  endfacet
  facet normal 0.514153 0.857698 0
    outer loop
      vertex 19.3778 21.7949 2
      vertex 19.5251 21.7066 0
      vertex 19.3778 21.7949 0
    endloop
  endfacet
  facet normal 0.94165 0.336595 0
    outer loop
      vertex 18.7332 22.5803 2
      vertex 18.6754 22.742 0
      vertex 18.6754 22.742 2
    endloop
  endfacet
  facet normal 0.94165 0.336595 0
    outer loop
      vertex 18.6754 22.742 0
      vertex 18.7332 22.5803 2
      vertex 18.7332 22.5803 0
    endloop
  endfacet
  facet normal 0.803341 0.59552 0
    outer loop
      vertex 18.9972 22.1398 2
      vertex 18.8949 22.2778 0
      vertex 18.8949 22.2778 2
    endloop
  endfacet
  facet normal 0.803341 0.59552 0
    outer loop
      vertex 18.8949 22.2778 0
      vertex 18.9972 22.1398 2
      vertex 18.9972 22.1398 0
    endloop
  endfacet
  facet normal 0.671919 0.740625 -0
    outer loop
      vertex 19.2398 21.8972 0
      vertex 19.1126 22.0126 2
      vertex 19.2398 21.8972 2
    endloop
  endfacet
  facet normal 0.671919 0.740625 0
    outer loop
      vertex 19.1126 22.0126 2
      vertex 19.2398 21.8972 0
      vertex 19.1126 22.0126 0
    endloop
  endfacet
  facet normal -1 0 0
    outer loop
      vertex 22.1 23.25 0
      vertex 22.1 26.75 2
      vertex 22.1 26.75 0
    endloop
  endfacet
  facet normal -1 -0 0
    outer loop
      vertex 22.1 26.75 2
      vertex 22.1 23.25 0
      vertex 22.1 23.25 2
    endloop
  endfacet
  facet normal -0.857698 0.514153 0
    outer loop
      vertex 21.8051 22.2778 0
      vertex 21.8934 22.4251 2
      vertex 21.8934 22.4251 0
    endloop
  endfacet
  facet normal -0.857698 0.514153 0
    outer loop
      vertex 21.8934 22.4251 2
      vertex 21.8051 22.2778 0
      vertex 21.8051 22.2778 2
    endloop
  endfacet
  facet normal 0.740625 -0.671919 0
    outer loop
      vertex 18.9972 27.8602 2
      vertex 19.1126 27.9874 0
      vertex 19.1126 27.9874 2
    endloop
  endfacet
  facet normal 0.740625 -0.671919 0
    outer loop
      vertex 19.1126 27.9874 0
      vertex 18.9972 27.8602 2
      vertex 18.9972 27.8602 0
    endloop
  endfacet
  facet normal 0.427535 -0.903999 0
    outer loop
      vertex 19.5251 28.2934 0
      vertex 19.6803 28.3668 2
      vertex 19.5251 28.2934 2
    endloop
  endfacet
  facet normal 0.427535 -0.903999 0
    outer loop
      vertex 19.6803 28.3668 2
      vertex 19.5251 28.2934 0
      vertex 19.6803 28.3668 0
    endloop
  endfacet
  facet normal -0.146717 -0.989178 0
    outer loop
      vertex 20.5215 28.4916 0
      vertex 20.6914 28.4664 2
      vertex 20.5215 28.4916 2
    endloop
  endfacet
  facet normal -0.146717 -0.989178 -0
    outer loop
      vertex 20.6914 28.4664 2
      vertex 20.5215 28.4916 0
      vertex 20.6914 28.4664 0
    endloop
  endfacet
  facet normal 0.989178 0.146717 0
    outer loop
      vertex 18.6336 22.9086 2
      vertex 18.6084 23.0785 0
      vertex 18.6084 23.0785 2
    endloop
  endfacet
  facet normal 0.989178 0.146717 0
    outer loop
      vertex 18.6084 23.0785 0
      vertex 18.6336 22.9086 2
      vertex 18.6336 22.9086 0
    endloop
  endfacet
  facet normal 0.969937 0.243357 0
    outer loop
      vertex 18.6754 22.742 2
      vertex 18.6336 22.9086 0
      vertex 18.6336 22.9086 2
    endloop
  endfacet
  facet normal 0.969937 0.243357 0
    outer loop
      vertex 18.6336 22.9086 0
      vertex 18.6754 22.742 2
      vertex 18.6754 22.742 0
    endloop
  endfacet
  facet normal -0.0489209 0.998803 0
    outer loop
      vertex 20.5215 21.5084 0
      vertex 20.35 21.5 2
      vertex 20.5215 21.5084 2
    endloop
  endfacet
  facet normal -0.0489209 0.998803 0
    outer loop
      vertex 20.35 21.5 2
      vertex 20.5215 21.5084 0
      vertex 20.35 21.5 0
    endloop
  endfacet
  facet normal -0.243357 0.969937 0
    outer loop
      vertex 20.858 21.5754 0
      vertex 20.6914 21.5336 2
      vertex 20.858 21.5754 2
    endloop
  endfacet
  facet normal -0.243357 0.969937 0
    outer loop
      vertex 20.6914 21.5336 2
      vertex 20.858 21.5754 0
      vertex 20.6914 21.5336 0
    endloop
  endfacet
  facet normal -0.969937 0.243357 0
    outer loop
      vertex 22.0246 22.742 0
      vertex 22.0664 22.9086 2
      vertex 22.0664 22.9086 0
    endloop
  endfacet
  facet normal -0.969937 0.243357 0
    outer loop
      vertex 22.0664 22.9086 2
      vertex 22.0246 22.742 0
      vertex 22.0246 22.742 2
    endloop
  endfacet
  facet normal -0.989178 -0.146717 0
    outer loop
      vertex 22.0916 26.9215 0
      vertex 22.0664 27.0914 2
      vertex 22.0664 27.0914 0
    endloop
  endfacet
  facet normal -0.989178 -0.146717 0
    outer loop
      vertex 22.0664 27.0914 2
      vertex 22.0916 26.9215 0
      vertex 22.0916 26.9215 2
    endloop
  endfacet
  facet normal 1 -0 0
    outer loop
      vertex 18.6 23.25 2
      vertex 18.6 26.75 0
      vertex 18.6 26.75 2
    endloop
  endfacet
  facet normal 1 0 0
    outer loop
      vertex 18.6 26.75 0
      vertex 18.6 23.25 2
      vertex 18.6 23.25 0
    endloop
  endfacet
  facet normal 0.59552 -0.803341 0
    outer loop
      vertex 19.2398 28.1028 0
      vertex 19.3778 28.2051 2
      vertex 19.2398 28.1028 2
    endloop
  endfacet
  facet normal 0.59552 -0.803341 0
    outer loop
      vertex 19.3778 28.2051 2
      vertex 19.2398 28.1028 0
      vertex 19.3778 28.2051 0
    endloop
  endfacet
  facet normal -0.336595 -0.94165 0
    outer loop
      vertex 20.858 28.4246 0
      vertex 21.0197 28.3668 2
      vertex 20.858 28.4246 2
    endloop
  endfacet
  facet normal -0.336595 -0.94165 -0
    outer loop
      vertex 21.0197 28.3668 2
      vertex 20.858 28.4246 0
      vertex 21.0197 28.3668 0
    endloop
  endfacet
  facet normal 0.857698 0.514153 0
    outer loop
      vertex 18.8949 22.2778 2
      vertex 18.8066 22.4251 0
      vertex 18.8066 22.4251 2
    endloop
  endfacet
  facet normal 0.857698 0.514153 0
    outer loop
      vertex 18.8066 22.4251 0
      vertex 18.8949 22.2778 2
      vertex 18.8949 22.2778 0
    endloop
  endfacet
  facet normal 0.0489209 0.998803 -0
    outer loop
      vertex 20.35 21.5 0
      vertex 20.1785 21.5084 2
      vertex 20.35 21.5 2
    endloop
  endfacet
  facet normal 0.0489209 0.998803 0
    outer loop
      vertex 20.1785 21.5084 2
      vertex 20.35 21.5 0
      vertex 20.1785 21.5084 0
    endloop
  endfacet
  facet normal -0.427535 0.903999 0
    outer loop
      vertex 21.1749 21.7066 0
      vertex 21.0197 21.6332 2
      vertex 21.1749 21.7066 2
    endloop
  endfacet
  facet normal -0.427535 0.903999 0
    outer loop
      vertex 21.0197 21.6332 2
      vertex 21.1749 21.7066 0
      vertex 21.0197 21.6332 0
    endloop
  endfacet
  facet normal -0.336595 0.94165 0
    outer loop
      vertex 21.0197 21.6332 0
      vertex 20.858 21.5754 2
      vertex 21.0197 21.6332 2
    endloop
  endfacet
  facet normal -0.336595 0.94165 0
    outer loop
      vertex 20.858 21.5754 2
      vertex 21.0197 21.6332 0
      vertex 20.858 21.5754 0
    endloop
  endfacet
  facet normal -0.59552 0.803341 0
    outer loop
      vertex 21.4602 21.8972 0
      vertex 21.3222 21.7949 2
      vertex 21.4602 21.8972 2
    endloop
  endfacet
  facet normal -0.59552 0.803341 0
    outer loop
      vertex 21.3222 21.7949 2
      vertex 21.4602 21.8972 0
      vertex 21.3222 21.7949 0
    endloop
  endfacet
  facet normal -0.803341 0.59552 0
    outer loop
      vertex 21.7028 22.1398 0
      vertex 21.8051 22.2778 2
      vertex 21.8051 22.2778 0
    endloop
  endfacet
  facet normal -0.803341 0.59552 0
    outer loop
      vertex 21.8051 22.2778 2
      vertex 21.7028 22.1398 0
      vertex 21.7028 22.1398 2
    endloop
  endfacet
  facet normal -0.671919 0.740625 0
    outer loop
      vertex 21.5874 22.0126 0
      vertex 21.4602 21.8972 2
      vertex 21.5874 22.0126 2
    endloop
  endfacet
  facet normal -0.671919 0.740625 0
    outer loop
      vertex 21.4602 21.8972 2
      vertex 21.5874 22.0126 0
      vertex 21.4602 21.8972 0
    endloop
  endfacet
  facet normal -0.94165 -0.336595 0
    outer loop
      vertex 22.0246 27.258 0
      vertex 21.9668 27.4197 2
      vertex 21.9668 27.4197 0
    endloop
  endfacet
  facet normal -0.94165 -0.336595 0
    outer loop
      vertex 21.9668 27.4197 2
      vertex 22.0246 27.258 0
      vertex 22.0246 27.258 2
    endloop
  endfacet
  facet normal -0.59552 -0.803341 0
    outer loop
      vertex 21.3222 28.2051 0
      vertex 21.4602 28.1028 2
      vertex 21.3222 28.2051 2
    endloop
  endfacet
  facet normal -0.59552 -0.803341 -0
    outer loop
      vertex 21.4602 28.1028 2
      vertex 21.3222 28.2051 0
      vertex 21.4602 28.1028 0
    endloop
  endfacet
  facet normal 0.94165 -0.336595 0
    outer loop
      vertex 18.6754 27.258 2
      vertex 18.7332 27.4197 0
      vertex 18.7332 27.4197 2
    endloop
  endfacet
  facet normal 0.94165 -0.336595 0
    outer loop
      vertex 18.7332 27.4197 0
      vertex 18.6754 27.258 2
      vertex 18.6754 27.258 0
    endloop
  endfacet
  facet normal 0.671919 -0.740625 0
    outer loop
      vertex 19.1126 27.9874 0
      vertex 19.2398 28.1028 2
      vertex 19.1126 27.9874 2
    endloop
  endfacet
  facet normal 0.671919 -0.740625 0
    outer loop
      vertex 19.2398 28.1028 2
      vertex 19.1126 27.9874 0
      vertex 19.2398 28.1028 0
    endloop
  endfacet
  facet normal 0.514153 -0.857698 0
    outer loop
      vertex 19.3778 28.2051 0
      vertex 19.5251 28.2934 2
      vertex 19.3778 28.2051 2
    endloop
  endfacet
  facet normal 0.514153 -0.857698 0
    outer loop
      vertex 19.5251 28.2934 2
      vertex 19.3778 28.2051 0
      vertex 19.5251 28.2934 0
    endloop
  endfacet
  facet normal 0.146717 -0.989178 0
    outer loop
      vertex 20.0086 28.4664 0
      vertex 20.1785 28.4916 2
      vertex 20.0086 28.4664 2
    endloop
  endfacet
  facet normal 0.146717 -0.989178 0
    outer loop
      vertex 20.1785 28.4916 2
      vertex 20.0086 28.4664 0
      vertex 20.1785 28.4916 0
    endloop
  endfacet
  facet normal -0.0489209 -0.998803 0
    outer loop
      vertex 20.35 28.5 0
      vertex 20.5215 28.4916 2
      vertex 20.35 28.5 2
    endloop
  endfacet
  facet normal -0.0489209 -0.998803 -0
    outer loop
      vertex 20.5215 28.4916 2
      vertex 20.35 28.5 0
      vertex 20.5215 28.4916 0
    endloop
  endfacet
  facet normal -0.998803 0.0489209 0
    outer loop
      vertex 22.0916 23.0785 0
      vertex 22.1 23.25 2
      vertex 22.1 23.25 0
    endloop
  endfacet
  facet normal -0.998803 0.0489209 0
    outer loop
      vertex 22.1 23.25 2
      vertex 22.0916 23.0785 0
      vertex 22.0916 23.0785 2
    endloop
  endfacet
  facet normal -0.903999 0.427535 0
    outer loop
      vertex 21.8934 22.4251 0
      vertex 21.9668 22.5803 2
      vertex 21.9668 22.5803 0
    endloop
  endfacet
  facet normal -0.903999 0.427535 0
    outer loop
      vertex 21.9668 22.5803 2
      vertex 21.8934 22.4251 0
      vertex 21.8934 22.4251 2
    endloop
  endfacet
  facet normal -0.989178 0.146717 0
    outer loop
      vertex 22.0664 22.9086 0
      vertex 22.0916 23.0785 2
      vertex 22.0916 23.0785 0
    endloop
  endfacet
  facet normal -0.989178 0.146717 0
    outer loop
      vertex 22.0916 23.0785 2
      vertex 22.0664 22.9086 0
      vertex 22.0664 22.9086 2
    endloop
  endfacet
  facet normal -0.514153 0.857698 0
    outer loop
      vertex 21.3222 21.7949 0
      vertex 21.1749 21.7066 2
      vertex 21.3222 21.7949 2
    endloop
  endfacet
  facet normal -0.514153 0.857698 0
    outer loop
      vertex 21.1749 21.7066 2
      vertex 21.3222 21.7949 0
      vertex 21.1749 21.7066 0
    endloop
  endfacet
  facet normal -0.740625 0.671919 0
    outer loop
      vertex 21.5874 22.0126 0
      vertex 21.7028 22.1398 2
      vertex 21.7028 22.1398 0
    endloop
  endfacet
  facet normal -0.740625 0.671919 0
    outer loop
      vertex 21.7028 22.1398 2
      vertex 21.5874 22.0126 0
      vertex 21.5874 22.0126 2
    endloop
  endfacet
  facet normal -0.998803 -0.0489209 0
    outer loop
      vertex 22.1 26.75 0
      vertex 22.0916 26.9215 2
      vertex 22.0916 26.9215 0
    endloop
  endfacet
  facet normal -0.998803 -0.0489209 0
    outer loop
      vertex 22.0916 26.9215 2
      vertex 22.1 26.75 0
      vertex 22.1 26.75 2
    endloop
  endfacet
  facet normal -0.969937 -0.243357 0
    outer loop
      vertex 22.0664 27.0914 0
      vertex 22.0246 27.258 2
      vertex 22.0246 27.258 0
    endloop
  endfacet
  facet normal -0.969937 -0.243357 0
    outer loop
      vertex 22.0246 27.258 2
      vertex 22.0664 27.0914 0
      vertex 22.0664 27.0914 2
    endloop
  endfacet
  facet normal -0.903999 -0.427535 0
    outer loop
      vertex 21.9668 27.4197 0
      vertex 21.8934 27.5749 2
      vertex 21.8934 27.5749 0
    endloop
  endfacet
  facet normal -0.903999 -0.427535 0
    outer loop
      vertex 21.8934 27.5749 2
      vertex 21.9668 27.4197 0
      vertex 21.9668 27.4197 2
    endloop
  endfacet
  facet normal -0.803341 -0.59552 0
    outer loop
      vertex 21.8051 27.7222 0
      vertex 21.7028 27.8602 2
      vertex 21.7028 27.8602 0
    endloop
  endfacet
  facet normal -0.803341 -0.59552 0
    outer loop
      vertex 21.7028 27.8602 2
      vertex 21.8051 27.7222 0
      vertex 21.8051 27.7222 2
    endloop
  endfacet
  facet normal -0.857698 -0.514153 0
    outer loop
      vertex 21.8934 27.5749 0
      vertex 21.8051 27.7222 2
      vertex 21.8051 27.7222 0
    endloop
  endfacet
  facet normal -0.857698 -0.514153 0
    outer loop
      vertex 21.8051 27.7222 2
      vertex 21.8934 27.5749 0
      vertex 21.8934 27.5749 2
    endloop
  endfacet
  facet normal 0.998803 -0.0489209 0
    outer loop
      vertex 18.6 26.75 2
      vertex 18.6084 26.9215 0
      vertex 18.6084 26.9215 2
    endloop
  endfacet
  facet normal 0.998803 -0.0489209 0
    outer loop
      vertex 18.6084 26.9215 0
      vertex 18.6 26.75 2
      vertex 18.6 26.75 0
    endloop
  endfacet
  facet normal 0.989178 -0.146717 0
    outer loop
      vertex 18.6084 26.9215 2
      vertex 18.6336 27.0914 0
      vertex 18.6336 27.0914 2
    endloop
  endfacet
  facet normal 0.989178 -0.146717 0
    outer loop
      vertex 18.6336 27.0914 0
      vertex 18.6084 26.9215 2
      vertex 18.6084 26.9215 0
    endloop
  endfacet
  facet normal 0.903999 -0.427535 0
    outer loop
      vertex 18.7332 27.4197 2
      vertex 18.8066 27.5749 0
      vertex 18.8066 27.5749 2
    endloop
  endfacet
  facet normal 0.903999 -0.427535 0
    outer loop
      vertex 18.8066 27.5749 0
      vertex 18.7332 27.4197 2
      vertex 18.7332 27.4197 0
    endloop
  endfacet
  facet normal 0.803341 -0.59552 0
    outer loop
      vertex 18.8949 27.7222 2
      vertex 18.9972 27.8602 0
      vertex 18.9972 27.8602 2
    endloop
  endfacet
  facet normal 0.803341 -0.59552 0
    outer loop
      vertex 18.9972 27.8602 0
      vertex 18.8949 27.7222 2
      vertex 18.8949 27.7222 0
    endloop
  endfacet
  facet normal 0.243357 -0.969937 0
    outer loop
      vertex 19.842 28.4246 0
      vertex 20.0086 28.4664 2
      vertex 19.842 28.4246 2
    endloop
  endfacet
  facet normal 0.243357 -0.969937 0
    outer loop
      vertex 20.0086 28.4664 2
      vertex 19.842 28.4246 0
      vertex 20.0086 28.4664 0
    endloop
  endfacet
  facet normal 0.0489209 -0.998803 0
    outer loop
      vertex 20.1785 28.4916 0
      vertex 20.35 28.5 2
      vertex 20.1785 28.4916 2
    endloop
  endfacet
  facet normal 0.0489209 -0.998803 0
    outer loop
      vertex 20.35 28.5 2
      vertex 20.1785 28.4916 0
      vertex 20.35 28.5 0
    endloop
  endfacet
  facet normal 0.336595 0.94165 -0
    outer loop
      vertex 19.842 21.5754 0
      vertex 19.6803 21.6332 2
      vertex 19.842 21.5754 2
    endloop
  endfacet
  facet normal 0.336595 0.94165 0
    outer loop
      vertex 19.6803 21.6332 2
      vertex 19.842 21.5754 0
      vertex 19.6803 21.6332 0
    endloop
  endfacet
  facet normal -0.94165 0.336595 0
    outer loop
      vertex 21.9668 22.5803 0
      vertex 22.0246 22.742 2
      vertex 22.0246 22.742 0
    endloop
  endfacet
  facet normal -0.94165 0.336595 0
    outer loop
      vertex 22.0246 22.742 2
      vertex 21.9668 22.5803 0
      vertex 21.9668 22.5803 2
    endloop
  endfacet
  facet normal -0.671919 -0.740625 0
    outer loop
      vertex 21.4602 28.1028 0
      vertex 21.5874 27.9874 2
      vertex 21.4602 28.1028 2
    endloop
  endfacet
  facet normal -0.671919 -0.740625 -0
    outer loop
      vertex 21.5874 27.9874 2
      vertex 21.4602 28.1028 0
      vertex 21.5874 27.9874 0
    endloop
  endfacet
  facet normal -0.740625 -0.671919 0
    outer loop
      vertex 21.7028 27.8602 0
      vertex 21.5874 27.9874 2
      vertex 21.5874 27.9874 0
    endloop
  endfacet
  facet normal -0.740625 -0.671919 0
    outer loop
      vertex 21.5874 27.9874 2
      vertex 21.7028 27.8602 0
      vertex 21.7028 27.8602 2
    endloop
  endfacet
  facet normal 0.857698 -0.514153 0
    outer loop
      vertex 18.8066 27.5749 2
      vertex 18.8949 27.7222 0
      vertex 18.8949 27.7222 2
    endloop
  endfacet
  facet normal 0.857698 -0.514153 0
    outer loop
      vertex 18.8949 27.7222 0
      vertex 18.8066 27.5749 2
      vertex 18.8066 27.5749 0
    endloop
  endfacet
  facet normal 0.336595 -0.94165 0
    outer loop
      vertex 19.6803 28.3668 0
      vertex 19.842 28.4246 2
      vertex 19.6803 28.3668 2
    endloop
  endfacet
  facet normal 0.336595 -0.94165 0
    outer loop
      vertex 19.842 28.4246 2
      vertex 19.6803 28.3668 0
      vertex 19.842 28.4246 0
    endloop
  endfacet
  facet normal -0.243357 -0.969937 0
    outer loop
      vertex 20.6914 28.4664 0
      vertex 20.858 28.4246 2
      vertex 20.6914 28.4664 2
    endloop
  endfacet
  facet normal -0.243357 -0.969937 -0
    outer loop
      vertex 20.858 28.4246 2
      vertex 20.6914 28.4664 0
      vertex 20.858 28.4246 0
    endloop
  endfacet
  facet normal -0.427535 -0.903999 0
    outer loop
      vertex 21.0197 28.3668 0
      vertex 21.1749 28.2934 2
      vertex 21.0197 28.3668 2
    endloop
  endfacet
  facet normal -0.427535 -0.903999 -0
    outer loop
      vertex 21.1749 28.2934 2
      vertex 21.0197 28.3668 0
      vertex 21.1749 28.2934 0
    endloop
  endfacet
  facet normal -0.514153 -0.857698 0
    outer loop
      vertex 21.1749 28.2934 0
      vertex 21.3222 28.2051 2
      vertex 21.1749 28.2934 2
    endloop
  endfacet
  facet normal -0.514153 -0.857698 -0
    outer loop
      vertex 21.3222 28.2051 2
      vertex 21.1749 28.2934 0
      vertex 21.3222 28.2051 0
    endloop
  endfacet
  facet normal 0.427535 0.903999 -0
    outer loop
      vertex 19.6803 21.6332 0
      vertex 19.5251 21.7066 2
      vertex 19.6803 21.6332 2
    endloop
  endfacet
  facet normal 0.427535 0.903999 0
    outer loop
      vertex 19.5251 21.7066 2
      vertex 19.6803 21.6332 0
      vertex 19.5251 21.7066 0
    endloop
  endfacet
  facet normal 0.243357 0.969937 -0
    outer loop
      vertex 20.0086 21.5336 0
      vertex 19.842 21.5754 2
      vertex 20.0086 21.5336 2
    endloop
  endfacet
  facet normal 0.243357 0.969937 0
    outer loop
      vertex 19.842 21.5754 2
      vertex 20.0086 21.5336 0
      vertex 19.842 21.5754 0
    endloop
  endfacet
  facet normal -0.15127 0.988492 0
    outer loop
      vertex 20.6914 108.534 0
      vertex 20.5215 108.508 2
      vertex 20.6914 108.534 2
    endloop
  endfacet
  facet normal -0.15127 0.988492 0
    outer loop
      vertex 20.5215 108.508 2
      vertex 20.6914 108.534 0
      vertex 20.5215 108.508 0
    endloop
  endfacet
  facet normal 0.970074 -0.242809 0
    outer loop
      vertex 18.6336 114.091 2
      vertex 18.6754 114.258 0
      vertex 18.6754 114.258 2
    endloop
  endfacet
  facet normal 0.970074 -0.242809 0
    outer loop
      vertex 18.6754 114.258 0
      vertex 18.6336 114.091 2
      vertex 18.6336 114.091 0
    endloop
  endfacet
  facet normal 0.15127 0.988492 -0
    outer loop
      vertex 20.1785 108.508 0
      vertex 20.0086 108.534 2
      vertex 20.1785 108.508 2
    endloop
  endfacet
  facet normal 0.15127 0.988492 0
    outer loop
      vertex 20.0086 108.534 2
      vertex 20.1785 108.508 0
      vertex 20.0086 108.534 0
    endloop
  endfacet
  facet normal 0.99881 0.0487791 0
    outer loop
      vertex 18.6084 110.078 2
      vertex 18.6 110.25 0
      vertex 18.6 110.25 2
    endloop
  endfacet
  facet normal 0.99881 0.0487791 0
    outer loop
      vertex 18.6 110.25 0
      vertex 18.6084 110.078 2
      vertex 18.6084 110.078 0
    endloop
  endfacet
  facet normal 0.903785 0.427986 0
    outer loop
      vertex 18.8066 109.425 2
      vertex 18.7332 109.58 0
      vertex 18.7332 109.58 2
    endloop
  endfacet
  facet normal 0.903785 0.427986 0
    outer loop
      vertex 18.7332 109.58 0
      vertex 18.8066 109.425 2
      vertex 18.8066 109.425 0
    endloop
  endfacet
  facet normal 0.740098 0.672499 0
    outer loop
      vertex 19.1126 109.013 2
      vertex 18.9972 109.14 0
      vertex 18.9972 109.14 2
    endloop
  endfacet
  facet normal 0.740098 0.672499 0
    outer loop
      vertex 18.9972 109.14 0
      vertex 19.1126 109.013 2
      vertex 19.1126 109.013 0
    endloop
  endfacet
  facet normal 0.594391 0.804176 -0
    outer loop
      vertex 19.3778 108.795 0
      vertex 19.2398 108.897 2
      vertex 19.3778 108.795 2
    endloop
  endfacet
  facet normal 0.594391 0.804176 0
    outer loop
      vertex 19.2398 108.897 2
      vertex 19.3778 108.795 0
      vertex 19.2398 108.897 0
    endloop
  endfacet
  facet normal 0.512866 0.858468 -0
    outer loop
      vertex 19.5251 108.707 0
      vertex 19.3778 108.795 2
      vertex 19.5251 108.707 2
    endloop
  endfacet
  facet normal 0.512866 0.858468 0
    outer loop
      vertex 19.3778 108.795 2
      vertex 19.5251 108.707 0
      vertex 19.3778 108.795 0
    endloop
  endfacet
  facet normal 0.941847 0.336042 0
    outer loop
      vertex 18.7332 109.58 2
      vertex 18.6754 109.742 0
      vertex 18.6754 109.742 2
    endloop
  endfacet
  facet normal 0.941847 0.336042 0
    outer loop
      vertex 18.6754 109.742 0
      vertex 18.7332 109.58 2
      vertex 18.7332 109.58 0
    endloop
  endfacet
  facet normal 0.803341 0.59552 0
    outer loop
      vertex 18.9972 109.14 2
      vertex 18.8949 109.278 0
      vertex 18.8949 109.278 2
    endloop
  endfacet
  facet normal 0.803341 0.59552 0
    outer loop
      vertex 18.8949 109.278 0
      vertex 18.9972 109.14 2
      vertex 18.9972 109.14 0
    endloop
  endfacet
  facet normal 0.673828 0.738888 -0
    outer loop
      vertex 19.2398 108.897 0
      vertex 19.1126 109.013 2
      vertex 19.2398 108.897 2
    endloop
  endfacet
  facet normal 0.673828 0.738888 0
    outer loop
      vertex 19.1126 109.013 2
      vertex 19.2398 108.897 0
      vertex 19.1126 109.013 0
    endloop
  endfacet
  facet normal -1 0 0
    outer loop
      vertex 22.1 110.25 0
      vertex 22.1 113.75 2
      vertex 22.1 113.75 0
    endloop
  endfacet
  facet normal -1 -0 0
    outer loop
      vertex 22.1 113.75 2
      vertex 22.1 110.25 0
      vertex 22.1 110.25 2
    endloop
  endfacet
  facet normal -0.857236 0.514924 0
    outer loop
      vertex 21.8051 109.278 0
      vertex 21.8934 109.425 2
      vertex 21.8934 109.425 0
    endloop
  endfacet
  facet normal -0.857236 0.514924 0
    outer loop
      vertex 21.8934 109.425 2
      vertex 21.8051 109.278 0
      vertex 21.8051 109.278 2
    endloop
  endfacet
  facet normal 0.740098 -0.672499 0
    outer loop
      vertex 18.9972 114.86 2
      vertex 19.1126 114.987 0
      vertex 19.1126 114.987 2
    endloop
  endfacet
  facet normal 0.740098 -0.672499 0
    outer loop
      vertex 19.1126 114.987 0
      vertex 18.9972 114.86 2
      vertex 18.9972 114.86 0
    endloop
  endfacet
  facet normal 0.430385 -0.902645 0
    outer loop
      vertex 19.5251 115.293 0
      vertex 19.6803 115.367 2
      vertex 19.5251 115.293 2
    endloop
  endfacet
  facet normal 0.430385 -0.902645 0
    outer loop
      vertex 19.6803 115.367 2
      vertex 19.5251 115.293 0
      vertex 19.6803 115.367 0
    endloop
  endfacet
  facet normal -0.15127 -0.988492 0
    outer loop
      vertex 20.5215 115.492 0
      vertex 20.6914 115.466 2
      vertex 20.5215 115.492 2
    endloop
  endfacet
  facet normal -0.15127 -0.988492 -0
    outer loop
      vertex 20.6914 115.466 2
      vertex 20.5215 115.492 0
      vertex 20.6914 115.466 0
    endloop
  endfacet
  facet normal 0.989065 0.147482 0
    outer loop
      vertex 18.6336 109.909 2
      vertex 18.6084 110.078 0
      vertex 18.6084 110.078 2
    endloop
  endfacet
  facet normal 0.989065 0.147482 0
    outer loop
      vertex 18.6084 110.078 0
      vertex 18.6336 109.909 2
      vertex 18.6336 109.909 0
    endloop
  endfacet
  facet normal 0.970074 0.242809 0
    outer loop
      vertex 18.6754 109.742 2
      vertex 18.6336 109.909 0
      vertex 18.6336 109.909 2
    endloop
  endfacet
  facet normal 0.970074 0.242809 0
    outer loop
      vertex 18.6336 109.909 0
      vertex 18.6754 109.742 2
      vertex 18.6754 109.742 0
    endloop
  endfacet
  facet normal -0.0465966 0.998914 0
    outer loop
      vertex 20.5215 108.508 0
      vertex 20.35 108.5 2
      vertex 20.5215 108.508 2
    endloop
  endfacet
  facet normal -0.0465966 0.998914 0
    outer loop
      vertex 20.35 108.5 2
      vertex 20.5215 108.508 0
      vertex 20.35 108.5 0
    endloop
  endfacet
  facet normal -0.238968 0.971027 0
    outer loop
      vertex 20.858 108.575 0
      vertex 20.6914 108.534 2
      vertex 20.858 108.575 2
    endloop
  endfacet
  facet normal -0.238968 0.971027 0
    outer loop
      vertex 20.6914 108.534 2
      vertex 20.858 108.575 0
      vertex 20.6914 108.534 0
    endloop
  endfacet
  facet normal -0.970074 0.242809 0
    outer loop
      vertex 22.0246 109.742 0
      vertex 22.0664 109.909 2
      vertex 22.0664 109.909 0
    endloop
  endfacet
  facet normal -0.970074 0.242809 0
    outer loop
      vertex 22.0664 109.909 2
      vertex 22.0246 109.742 0
      vertex 22.0246 109.742 2
    endloop
  endfacet
  facet normal -0.989065 -0.147482 0
    outer loop
      vertex 22.0916 113.922 0
      vertex 22.0664 114.091 2
      vertex 22.0664 114.091 0
    endloop
  endfacet
  facet normal -0.989065 -0.147482 0
    outer loop
      vertex 22.0664 114.091 2
      vertex 22.0916 113.922 0
      vertex 22.0916 113.922 2
    endloop
  endfacet
  facet normal 1 -0 0
    outer loop
      vertex 18.6 110.25 2
      vertex 18.6 113.75 0
      vertex 18.6 113.75 2
    endloop
  endfacet
  facet normal 1 0 0
    outer loop
      vertex 18.6 113.75 0
      vertex 18.6 110.25 2
      vertex 18.6 110.25 0
    endloop
  endfacet
  facet normal 0.594391 -0.804176 0
    outer loop
      vertex 19.2398 115.103 0
      vertex 19.3778 115.205 2
      vertex 19.2398 115.103 2
    endloop
  endfacet
  facet normal 0.594391 -0.804176 0
    outer loop
      vertex 19.3778 115.205 2
      vertex 19.2398 115.103 0
      vertex 19.3778 115.205 0
    endloop
  endfacet
  facet normal -0.337627 -0.94128 0
    outer loop
      vertex 20.858 115.425 0
      vertex 21.0197 115.367 2
      vertex 20.858 115.425 2
    endloop
  endfacet
  facet normal -0.337627 -0.94128 -0
    outer loop
      vertex 21.0197 115.367 2
      vertex 20.858 115.425 0
      vertex 21.0197 115.367 0
    endloop
  endfacet
  facet normal 0.857236 0.514924 0
    outer loop
      vertex 18.8949 109.278 2
      vertex 18.8066 109.425 0
      vertex 18.8066 109.425 2
    endloop
  endfacet
  facet normal 0.857236 0.514924 0
    outer loop
      vertex 18.8066 109.425 0
      vertex 18.8949 109.278 2
      vertex 18.8949 109.278 0
    endloop
  endfacet
  facet normal 0.0465966 0.998914 -0
    outer loop
      vertex 20.35 108.5 0
      vertex 20.1785 108.508 2
      vertex 20.35 108.5 2
    endloop
  endfacet
  facet normal 0.0465966 0.998914 0
    outer loop
      vertex 20.1785 108.508 2
      vertex 20.35 108.5 0
      vertex 20.1785 108.508 0
    endloop
  endfacet
  facet normal -0.430385 0.902645 0
    outer loop
      vertex 21.1749 108.707 0
      vertex 21.0197 108.633 2
      vertex 21.1749 108.707 2
    endloop
  endfacet
  facet normal -0.430385 0.902645 0
    outer loop
      vertex 21.0197 108.633 2
      vertex 21.1749 108.707 0
      vertex 21.0197 108.633 0
    endloop
  endfacet
  facet normal -0.337627 0.94128 0
    outer loop
      vertex 21.0197 108.633 0
      vertex 20.858 108.575 2
      vertex 21.0197 108.633 2
    endloop
  endfacet
  facet normal -0.337627 0.94128 0
    outer loop
      vertex 20.858 108.575 2
      vertex 21.0197 108.633 0
      vertex 20.858 108.575 0
    endloop
  endfacet
  facet normal -0.594391 0.804176 0
    outer loop
      vertex 21.4602 108.897 0
      vertex 21.3222 108.795 2
      vertex 21.4602 108.897 2
    endloop
  endfacet
  facet normal -0.594391 0.804176 0
    outer loop
      vertex 21.3222 108.795 2
      vertex 21.4602 108.897 0
      vertex 21.3222 108.795 0
    endloop
  endfacet
  facet normal -0.803341 0.59552 0
    outer loop
      vertex 21.7028 109.14 0
      vertex 21.8051 109.278 2
      vertex 21.8051 109.278 0
    endloop
  endfacet
  facet normal -0.803341 0.59552 0
    outer loop
      vertex 21.8051 109.278 2
      vertex 21.7028 109.14 0
      vertex 21.7028 109.14 2
    endloop
  endfacet
  facet normal -0.673828 0.738888 0
    outer loop
      vertex 21.5874 109.013 0
      vertex 21.4602 108.897 2
      vertex 21.5874 109.013 2
    endloop
  endfacet
  facet normal -0.673828 0.738888 0
    outer loop
      vertex 21.4602 108.897 2
      vertex 21.5874 109.013 0
      vertex 21.4602 108.897 0
    endloop
  endfacet
  facet normal -0.903785 -0.427986 0
    outer loop
      vertex 21.9668 114.42 0
      vertex 21.8934 114.575 2
      vertex 21.8934 114.575 0
    endloop
  endfacet
  facet normal -0.903785 -0.427986 0
    outer loop
      vertex 21.8934 114.575 2
      vertex 21.9668 114.42 0
      vertex 21.9668 114.42 2
    endloop
  endfacet
  facet normal -0.941847 -0.336042 0
    outer loop
      vertex 22.0246 114.258 0
      vertex 21.9668 114.42 2
      vertex 21.9668 114.42 0
    endloop
  endfacet
  facet normal -0.941847 -0.336042 0
    outer loop
      vertex 21.9668 114.42 2
      vertex 22.0246 114.258 0
      vertex 22.0246 114.258 2
    endloop
  endfacet
  facet normal -0.594391 -0.804176 0
    outer loop
      vertex 21.3222 115.205 0
      vertex 21.4602 115.103 2
      vertex 21.3222 115.205 2
    endloop
  endfacet
  facet normal -0.594391 -0.804176 -0
    outer loop
      vertex 21.4602 115.103 2
      vertex 21.3222 115.205 0
      vertex 21.4602 115.103 0
    endloop
  endfacet
  facet normal 0.941847 -0.336042 0
    outer loop
      vertex 18.6754 114.258 2
      vertex 18.7332 114.42 0
      vertex 18.7332 114.42 2
    endloop
  endfacet
  facet normal 0.941847 -0.336042 0
    outer loop
      vertex 18.7332 114.42 0
      vertex 18.6754 114.258 2
      vertex 18.6754 114.258 0
    endloop
  endfacet
  facet normal 0.673828 -0.738888 0
    outer loop
      vertex 19.1126 114.987 0
      vertex 19.2398 115.103 2
      vertex 19.1126 114.987 2
    endloop
  endfacet
  facet normal 0.673828 -0.738888 0
    outer loop
      vertex 19.2398 115.103 2
      vertex 19.1126 114.987 0
      vertex 19.2398 115.103 0
    endloop
  endfacet
  facet normal 0.512866 -0.858468 0
    outer loop
      vertex 19.3778 115.205 0
      vertex 19.5251 115.293 2
      vertex 19.3778 115.205 2
    endloop
  endfacet
  facet normal 0.512866 -0.858468 0
    outer loop
      vertex 19.5251 115.293 2
      vertex 19.3778 115.205 0
      vertex 19.5251 115.293 0
    endloop
  endfacet
  facet normal -0.0465966 -0.998914 0
    outer loop
      vertex 20.35 115.5 0
      vertex 20.5215 115.492 2
      vertex 20.35 115.5 2
    endloop
  endfacet
  facet normal -0.0465966 -0.998914 -0
    outer loop
      vertex 20.5215 115.492 2
      vertex 20.35 115.5 0
      vertex 20.5215 115.492 0
    endloop
  endfacet
  facet normal -0.99881 0.0487791 0
    outer loop
      vertex 22.0916 110.078 0
      vertex 22.1 110.25 2
      vertex 22.1 110.25 0
    endloop
  endfacet
  facet normal -0.99881 0.0487791 0
    outer loop
      vertex 22.1 110.25 2
      vertex 22.0916 110.078 0
      vertex 22.0916 110.078 2
    endloop
  endfacet
  facet normal -0.903785 0.427986 0
    outer loop
      vertex 21.8934 109.425 0
      vertex 21.9668 109.58 2
      vertex 21.9668 109.58 0
    endloop
  endfacet
  facet normal -0.903785 0.427986 0
    outer loop
      vertex 21.9668 109.58 2
      vertex 21.8934 109.425 0
      vertex 21.8934 109.425 2
    endloop
  endfacet
  facet normal -0.989065 0.147482 0
    outer loop
      vertex 22.0664 109.909 0
      vertex 22.0916 110.078 2
      vertex 22.0916 110.078 0
    endloop
  endfacet
  facet normal -0.989065 0.147482 0
    outer loop
      vertex 22.0916 110.078 2
      vertex 22.0664 109.909 0
      vertex 22.0664 109.909 2
    endloop
  endfacet
  facet normal -0.512866 0.858468 0
    outer loop
      vertex 21.3222 108.795 0
      vertex 21.1749 108.707 2
      vertex 21.3222 108.795 2
    endloop
  endfacet
  facet normal -0.512866 0.858468 0
    outer loop
      vertex 21.1749 108.707 2
      vertex 21.3222 108.795 0
      vertex 21.1749 108.707 0
    endloop
  endfacet
  facet normal -0.740098 0.672499 0
    outer loop
      vertex 21.5874 109.013 0
      vertex 21.7028 109.14 2
      vertex 21.7028 109.14 0
    endloop
  endfacet
  facet normal -0.740098 0.672499 0
    outer loop
      vertex 21.7028 109.14 2
      vertex 21.5874 109.013 0
      vertex 21.5874 109.013 2
    endloop
  endfacet
  facet normal -0.99881 -0.0487791 0
    outer loop
      vertex 22.1 113.75 0
      vertex 22.0916 113.922 2
      vertex 22.0916 113.922 0
    endloop
  endfacet
  facet normal -0.99881 -0.0487791 0
    outer loop
      vertex 22.0916 113.922 2
      vertex 22.1 113.75 0
      vertex 22.1 113.75 2
    endloop
  endfacet
  facet normal -0.970074 -0.242809 0
    outer loop
      vertex 22.0664 114.091 0
      vertex 22.0246 114.258 2
      vertex 22.0246 114.258 0
    endloop
  endfacet
  facet normal -0.970074 -0.242809 0
    outer loop
      vertex 22.0246 114.258 2
      vertex 22.0664 114.091 0
      vertex 22.0664 114.091 2
    endloop
  endfacet
  facet normal -0.803341 -0.59552 0
    outer loop
      vertex 21.8051 114.722 0
      vertex 21.7028 114.86 2
      vertex 21.7028 114.86 0
    endloop
  endfacet
  facet normal -0.803341 -0.59552 0
    outer loop
      vertex 21.7028 114.86 2
      vertex 21.8051 114.722 0
      vertex 21.8051 114.722 2
    endloop
  endfacet
  facet normal -0.857236 -0.514924 0
    outer loop
      vertex 21.8934 114.575 0
      vertex 21.8051 114.722 2
      vertex 21.8051 114.722 0
    endloop
  endfacet
  facet normal -0.857236 -0.514924 0
    outer loop
      vertex 21.8051 114.722 2
      vertex 21.8934 114.575 0
      vertex 21.8934 114.575 2
    endloop
  endfacet
  facet normal 0.99881 -0.0487791 0
    outer loop
      vertex 18.6 113.75 2
      vertex 18.6084 113.922 0
      vertex 18.6084 113.922 2
    endloop
  endfacet
  facet normal 0.99881 -0.0487791 0
    outer loop
      vertex 18.6084 113.922 0
      vertex 18.6 113.75 2
      vertex 18.6 113.75 0
    endloop
  endfacet
  facet normal 0.989065 -0.147482 0
    outer loop
      vertex 18.6084 113.922 2
      vertex 18.6336 114.091 0
      vertex 18.6336 114.091 2
    endloop
  endfacet
  facet normal 0.989065 -0.147482 0
    outer loop
      vertex 18.6336 114.091 0
      vertex 18.6084 113.922 2
      vertex 18.6084 113.922 0
    endloop
  endfacet
  facet normal 0.903785 -0.427986 0
    outer loop
      vertex 18.7332 114.42 2
      vertex 18.8066 114.575 0
      vertex 18.8066 114.575 2
    endloop
  endfacet
  facet normal 0.903785 -0.427986 0
    outer loop
      vertex 18.8066 114.575 0
      vertex 18.7332 114.42 2
      vertex 18.7332 114.42 0
    endloop
  endfacet
  facet normal 0.803341 -0.59552 0
    outer loop
      vertex 18.8949 114.722 2
      vertex 18.9972 114.86 0
      vertex 18.9972 114.86 2
    endloop
  endfacet
  facet normal 0.803341 -0.59552 0
    outer loop
      vertex 18.9972 114.86 0
      vertex 18.8949 114.722 2
      vertex 18.8949 114.722 0
    endloop
  endfacet
  facet normal 0.238968 -0.971027 0
    outer loop
      vertex 19.842 115.425 0
      vertex 20.0086 115.466 2
      vertex 19.842 115.425 2
    endloop
  endfacet
  facet normal 0.238968 -0.971027 0
    outer loop
      vertex 20.0086 115.466 2
      vertex 19.842 115.425 0
      vertex 20.0086 115.466 0
    endloop
  endfacet
  facet normal 0.0465966 -0.998914 0
    outer loop
      vertex 20.1785 115.492 0
      vertex 20.35 115.5 2
      vertex 20.1785 115.492 2
    endloop
  endfacet
  facet normal 0.0465966 -0.998914 0
    outer loop
      vertex 20.35 115.5 2
      vertex 20.1785 115.492 0
      vertex 20.35 115.5 0
    endloop
  endfacet
  facet normal 0.337627 0.94128 -0
    outer loop
      vertex 19.842 108.575 0
      vertex 19.6803 108.633 2
      vertex 19.842 108.575 2
    endloop
  endfacet
  facet normal 0.337627 0.94128 0
    outer loop
      vertex 19.6803 108.633 2
      vertex 19.842 108.575 0
      vertex 19.6803 108.633 0
    endloop
  endfacet
  facet normal -0.941847 0.336042 0
    outer loop
      vertex 21.9668 109.58 0
      vertex 22.0246 109.742 2
      vertex 22.0246 109.742 0
    endloop
  endfacet
  facet normal -0.941847 0.336042 0
    outer loop
      vertex 22.0246 109.742 2
      vertex 21.9668 109.58 0
      vertex 21.9668 109.58 2
    endloop
  endfacet
  facet normal -0.673828 -0.738888 0
    outer loop
      vertex 21.4602 115.103 0
      vertex 21.5874 114.987 2
      vertex 21.4602 115.103 2
    endloop
  endfacet
  facet normal -0.673828 -0.738888 -0
    outer loop
      vertex 21.5874 114.987 2
      vertex 21.4602 115.103 0
      vertex 21.5874 114.987 0
    endloop
  endfacet
  facet normal -0.740098 -0.672499 0
    outer loop
      vertex 21.7028 114.86 0
      vertex 21.5874 114.987 2
      vertex 21.5874 114.987 0
    endloop
  endfacet
  facet normal -0.740098 -0.672499 0
    outer loop
      vertex 21.5874 114.987 2
      vertex 21.7028 114.86 0
      vertex 21.7028 114.86 2
    endloop
  endfacet
  facet normal 0.857236 -0.514924 0
    outer loop
      vertex 18.8066 114.575 2
      vertex 18.8949 114.722 0
      vertex 18.8949 114.722 2
    endloop
  endfacet
  facet normal 0.857236 -0.514924 0
    outer loop
      vertex 18.8949 114.722 0
      vertex 18.8066 114.575 2
      vertex 18.8066 114.575 0
    endloop
  endfacet
  facet normal 0.337627 -0.94128 0
    outer loop
      vertex 19.6803 115.367 0
      vertex 19.842 115.425 2
      vertex 19.6803 115.367 2
    endloop
  endfacet
  facet normal 0.337627 -0.94128 0
    outer loop
      vertex 19.842 115.425 2
      vertex 19.6803 115.367 0
      vertex 19.842 115.425 0
    endloop
  endfacet
  facet normal 0.15127 -0.988492 0
    outer loop
      vertex 20.0086 115.466 0
      vertex 20.1785 115.492 2
      vertex 20.0086 115.466 2
    endloop
  endfacet
  facet normal 0.15127 -0.988492 0
    outer loop
      vertex 20.1785 115.492 2
      vertex 20.0086 115.466 0
      vertex 20.1785 115.492 0
    endloop
  endfacet
  facet normal -0.238968 -0.971027 0
    outer loop
      vertex 20.6914 115.466 0
      vertex 20.858 115.425 2
      vertex 20.6914 115.466 2
    endloop
  endfacet
  facet normal -0.238968 -0.971027 -0
    outer loop
      vertex 20.858 115.425 2
      vertex 20.6914 115.466 0
      vertex 20.858 115.425 0
    endloop
  endfacet
  facet normal -0.430385 -0.902645 0
    outer loop
      vertex 21.0197 115.367 0
      vertex 21.1749 115.293 2
      vertex 21.0197 115.367 2
    endloop
  endfacet
  facet normal -0.430385 -0.902645 -0
    outer loop
      vertex 21.1749 115.293 2
      vertex 21.0197 115.367 0
      vertex 21.1749 115.293 0
    endloop
  endfacet
  facet normal -0.512866 -0.858468 0
    outer loop
      vertex 21.1749 115.293 0
      vertex 21.3222 115.205 2
      vertex 21.1749 115.293 2
    endloop
  endfacet
  facet normal -0.512866 -0.858468 -0
    outer loop
      vertex 21.3222 115.205 2
      vertex 21.1749 115.293 0
      vertex 21.3222 115.205 0
    endloop
  endfacet
  facet normal 0.430385 0.902645 -0
    outer loop
      vertex 19.6803 108.633 0
      vertex 19.5251 108.707 2
      vertex 19.6803 108.633 2
    endloop
  endfacet
  facet normal 0.430385 0.902645 0
    outer loop
      vertex 19.5251 108.707 2
      vertex 19.6803 108.633 0
      vertex 19.5251 108.707 0
    endloop
  endfacet
  facet normal 0.238968 0.971027 -0
    outer loop
      vertex 20.0086 108.534 0
      vertex 19.842 108.575 2
      vertex 20.0086 108.534 2
    endloop
  endfacet
  facet normal 0.238968 0.971027 0
    outer loop
      vertex 19.842 108.575 2
      vertex 20.0086 108.534 0
      vertex 19.842 108.575 0
    endloop
  endfacet
  facet normal 1 -0 0
    outer loop
      vertex 3.05 90.6 2
      vertex 3.05 100.6 1.5
      vertex 3.05 100.6 2
    endloop
  endfacet
  facet normal 1 0 0
    outer loop
      vertex 3.05 100.6 1.5
      vertex 3.05 90.6 2
      vertex 3.05 90.6 1.5
    endloop
  endfacet
  facet normal -1 0 0
    outer loop
      vertex 13.05 90.6 1.5
      vertex 13.05 100.6 2
      vertex 13.05 100.6 1.5
    endloop
  endfacet
  facet normal -1 -0 0
    outer loop
      vertex 13.05 100.6 2
      vertex 13.05 90.6 1.5
      vertex 13.05 90.6 2
    endloop
  endfacet
  facet normal 0 -1 0
    outer loop
      vertex 3.05 100.6 1.5
      vertex 13.05 100.6 2
      vertex 3.05 100.6 2
    endloop
  endfacet
  facet normal 0 -1 -0
    outer loop
      vertex 13.05 100.6 2
      vertex 3.05 100.6 1.5
      vertex 13.05 100.6 1.5
    endloop
  endfacet
  facet normal -0 0 1
    outer loop
      vertex 3.05 100.6 1.5
      vertex 13.05 90.6 1.5
      vertex 13.05 100.6 1.5
    endloop
  endfacet
  facet normal 0 0 1
    outer loop
      vertex 13.05 90.6 1.5
      vertex 3.05 100.6 1.5
      vertex 3.05 90.6 1.5
    endloop
  endfacet
  facet normal 0 1 -0
    outer loop
      vertex 13.05 90.6 1.5
      vertex 3.05 90.6 2
      vertex 13.05 90.6 2
    endloop
  endfacet
  facet normal 0 1 0
    outer loop
      vertex 3.05 90.6 2
      vertex 13.05 90.6 1.5
      vertex 3.05 90.6 1.5
    endloop
  endfacet
  facet normal 0.0489209 0.998803 -0
    outer loop
      vertex 16.85 117.5 0
      vertex 16.605 117.512 2
      vertex 16.85 117.5 2
    endloop
  endfacet
  facet normal 0.0489209 0.998803 0
    outer loop
      vertex 16.605 117.512 2
      vertex 16.85 117.5 0
      vertex 16.605 117.512 0
    endloop
  endfacet
  facet normal 0.146726 0.989177 -0
    outer loop
      vertex 16.605 117.512 0
      vertex 16.3623 117.548 2
      vertex 16.605 117.512 2
    endloop
  endfacet
  facet normal 0.146726 0.989177 0
    outer loop
      vertex 16.3623 117.548 2
      vertex 16.605 117.512 0
      vertex 16.3623 117.548 0
    endloop
  endfacet
  facet normal 0 1 -0
    outer loop
      vertex 23.85 117.5 0
      vertex 16.85 117.5 2
      vertex 23.85 117.5 2
    endloop
  endfacet
  facet normal 0 1 0
    outer loop
      vertex 16.85 117.5 2
      vertex 23.85 117.5 0
      vertex 16.85 117.5 0
    endloop
  endfacet
  facet normal -0.334527 -0.942386 0
    outer loop
      vertex 24.5757 122.392 0
      vertex 24.8067 122.31 2
      vertex 24.5757 122.392 2
    endloop
  endfacet
  facet normal -0.334527 -0.942386 -0
    outer loop
      vertex 24.8067 122.31 2
      vertex 24.5757 122.392 0
      vertex 24.8067 122.31 0
    endloop
  endfacet
  facet normal -0.96995 -0.243303 0
    outer loop
      vertex 26.302 120.488 0
      vertex 26.2423 120.726 2
      vertex 26.2423 120.726 0
    endloop
  endfacet
  facet normal -0.96995 -0.243303 0
    outer loop
      vertex 26.2423 120.726 2
      vertex 26.302 120.488 0
      vertex 26.302 120.488 2
    endloop
  endfacet
  facet normal -0.513776 0.857924 0
    outer loop
      vertex 25.2389 117.921 0
      vertex 25.0285 117.795 2
      vertex 25.2389 117.921 2
    endloop
  endfacet
  facet normal -0.513776 0.857924 0
    outer loop
      vertex 25.0285 117.795 2
      vertex 25.2389 117.921 0
      vertex 25.0285 117.795 0
    endloop
  endfacet
  facet normal -0.0489209 0.998803 0
    outer loop
      vertex 24.095 117.512 0
      vertex 23.85 117.5 2
      vertex 24.095 117.512 2
    endloop
  endfacet
  facet normal -0.0489209 0.998803 0
    outer loop
      vertex 23.85 117.5 2
      vertex 24.095 117.512 0
      vertex 23.85 117.5 0
    endloop
  endfacet
  facet normal 0.0489209 -0.998803 0
    outer loop
      vertex 16.605 122.488 0
      vertex 16.85 122.5 2
      vertex 16.605 122.488 2
    endloop
  endfacet
  facet normal 0.0489209 -0.998803 0
    outer loop
      vertex 16.85 122.5 2
      vertex 16.605 122.488 0
      vertex 16.85 122.5 0
    endloop
  endfacet
  facet normal -0.0489209 -0.998803 0
    outer loop
      vertex 23.85 122.5 0
      vertex 24.095 122.488 2
      vertex 23.85 122.5 2
    endloop
  endfacet
  facet normal -0.0489209 -0.998803 -0
    outer loop
      vertex 24.095 122.488 2
      vertex 23.85 122.5 0
      vertex 24.095 122.488 0
    endloop
  endfacet
  facet normal -0.146726 0.989177 0
    outer loop
      vertex 24.3377 117.548 0
      vertex 24.095 117.512 2
      vertex 24.3377 117.548 2
    endloop
  endfacet
  facet normal -0.146726 0.989177 0
    outer loop
      vertex 24.095 117.512 2
      vertex 24.3377 117.548 0
      vertex 24.095 117.512 0
    endloop
  endfacet
  facet normal -0.334527 0.942386 0
    outer loop
      vertex 24.8067 117.69 0
      vertex 24.5757 117.608 2
      vertex 24.8067 117.69 2
    endloop
  endfacet
  facet normal -0.334527 0.942386 0
    outer loop
      vertex 24.5757 117.608 2
      vertex 24.8067 117.69 0
      vertex 24.5757 117.608 0
    endloop
  endfacet
  facet normal -0.595228 0.803557 0
    outer loop
      vertex 25.436 118.067 0
      vertex 25.2389 117.921 2
      vertex 25.436 118.067 2
    endloop
  endfacet
  facet normal -0.595228 0.803557 0
    outer loop
      vertex 25.2389 117.921 2
      vertex 25.436 118.067 0
      vertex 25.2389 117.921 0
    endloop
  endfacet
  facet normal 0.244452 0.969661 -0
    outer loop
      vertex 16.3623 117.548 0
      vertex 16.1243 117.608 2
      vertex 16.3623 117.548 2
    endloop
  endfacet
  facet normal 0.244452 0.969661 0
    outer loop
      vertex 16.1243 117.608 2
      vertex 16.3623 117.548 0
      vertex 16.1243 117.608 0
    endloop
  endfacet
  facet normal 0.427876 0.903837 -0
    outer loop
      vertex 15.8933 117.69 0
      vertex 15.6715 117.795 2
      vertex 15.8933 117.69 2
    endloop
  endfacet
  facet normal 0.427876 0.903837 0
    outer loop
      vertex 15.6715 117.795 2
      vertex 15.8933 117.69 0
      vertex 15.6715 117.795 0
    endloop
  endfacet
  facet normal 0.513776 0.857924 -0
    outer loop
      vertex 15.6715 117.795 0
      vertex 15.4611 117.921 2
      vertex 15.6715 117.795 2
    endloop
  endfacet
  facet normal 0.513776 0.857924 0
    outer loop
      vertex 15.4611 117.921 2
      vertex 15.6715 117.795 0
      vertex 15.4611 117.921 0
    endloop
  endfacet
  facet normal 0.672064 0.740493 -0
    outer loop
      vertex 15.264 118.067 0
      vertex 15.0822 118.232 2
      vertex 15.264 118.067 2
    endloop
  endfacet
  facet normal 0.672064 0.740493 0
    outer loop
      vertex 15.0822 118.232 2
      vertex 15.264 118.067 0
      vertex 15.0822 118.232 0
    endloop
  endfacet
  facet normal 0.858389 -0.512999 0
    outer loop
      vertex 14.6452 121.178 2
      vertex 14.7713 121.389 0
      vertex 14.7713 121.389 2
    endloop
  endfacet
  facet normal 0.858389 -0.512999 0
    outer loop
      vertex 14.7713 121.389 0
      vertex 14.6452 121.178 2
      vertex 14.6452 121.178 0
    endloop
  endfacet
  facet normal 0.941483 0.337059 0
    outer loop
      vertex 14.5403 119.043 2
      vertex 14.4576 119.274 0
      vertex 14.4576 119.274 2
    endloop
  endfacet
  facet normal 0.941483 0.337059 0
    outer loop
      vertex 14.4576 119.274 0
      vertex 14.5403 119.043 2
      vertex 14.5403 119.043 0
    endloop
  endfacet
  facet normal -0.741468 -0.670988 0
    outer loop
      vertex 25.7825 121.586 0
      vertex 25.6178 121.768 2
      vertex 25.6178 121.768 0
    endloop
  endfacet
  facet normal -0.741468 -0.670988 0
    outer loop
      vertex 25.6178 121.768 2
      vertex 25.7825 121.586 0
      vertex 25.7825 121.586 2
    endloop
  endfacet
  facet normal 0 -1 0
    outer loop
      vertex 16.85 122.5 0
      vertex 23.85 122.5 2
      vertex 16.85 122.5 2
    endloop
  endfacet
  facet normal 0 -1 -0
    outer loop
      vertex 23.85 122.5 2
      vertex 16.85 122.5 0
      vertex 23.85 122.5 0
    endloop
  endfacet
  facet normal -0.146726 -0.989177 0
    outer loop
      vertex 24.095 122.488 0
      vertex 24.3377 122.452 2
      vertex 24.095 122.488 2
    endloop
  endfacet
  facet normal -0.146726 -0.989177 -0
    outer loop
      vertex 24.3377 122.452 2
      vertex 24.095 122.488 0
      vertex 24.3377 122.452 0
    endloop
  endfacet
  facet normal 0.427876 -0.903837 0
    outer loop
      vertex 15.6715 122.205 0
      vertex 15.8933 122.31 2
      vertex 15.6715 122.205 2
    endloop
  endfacet
  facet normal 0.427876 -0.903837 0
    outer loop
      vertex 15.8933 122.31 2
      vertex 15.6715 122.205 0
      vertex 15.8933 122.31 0
    endloop
  endfacet
  facet normal 0.513776 -0.857924 0
    outer loop
      vertex 15.4611 122.079 0
      vertex 15.6715 122.205 2
      vertex 15.4611 122.079 2
    endloop
  endfacet
  facet normal 0.513776 -0.857924 0
    outer loop
      vertex 15.6715 122.205 2
      vertex 15.4611 122.079 0
      vertex 15.6715 122.205 0
    endloop
  endfacet
  facet normal -0.244452 0.969661 0
    outer loop
      vertex 24.5757 117.608 0
      vertex 24.3377 117.548 2
      vertex 24.5757 117.608 2
    endloop
  endfacet
  facet normal -0.244452 0.969661 0
    outer loop
      vertex 24.3377 117.548 2
      vertex 24.5757 117.608 0
      vertex 24.3377 117.548 0
    endloop
  endfacet
  facet normal -0.427876 0.903837 0
    outer loop
      vertex 25.0285 117.795 0
      vertex 24.8067 117.69 2
      vertex 25.0285 117.795 2
    endloop
  endfacet
  facet normal -0.427876 0.903837 0
    outer loop
      vertex 24.8067 117.69 2
      vertex 25.0285 117.795 0
      vertex 24.8067 117.69 0
    endloop
  endfacet
  facet normal -0.672064 0.740493 0
    outer loop
      vertex 25.6178 118.232 0
      vertex 25.436 118.067 2
      vertex 25.6178 118.232 2
    endloop
  endfacet
  facet normal -0.672064 0.740493 0
    outer loop
      vertex 25.436 118.067 2
      vertex 25.6178 118.232 0
      vertex 25.436 118.067 0
    endloop
  endfacet
  facet normal 0.334527 0.942386 -0
    outer loop
      vertex 16.1243 117.608 0
      vertex 15.8933 117.69 2
      vertex 16.1243 117.608 2
    endloop
  endfacet
  facet normal 0.334527 0.942386 0
    outer loop
      vertex 15.8933 117.69 2
      vertex 16.1243 117.608 0
      vertex 15.8933 117.69 0
    endloop
  endfacet
  facet normal 0.803023 0.595949 0
    outer loop
      vertex 14.9175 118.414 2
      vertex 14.7713 118.611 0
      vertex 14.7713 118.611 2
    endloop
  endfacet
  facet normal 0.803023 0.595949 0
    outer loop
      vertex 14.7713 118.611 0
      vertex 14.9175 118.414 2
      vertex 14.9175 118.414 0
    endloop
  endfacet
  facet normal 0.595228 0.803557 -0
    outer loop
      vertex 15.4611 117.921 0
      vertex 15.264 118.067 2
      vertex 15.4611 117.921 2
    endloop
  endfacet
  facet normal 0.595228 0.803557 0
    outer loop
      vertex 15.264 118.067 2
      vertex 15.4611 117.921 0
      vertex 15.264 118.067 0
    endloop
  endfacet
  facet normal 0.998803 0.0489209 0
    outer loop
      vertex 14.362 119.755 2
      vertex 14.35 120 0
      vertex 14.35 120 2
    endloop
  endfacet
  facet normal 0.998803 0.0489209 0
    outer loop
      vertex 14.35 120 0
      vertex 14.362 119.755 2
      vertex 14.362 119.755 0
    endloop
  endfacet
  facet normal 0.970047 -0.242919 0
    outer loop
      vertex 14.398 120.488 2
      vertex 14.4576 120.726 0
      vertex 14.4576 120.726 2
    endloop
  endfacet
  facet normal 0.970047 -0.242919 0
    outer loop
      vertex 14.4576 120.726 0
      vertex 14.398 120.488 2
      vertex 14.398 120.488 0
    endloop
  endfacet
  facet normal 0.989203 0.146549 0
    outer loop
      vertex 14.398 119.512 2
      vertex 14.362 119.755 0
      vertex 14.362 119.755 2
    endloop
  endfacet
  facet normal 0.989203 0.146549 0
    outer loop
      vertex 14.362 119.755 0
      vertex 14.398 119.512 2
      vertex 14.398 119.512 0
    endloop
  endfacet
  facet normal 0.970047 0.242919 0
    outer loop
      vertex 14.4576 119.274 2
      vertex 14.398 119.512 0
      vertex 14.398 119.512 2
    endloop
  endfacet
  facet normal 0.970047 0.242919 0
    outer loop
      vertex 14.398 119.512 0
      vertex 14.4576 119.274 2
      vertex 14.4576 119.274 0
    endloop
  endfacet
  facet normal -0.513776 -0.857924 0
    outer loop
      vertex 25.0285 122.205 0
      vertex 25.2389 122.079 2
      vertex 25.0285 122.205 2
    endloop
  endfacet
  facet normal -0.513776 -0.857924 -0
    outer loop
      vertex 25.2389 122.079 2
      vertex 25.0285 122.205 0
      vertex 25.2389 122.079 0
    endloop
  endfacet
  facet normal -0.903396 -0.428807 0
    outer loop
      vertex 26.1597 120.957 0
      vertex 26.0548 121.178 2
      vertex 26.0548 121.178 0
    endloop
  endfacet
  facet normal -0.903396 -0.428807 0
    outer loop
      vertex 26.0548 121.178 2
      vertex 26.1597 120.957 0
      vertex 26.1597 120.957 2
    endloop
  endfacet
  facet normal -0.941613 -0.336698 0
    outer loop
      vertex 26.2423 120.726 0
      vertex 26.1597 120.957 2
      vertex 26.1597 120.957 0
    endloop
  endfacet
  facet normal -0.941613 -0.336698 0
    outer loop
      vertex 26.1597 120.957 2
      vertex 26.2423 120.726 0
      vertex 26.2423 120.726 2
    endloop
  endfacet
  facet normal -0.858389 -0.512999 0
    outer loop
      vertex 26.0548 121.178 0
      vertex 25.9287 121.389 2
      vertex 25.9287 121.389 0
    endloop
  endfacet
  facet normal -0.858389 -0.512999 0
    outer loop
      vertex 25.9287 121.389 2
      vertex 26.0548 121.178 0
      vertex 26.0548 121.178 2
    endloop
  endfacet
  facet normal -0.595228 -0.803557 0
    outer loop
      vertex 25.2389 122.079 0
      vertex 25.436 121.933 2
      vertex 25.2389 122.079 2
    endloop
  endfacet
  facet normal -0.595228 -0.803557 -0
    outer loop
      vertex 25.436 121.933 2
      vertex 25.2389 122.079 0
      vertex 25.436 121.933 0
    endloop
  endfacet
  facet normal -0.427876 -0.903837 0
    outer loop
      vertex 24.8067 122.31 0
      vertex 25.0285 122.205 2
      vertex 24.8067 122.31 2
    endloop
  endfacet
  facet normal -0.427876 -0.903837 -0
    outer loop
      vertex 25.0285 122.205 2
      vertex 24.8067 122.31 0
      vertex 25.0285 122.205 0
    endloop
  endfacet
  facet normal -0.989203 0.146549 0
    outer loop
      vertex 26.302 119.512 0
      vertex 26.338 119.755 2
      vertex 26.338 119.755 0
    endloop
  endfacet
  facet normal -0.989203 0.146549 0
    outer loop
      vertex 26.338 119.755 2
      vertex 26.302 119.512 0
      vertex 26.302 119.512 2
    endloop
  endfacet
  facet normal -0.998803 -0.0489209 0
    outer loop
      vertex 26.35 120 0
      vertex 26.338 120.245 2
      vertex 26.338 120.245 0
    endloop
  endfacet
  facet normal -0.998803 -0.0489209 0
    outer loop
      vertex 26.338 120.245 2
      vertex 26.35 120 0
      vertex 26.35 120 2
    endloop
  endfacet
  facet normal -0.244452 -0.969661 0
    outer loop
      vertex 24.3377 122.452 0
      vertex 24.5757 122.392 2
      vertex 24.3377 122.452 2
    endloop
  endfacet
  facet normal -0.244452 -0.969661 -0
    outer loop
      vertex 24.5757 122.392 2
      vertex 24.3377 122.452 0
      vertex 24.5757 122.392 0
    endloop
  endfacet
  facet normal 0.146726 -0.989177 0
    outer loop
      vertex 16.3623 122.452 0
      vertex 16.605 122.488 2
      vertex 16.3623 122.452 2
    endloop
  endfacet
  facet normal 0.146726 -0.989177 0
    outer loop
      vertex 16.605 122.488 2
      vertex 16.3623 122.452 0
      vertex 16.605 122.488 0
    endloop
  endfacet
  facet normal 0.244452 -0.969661 0
    outer loop
      vertex 16.1243 122.392 0
      vertex 16.3623 122.452 2
      vertex 16.1243 122.392 2
    endloop
  endfacet
  facet normal 0.244452 -0.969661 0
    outer loop
      vertex 16.3623 122.452 2
      vertex 16.1243 122.392 0
      vertex 16.3623 122.452 0
    endloop
  endfacet
  facet normal 0.595228 -0.803557 0
    outer loop
      vertex 15.264 121.933 0
      vertex 15.4611 122.079 2
      vertex 15.264 121.933 2
    endloop
  endfacet
  facet normal 0.595228 -0.803557 0
    outer loop
      vertex 15.4611 122.079 2
      vertex 15.264 121.933 0
      vertex 15.4611 122.079 0
    endloop
  endfacet
  facet normal 0.672064 -0.740493 0
    outer loop
      vertex 15.0822 121.768 0
      vertex 15.264 121.933 2
      vertex 15.0822 121.768 2
    endloop
  endfacet
  facet normal 0.672064 -0.740493 0
    outer loop
      vertex 15.264 121.933 2
      vertex 15.0822 121.768 0
      vertex 15.264 121.933 0
    endloop
  endfacet
  facet normal 0.903396 0.428807 0
    outer loop
      vertex 14.6452 118.822 2
      vertex 14.5403 119.043 0
      vertex 14.5403 119.043 2
    endloop
  endfacet
  facet normal 0.903396 0.428807 0
    outer loop
      vertex 14.5403 119.043 0
      vertex 14.6452 118.822 2
      vertex 14.6452 118.822 0
    endloop
  endfacet
  facet normal 0.858389 0.512999 0
    outer loop
      vertex 14.7713 118.611 2
      vertex 14.6452 118.822 0
      vertex 14.6452 118.822 2
    endloop
  endfacet
  facet normal 0.858389 0.512999 0
    outer loop
      vertex 14.6452 118.822 0
      vertex 14.7713 118.611 2
      vertex 14.7713 118.611 0
    endloop
  endfacet
  facet normal 0.741468 0.670988 0
    outer loop
      vertex 15.0822 118.232 2
      vertex 14.9175 118.414 0
      vertex 14.9175 118.414 2
    endloop
  endfacet
  facet normal 0.741468 0.670988 0
    outer loop
      vertex 14.9175 118.414 0
      vertex 15.0822 118.232 2
      vertex 15.0822 118.232 0
    endloop
  endfacet
  facet normal 0.741468 -0.670988 0
    outer loop
      vertex 14.9175 121.586 2
      vertex 15.0822 121.768 0
      vertex 15.0822 121.768 2
    endloop
  endfacet
  facet normal 0.741468 -0.670988 0
    outer loop
      vertex 15.0822 121.768 0
      vertex 14.9175 121.586 2
      vertex 14.9175 121.586 0
    endloop
  endfacet
  facet normal 0.803023 -0.595949 0
    outer loop
      vertex 14.7713 121.389 2
      vertex 14.9175 121.586 0
      vertex 14.9175 121.586 2
    endloop
  endfacet
  facet normal 0.803023 -0.595949 0
    outer loop
      vertex 14.9175 121.586 0
      vertex 14.7713 121.389 2
      vertex 14.7713 121.389 0
    endloop
  endfacet
  facet normal 0.903396 -0.428807 0
    outer loop
      vertex 14.5403 120.957 2
      vertex 14.6452 121.178 0
      vertex 14.6452 121.178 2
    endloop
  endfacet
  facet normal 0.903396 -0.428807 0
    outer loop
      vertex 14.6452 121.178 0
      vertex 14.5403 120.957 2
      vertex 14.5403 120.957 0
    endloop
  endfacet
  facet normal 0.941483 -0.337059 0
    outer loop
      vertex 14.4576 120.726 2
      vertex 14.5403 120.957 0
      vertex 14.5403 120.957 2
    endloop
  endfacet
  facet normal 0.941483 -0.337059 0
    outer loop
      vertex 14.5403 120.957 0
      vertex 14.4576 120.726 2
      vertex 14.4576 120.726 0
    endloop
  endfacet
  facet normal 0.989203 -0.146549 0
    outer loop
      vertex 14.362 120.245 2
      vertex 14.398 120.488 0
      vertex 14.398 120.488 2
    endloop
  endfacet
  facet normal 0.989203 -0.146549 0
    outer loop
      vertex 14.398 120.488 0
      vertex 14.362 120.245 2
      vertex 14.362 120.245 0
    endloop
  endfacet
  facet normal -0.998803 0.0489209 0
    outer loop
      vertex 26.338 119.755 0
      vertex 26.35 120 2
      vertex 26.35 120 0
    endloop
  endfacet
  facet normal -0.998803 0.0489209 0
    outer loop
      vertex 26.35 120 2
      vertex 26.338 119.755 0
      vertex 26.338 119.755 2
    endloop
  endfacet
  facet normal -0.96995 0.243303 0
    outer loop
      vertex 26.2423 119.274 0
      vertex 26.302 119.512 2
      vertex 26.302 119.512 0
    endloop
  endfacet
  facet normal -0.96995 0.243303 0
    outer loop
      vertex 26.302 119.512 2
      vertex 26.2423 119.274 0
      vertex 26.2423 119.274 2
    endloop
  endfacet
  facet normal -0.903396 0.428807 0
    outer loop
      vertex 26.0548 118.822 0
      vertex 26.1597 119.043 2
      vertex 26.1597 119.043 0
    endloop
  endfacet
  facet normal -0.903396 0.428807 0
    outer loop
      vertex 26.1597 119.043 2
      vertex 26.0548 118.822 0
      vertex 26.0548 118.822 2
    endloop
  endfacet
  facet normal -0.941613 0.336698 0
    outer loop
      vertex 26.1597 119.043 0
      vertex 26.2423 119.274 2
      vertex 26.2423 119.274 0
    endloop
  endfacet
  facet normal -0.941613 0.336698 0
    outer loop
      vertex 26.2423 119.274 2
      vertex 26.1597 119.043 0
      vertex 26.1597 119.043 2
    endloop
  endfacet
  facet normal -0.858389 0.512999 0
    outer loop
      vertex 25.9287 118.611 0
      vertex 26.0548 118.822 2
      vertex 26.0548 118.822 0
    endloop
  endfacet
  facet normal -0.858389 0.512999 0
    outer loop
      vertex 26.0548 118.822 2
      vertex 25.9287 118.611 0
      vertex 25.9287 118.611 2
    endloop
  endfacet
  facet normal -0.741468 0.670988 0
    outer loop
      vertex 25.6178 118.232 0
      vertex 25.7825 118.414 2
      vertex 25.7825 118.414 0
    endloop
  endfacet
  facet normal -0.741468 0.670988 0
    outer loop
      vertex 25.7825 118.414 2
      vertex 25.6178 118.232 0
      vertex 25.6178 118.232 2
    endloop
  endfacet
  facet normal 0.334527 -0.942386 0
    outer loop
      vertex 15.8933 122.31 0
      vertex 16.1243 122.392 2
      vertex 15.8933 122.31 2
    endloop
  endfacet
  facet normal 0.334527 -0.942386 0
    outer loop
      vertex 16.1243 122.392 2
      vertex 15.8933 122.31 0
      vertex 16.1243 122.392 0
    endloop
  endfacet
  facet normal 0.998803 -0.0489209 0
    outer loop
      vertex 14.35 120 2
      vertex 14.362 120.245 0
      vertex 14.362 120.245 2
    endloop
  endfacet
  facet normal 0.998803 -0.0489209 0
    outer loop
      vertex 14.362 120.245 0
      vertex 14.35 120 2
      vertex 14.35 120 0
    endloop
  endfacet
  facet normal -0.803023 -0.595949 0
    outer loop
      vertex 25.9287 121.389 0
      vertex 25.7825 121.586 2
      vertex 25.7825 121.586 0
    endloop
  endfacet
  facet normal -0.803023 -0.595949 0
    outer loop
      vertex 25.7825 121.586 2
      vertex 25.9287 121.389 0
      vertex 25.9287 121.389 2
    endloop
  endfacet
  facet normal -0.672064 -0.740493 0
    outer loop
      vertex 25.436 121.933 0
      vertex 25.6178 121.768 2
      vertex 25.436 121.933 2
    endloop
  endfacet
  facet normal -0.672064 -0.740493 -0
    outer loop
      vertex 25.6178 121.768 2
      vertex 25.436 121.933 0
      vertex 25.6178 121.768 0
    endloop
  endfacet
  facet normal -0.989203 -0.146549 0
    outer loop
      vertex 26.338 120.245 0
      vertex 26.302 120.488 2
      vertex 26.302 120.488 0
    endloop
  endfacet
  facet normal -0.989203 -0.146549 0
    outer loop
      vertex 26.302 120.488 2
      vertex 26.338 120.245 0
      vertex 26.338 120.245 2
    endloop
  endfacet
  facet normal -0.803023 0.595949 0
    outer loop
      vertex 25.7825 118.414 0
      vertex 25.9287 118.611 2
      vertex 25.9287 118.611 0
    endloop
  endfacet
  facet normal -0.803023 0.595949 0
    outer loop
      vertex 25.9287 118.611 2
      vertex 25.7825 118.414 0
      vertex 25.7825 118.414 2
    endloop
  endfacet
endsolid OpenSCAD_Model
