solid OpenSCAD_Model
  facet normal 0.243042 -0.970016 0
    outer loop
      vertex 38.2853 0.0576477 2
      vertex 38.5708 0.129181 17.6
      vertex 38.2853 0.0576477 17.6
    endloop
  endfacet
  facet normal 0.243042 -0.970016 0
    outer loop
      vertex 38.5708 0.129181 17.6
      vertex 38.2853 0.0576477 2
      vertex 38.5708 0.129181 2
    endloop
  endfacet
  facet normal 0.514126 -0.857715 0
    outer loop
      vertex 39.1142 0.354233 2
      vertex 39.3667 0.505585 17.6
      vertex 39.1142 0.354233 17.6
    endloop
  endfacet
  facet normal 0.514126 -0.857715 0
    outer loop
      vertex 39.3667 0.505585 17.6
      vertex 39.1142 0.354233 2
      vertex 39.3667 0.505585 2
    endloop
  endfacet
  facet normal 0.595663 -0.803234 0
    outer loop
      vertex 39.3667 0.505585 2
      vertex 39.6032 0.680969 17.6
      vertex 39.3667 0.505585 17.6
    endloop
  endfacet
  facet normal 0.595663 -0.803234 0
    outer loop
      vertex 39.6032 0.680969 17.6
      vertex 39.3667 0.505585 2
      vertex 39.6032 0.680969 2
    endloop
  endfacet
  facet normal 0.336777 -0.941584 0
    outer loop
      vertex 38.5708 0.129181 2
      vertex 38.8481 0.228363 17.6
      vertex 38.5708 0.129181 17.6
    endloop
  endfacet
  facet normal 0.336777 -0.941584 0
    outer loop
      vertex 38.8481 0.228363 17.6
      vertex 38.5708 0.129181 2
      vertex 38.8481 0.228363 2
    endloop
  endfacet
  facet normal 0 0 1
    outer loop
      vertex 7.08921 121.438 17.6
      vertex 33.6108 121.438 17.6
      vertex 7.19429 121.613 17.6
    endloop
  endfacet
  facet normal 0 0 1
    outer loop
      vertex 34.364 120.755 17.6
      vertex 7.43171 52.8041 17.6
      vertex 7.44173 52.6 17.6
    endloop
  endfacet
  facet normal 0 0 1
    outer loop
      vertex 33.6108 121.438 17.6
      vertex 7.08921 121.438 17.6
      vertex 33.6113 121.437 17.6
    endloop
  endfacet
  facet normal 0 0 1
    outer loop
      vertex 34.364 120.755 17.6
      vertex 7.43166 52.805 17.6
      vertex 7.43171 52.8041 17.6
    endloop
  endfacet
  facet normal 0 0 1
    outer loop
      vertex 33.6113 121.437 17.6
      vertex 7.08921 121.438 17.6
      vertex 33.7331 121.273 17.6
    endloop
  endfacet
  facet normal 0 0 1
    outer loop
      vertex 34.364 120.755 17.6
      vertex 7.40167 53.0072 17.6
      vertex 7.43166 52.805 17.6
    endloop
  endfacet
  facet normal -0 0 1
    outer loop
      vertex 7.08868 121.437 17.6
      vertex 33.7331 121.273 17.6
      vertex 7.08921 121.438 17.6
    endloop
  endfacet
  facet normal 0 0 1
    outer loop
      vertex 34.364 120.755 17.6
      vertex 7.40154 53.0081 17.6
      vertex 7.40167 53.0072 17.6
    endloop
  endfacet
  facet normal 0 0 1
    outer loop
      vertex 6.96693 121.273 17.6
      vertex 33.7331 121.273 17.6
      vertex 7.08868 121.437 17.6
    endloop
  endfacet
  facet normal 0 0 1
    outer loop
      vertex 34.364 120.755 17.6
      vertex 7.40133 53.0089 17.6
      vertex 7.40154 53.0081 17.6
    endloop
  endfacet
  facet normal 0 0 1
    outer loop
      vertex 33.7331 121.273 17.6
      vertex 6.96693 121.273 17.6
      vertex 33.8703 121.122 17.6
    endloop
  endfacet
  facet normal 0 0 1
    outer loop
      vertex 34.364 120.755 17.6
      vertex 7.35167 53.2072 17.6
      vertex 7.40133 53.0089 17.6
    endloop
  endfacet
  facet normal 0 0 1
    outer loop
      vertex 33.8703 121.122 17.6
      vertex 6.96693 121.273 17.6
      vertex 33.8709 121.121 17.6
    endloop
  endfacet
  facet normal 0 0 1
    outer loop
      vertex 34.364 120.755 17.6
      vertex 7.28281 53.3996 17.6
      vertex 7.35167 53.2072 17.6
    endloop
  endfacet
  facet normal -0 0 1
    outer loop
      vertex 6.82968 121.122 17.6
      vertex 33.8709 121.121 17.6
      vertex 6.96693 121.273 17.6
    endloop
  endfacet
  facet normal 0 0 1
    outer loop
      vertex 34.364 120.755 17.6
      vertex 7.28251 53.4005 17.6
      vertex 7.28281 53.3996 17.6
    endloop
  endfacet
  facet normal 0 0 1
    outer loop
      vertex 6.82908 121.121 17.6
      vertex 33.8709 121.121 17.6
      vertex 6.82968 121.122 17.6
    endloop
  endfacet
  facet normal 0 0 1
    outer loop
      vertex 34.364 120.755 17.6
      vertex 7.19513 53.5852 17.6
      vertex 7.28251 53.4005 17.6
    endloop
  endfacet
  facet normal 0 0 1
    outer loop
      vertex 33.8709 121.121 17.6
      vertex 6.82908 121.121 17.6
      vertex 33.8716 121.12 17.6
    endloop
  endfacet
  facet normal 0 0 1
    outer loop
      vertex 34.364 120.755 17.6
      vertex 7.19475 53.586 17.6
      vertex 7.19513 53.5852 17.6
    endloop
  endfacet
  facet normal 0 0 1
    outer loop
      vertex 33.8716 121.12 17.6
      vertex 6.82908 121.121 17.6
      vertex 34.023 120.983 17.6
    endloop
  endfacet
  facet normal 0 0 1
    outer loop
      vertex 34.364 120.755 17.6
      vertex 7.19429 53.5868 17.6
      vertex 7.19475 53.586 17.6
    endloop
  endfacet
  facet normal -0 0 1
    outer loop
      vertex 6.82842 121.12 17.6
      vertex 34.023 120.983 17.6
      vertex 6.82908 121.121 17.6
    endloop
  endfacet
  facet normal 0 0 1
    outer loop
      vertex 34.364 120.755 17.6
      vertex 7.08921 53.7621 17.6
      vertex 7.19429 53.5868 17.6
    endloop
  endfacet
  facet normal 0 0 1
    outer loop
      vertex 6.67698 120.983 17.6
      vertex 34.023 120.983 17.6
      vertex 6.82842 121.12 17.6
    endloop
  endfacet
  facet normal 0 0 1
    outer loop
      vertex 34.364 120.755 17.6
      vertex 7.08868 53.7628 17.6
      vertex 7.08921 53.7621 17.6
    endloop
  endfacet
  facet normal 0 0 1
    outer loop
      vertex 34.023 120.983 17.6
      vertex 6.67698 120.983 17.6
      vertex 34.1872 120.861 17.6
    endloop
  endfacet
  facet normal 0 0 1
    outer loop
      vertex 34.364 120.755 17.6
      vertex 6.96693 53.927 17.6
      vertex 7.08868 53.7628 17.6
    endloop
  endfacet
  facet normal 0 0 -1
    outer loop
      vertex 34.1872 120.861 17.6
      vertex 6.67698 120.983 17.6
      vertex 34.1879 120.861 17.6
    endloop
  endfacet
  facet normal 0 0 1
    outer loop
      vertex 34.364 120.755 17.6
      vertex 6.82968 54.0784 17.6
      vertex 6.96693 53.927 17.6
    endloop
  endfacet
  facet normal 0 0 1
    outer loop
      vertex 6.51282 120.861 17.6
      vertex 34.1879 120.861 17.6
      vertex 6.67698 120.983 17.6
    endloop
  endfacet
  facet normal 0 0 1
    outer loop
      vertex 34.364 120.755 17.6
      vertex 6.82908 54.0791 17.6
      vertex 6.82968 54.0784 17.6
    endloop
  endfacet
  facet normal 0 0 0
    outer loop
      vertex 6.5121 120.861 17.6
      vertex 34.1879 120.861 17.6
      vertex 6.51282 120.861 17.6
    endloop
  endfacet
  facet normal 0 0 1
    outer loop
      vertex 34.364 120.755 17.6
      vertex 6.82842 54.0797 17.6
      vertex 6.82908 54.0791 17.6
    endloop
  endfacet
  facet normal 0 0 1
    outer loop
      vertex 34.1879 120.861 17.6
      vertex 6.5121 120.861 17.6
      vertex 34.3632 120.756 17.6
    endloop
  endfacet
  facet normal 0 0 1
    outer loop
      vertex 34.364 120.755 17.6
      vertex 6.67698 54.2169 17.6
      vertex 6.82842 54.0797 17.6
    endloop
  endfacet
  facet normal 0 0 1
    outer loop
      vertex 34.3632 120.756 17.6
      vertex 6.5121 120.861 17.6
      vertex 34.364 120.755 17.6
    endloop
  endfacet
  facet normal 0 0 1
    outer loop
      vertex 34.364 120.755 17.6
      vertex 6.51282 54.3387 17.6
      vertex 6.67698 54.2169 17.6
    endloop
  endfacet
  facet normal -0 0 1
    outer loop
      vertex 6.3368 120.756 17.6
      vertex 34.364 120.755 17.6
      vertex 6.5121 120.861 17.6
    endloop
  endfacet
  facet normal 0 0 1
    outer loop
      vertex 34.364 120.755 17.6
      vertex 6.5121 54.3392 17.6
      vertex 6.51282 54.3387 17.6
    endloop
  endfacet
  facet normal 0 0 1
    outer loop
      vertex 6.33604 120.755 17.6
      vertex 34.364 120.755 17.6
      vertex 6.3368 120.756 17.6
    endloop
  endfacet
  facet normal 0 0 1
    outer loop
      vertex 34.364 120.755 17.6
      vertex 6.3368 54.4443 17.6
      vertex 6.5121 54.3392 17.6
    endloop
  endfacet
  facet normal 0 0 0
    outer loop
      vertex 6.33523 120.755 17.6
      vertex 34.364 120.755 17.6
      vertex 6.33604 120.755 17.6
    endloop
  endfacet
  facet normal 0 0 1
    outer loop
      vertex 34.364 120.755 17.6
      vertex 6.33604 54.4447 17.6
      vertex 6.3368 54.4443 17.6
    endloop
  endfacet
  facet normal 0 0 1
    outer loop
      vertex 6.15047 120.667 17.6
      vertex 34.364 120.755 17.6
      vertex 6.33523 120.755 17.6
    endloop
  endfacet
  facet normal 0 0 1
    outer loop
      vertex 34.364 120.755 17.6
      vertex 6.33523 54.4451 17.6
      vertex 6.33604 54.4447 17.6
    endloop
  endfacet
  facet normal 0 0 1
    outer loop
      vertex 6.15047 54.5325 17.6
      vertex 34.364 120.755 17.6
      vertex 6.15047 120.667 17.6
    endloop
  endfacet
  facet normal 0 0 1
    outer loop
      vertex 34.364 120.755 17.6
      vertex 6.15047 54.5325 17.6
      vertex 6.33523 54.4451 17.6
    endloop
  endfacet
  facet normal -0 0 1
    outer loop
      vertex 6.14963 120.667 17.6
      vertex 6.15047 54.5325 17.6
      vertex 6.15047 120.667 17.6
    endloop
  endfacet
  facet normal 0 0 1
    outer loop
      vertex 6.14963 120.667 17.6
      vertex 6.14963 54.5328 17.6
      vertex 6.15047 54.5325 17.6
    endloop
  endfacet
  facet normal -0 0 1
    outer loop
      vertex 5.9572 120.598 17.6
      vertex 6.14963 54.5328 17.6
      vertex 6.14963 120.667 17.6
    endloop
  endfacet
  facet normal 0 0 1
    outer loop
      vertex 5.9572 120.598 17.6
      vertex 5.9572 54.6017 17.6
      vertex 6.14963 54.5328 17.6
    endloop
  endfacet
  facet normal -0 0 1
    outer loop
      vertex 5.75894 120.549 17.6
      vertex 5.9572 54.6017 17.6
      vertex 5.9572 120.598 17.6
    endloop
  endfacet
  facet normal 0 0 1
    outer loop
      vertex 5.75894 120.549 17.6
      vertex 5.75894 54.6513 17.6
      vertex 5.9572 54.6017 17.6
    endloop
  endfacet
  facet normal -0 0 1
    outer loop
      vertex 5.75808 120.548 17.6
      vertex 5.75894 54.6513 17.6
      vertex 5.75894 120.549 17.6
    endloop
  endfacet
  facet normal 0 0 1
    outer loop
      vertex 5.75808 120.548 17.6
      vertex 5.75808 54.6515 17.6
      vertex 5.75894 54.6513 17.6
    endloop
  endfacet
  facet normal -0 0 1
    outer loop
      vertex 5.75719 120.548 17.6
      vertex 5.75808 54.6515 17.6
      vertex 5.75808 120.548 17.6
    endloop
  endfacet
  facet normal 0 0 1
    outer loop
      vertex 5.75719 120.548 17.6
      vertex 5.75719 54.6517 17.6
      vertex 5.75808 54.6515 17.6
    endloop
  endfacet
  facet normal -0 0 1
    outer loop
      vertex 5.55503 120.518 17.6
      vertex 5.75719 54.6517 17.6
      vertex 5.75719 120.548 17.6
    endloop
  endfacet
  facet normal 0 0 1
    outer loop
      vertex 5.55503 120.518 17.6
      vertex 5.55503 54.6817 17.6
      vertex 5.75719 54.6517 17.6
    endloop
  endfacet
  facet normal -0 0 1
    outer loop
      vertex 5.55413 120.518 17.6
      vertex 5.55503 54.6817 17.6
      vertex 5.55503 120.518 17.6
    endloop
  endfacet
  facet normal 0 0 1
    outer loop
      vertex 5.55413 120.518 17.6
      vertex 5.55413 54.6817 17.6
      vertex 5.55503 54.6817 17.6
    endloop
  endfacet
  facet normal -0 0 1
    outer loop
      vertex 5.35 120.508 17.6
      vertex 5.55413 54.6817 17.6
      vertex 5.55413 120.518 17.6
    endloop
  endfacet
  facet normal 0 0 1
    outer loop
      vertex 5.35 120.508 17.6
      vertex 5.35 54.6917 17.6
      vertex 5.55413 54.6817 17.6
    endloop
  endfacet
  facet normal 0 0 1
    outer loop
      vertex 5.14587 120.518 17.6
      vertex 5.35 54.6917 17.6
      vertex 5.35 120.508 17.6
    endloop
  endfacet
  facet normal 0 0 1
    outer loop
      vertex 5.14587 120.518 17.6
      vertex 5.14587 54.6817 17.6
      vertex 5.35 54.6917 17.6
    endloop
  endfacet
  facet normal -0 0 1
    outer loop
      vertex 5.14497 120.518 17.6
      vertex 5.14587 54.6817 17.6
      vertex 5.14587 120.518 17.6
    endloop
  endfacet
  facet normal 0 0 1
    outer loop
      vertex 5.14497 120.518 17.6
      vertex 5.14497 54.6817 17.6
      vertex 5.14587 54.6817 17.6
    endloop
  endfacet
  facet normal 0 0 1
    outer loop
      vertex 4.94281 120.548 17.6
      vertex 5.14497 54.6817 17.6
      vertex 5.14497 120.518 17.6
    endloop
  endfacet
  facet normal 0 0 1
    outer loop
      vertex 4.94281 120.548 17.6
      vertex 4.94281 54.6517 17.6
      vertex 5.14497 54.6817 17.6
    endloop
  endfacet
  facet normal -0 0 1
    outer loop
      vertex 4.94192 120.548 17.6
      vertex 4.94281 54.6517 17.6
      vertex 4.94281 120.548 17.6
    endloop
  endfacet
  facet normal 0 0 1
    outer loop
      vertex 4.94192 120.548 17.6
      vertex 4.94192 54.6515 17.6
      vertex 4.94281 54.6517 17.6
    endloop
  endfacet
  facet normal 0 0 1
    outer loop
      vertex 4.94106 120.549 17.6
      vertex 4.94192 54.6515 17.6
      vertex 4.94192 120.548 17.6
    endloop
  endfacet
  facet normal 0 0 1
    outer loop
      vertex 4.94106 120.549 17.6
      vertex 4.94106 54.6513 17.6
      vertex 4.94192 54.6515 17.6
    endloop
  endfacet
  facet normal 0 0 1
    outer loop
      vertex 4.7428 120.598 17.6
      vertex 4.94106 54.6513 17.6
      vertex 4.94106 120.549 17.6
    endloop
  endfacet
  facet normal 0 0 1
    outer loop
      vertex 4.7428 120.598 17.6
      vertex 4.7428 54.6017 17.6
      vertex 4.94106 54.6513 17.6
    endloop
  endfacet
  facet normal 0 0 1
    outer loop
      vertex 4.55037 120.667 17.6
      vertex 4.7428 54.6017 17.6
      vertex 4.7428 120.598 17.6
    endloop
  endfacet
  facet normal 0 0 1
    outer loop
      vertex 4.55037 120.667 17.6
      vertex 4.55037 54.5328 17.6
      vertex 4.7428 54.6017 17.6
    endloop
  endfacet
  facet normal -0 0 1
    outer loop
      vertex 4.54953 120.667 17.6
      vertex 4.55037 54.5328 17.6
      vertex 4.55037 120.667 17.6
    endloop
  endfacet
  facet normal 0 0 1
    outer loop
      vertex 4.54953 120.667 17.6
      vertex 4.54953 54.5325 17.6
      vertex 4.55037 54.5328 17.6
    endloop
  endfacet
  facet normal 0 0 1
    outer loop
      vertex 4.36477 120.755 17.6
      vertex 4.54953 54.5325 17.6
      vertex 4.54953 120.667 17.6
    endloop
  endfacet
  facet normal 0 0 1
    outer loop
      vertex 4.36477 120.755 17.6
      vertex 4.36477 54.4451 17.6
      vertex 4.54953 54.5325 17.6
    endloop
  endfacet
  facet normal -0 0 1
    outer loop
      vertex 4.36396 120.755 17.6
      vertex 4.36477 54.4451 17.6
      vertex 4.36477 120.755 17.6
    endloop
  endfacet
  facet normal 0 0 1
    outer loop
      vertex 4.36396 120.755 17.6
      vertex 4.36396 54.4447 17.6
      vertex 4.36477 54.4451 17.6
    endloop
  endfacet
  facet normal 0 0 1
    outer loop
      vertex 4.3632 120.756 17.6
      vertex 4.36396 54.4447 17.6
      vertex 4.36396 120.755 17.6
    endloop
  endfacet
  facet normal 0 0 1
    outer loop
      vertex 4.3632 120.756 17.6
      vertex 4.3632 54.4443 17.6
      vertex 4.36396 54.4447 17.6
    endloop
  endfacet
  facet normal 0 0 1
    outer loop
      vertex 4.18789 120.861 17.6
      vertex 4.3632 54.4443 17.6
      vertex 4.3632 120.756 17.6
    endloop
  endfacet
  facet normal 0 0 1
    outer loop
      vertex 4.18789 120.861 17.6
      vertex 4.18789 54.3392 17.6
      vertex 4.3632 54.4443 17.6
    endloop
  endfacet
  facet normal -0 0 1
    outer loop
      vertex 4.18718 120.861 17.6
      vertex 4.18789 54.3392 17.6
      vertex 4.18789 120.861 17.6
    endloop
  endfacet
  facet normal 0 0 1
    outer loop
      vertex 4.18718 120.861 17.6
      vertex 4.18718 54.3387 17.6
      vertex 4.18789 54.3392 17.6
    endloop
  endfacet
  facet normal 0 0 1
    outer loop
      vertex 4.02302 120.983 17.6
      vertex 4.18718 54.3387 17.6
      vertex 4.18718 120.861 17.6
    endloop
  endfacet
  facet normal 0 0 1
    outer loop
      vertex 4.02302 120.983 17.6
      vertex 4.02302 54.2169 17.6
      vertex 4.18718 54.3387 17.6
    endloop
  endfacet
  facet normal 0 0 1
    outer loop
      vertex 3.87158 121.12 17.6
      vertex 4.02302 54.2169 17.6
      vertex 4.02302 120.983 17.6
    endloop
  endfacet
  facet normal 0 0 1
    outer loop
      vertex 3.87158 121.12 17.6
      vertex 3.87158 54.0797 17.6
      vertex 4.02302 54.2169 17.6
    endloop
  endfacet
  facet normal 0 0 1
    outer loop
      vertex 3.87092 121.121 17.6
      vertex 3.87158 54.0797 17.6
      vertex 3.87158 121.12 17.6
    endloop
  endfacet
  facet normal 0 0 1
    outer loop
      vertex 3.87092 121.121 17.6
      vertex 3.87092 54.0791 17.6
      vertex 3.87158 54.0797 17.6
    endloop
  endfacet
  facet normal 0 0 1
    outer loop
      vertex 3.87032 121.122 17.6
      vertex 3.87092 54.0791 17.6
      vertex 3.87092 121.121 17.6
    endloop
  endfacet
  facet normal 0 0 1
    outer loop
      vertex 3.87032 121.122 17.6
      vertex 3.87032 54.0784 17.6
      vertex 3.87092 54.0791 17.6
    endloop
  endfacet
  facet normal 0 0 1
    outer loop
      vertex 3.73307 121.273 17.6
      vertex 3.87032 54.0784 17.6
      vertex 3.87032 121.122 17.6
    endloop
  endfacet
  facet normal 0 0 1
    outer loop
      vertex 3.73307 121.273 17.6
      vertex 3.73307 53.927 17.6
      vertex 3.87032 54.0784 17.6
    endloop
  endfacet
  facet normal 0 0 1
    outer loop
      vertex 3.61132 121.437 17.6
      vertex 3.73307 53.927 17.6
      vertex 3.73307 121.273 17.6
    endloop
  endfacet
  facet normal 0 0 1
    outer loop
      vertex 3.61132 121.437 17.6
      vertex 3.61132 53.7628 17.6
      vertex 3.73307 53.927 17.6
    endloop
  endfacet
  facet normal 0 0 1
    outer loop
      vertex 3.61079 121.438 17.6
      vertex 3.61132 53.7628 17.6
      vertex 3.61132 121.437 17.6
    endloop
  endfacet
  facet normal 0 0 1
    outer loop
      vertex 3.61079 121.438 17.6
      vertex 3.61079 53.7621 17.6
      vertex 3.61132 53.7628 17.6
    endloop
  endfacet
  facet normal 0 0 1
    outer loop
      vertex 3.50571 121.613 17.6
      vertex 3.61079 53.7621 17.6
      vertex 3.61079 121.438 17.6
    endloop
  endfacet
  facet normal 0 0 1
    outer loop
      vertex 3.50571 121.613 17.6
      vertex 3.50571 53.5868 17.6
      vertex 3.61079 53.7621 17.6
    endloop
  endfacet
  facet normal 0 0 1
    outer loop
      vertex 3.50525 121.614 17.6
      vertex 3.50571 53.5868 17.6
      vertex 3.50571 121.613 17.6
    endloop
  endfacet
  facet normal 0 0 1
    outer loop
      vertex 3.50525 121.614 17.6
      vertex 3.50525 53.586 17.6
      vertex 3.50571 53.5868 17.6
    endloop
  endfacet
  facet normal 0 0 1
    outer loop
      vertex 3.50487 121.615 17.6
      vertex 3.50525 53.586 17.6
      vertex 3.50525 121.614 17.6
    endloop
  endfacet
  facet normal 0 0 1
    outer loop
      vertex 3.50487 121.615 17.6
      vertex 3.50487 53.5852 17.6
      vertex 3.50525 53.586 17.6
    endloop
  endfacet
  facet normal 0 0 1
    outer loop
      vertex 3.41749 121.8 17.6
      vertex 3.50487 53.5852 17.6
      vertex 3.50487 121.615 17.6
    endloop
  endfacet
  facet normal 0 0 1
    outer loop
      vertex 3.41749 121.8 17.6
      vertex 3.41749 53.4005 17.6
      vertex 3.50487 53.5852 17.6
    endloop
  endfacet
  facet normal 0 0 -1
    outer loop
      vertex 0 128.2 17.6
      vertex 3.41749 121.8 17.6
      vertex 3.41719 121.8 17.6
    endloop
  endfacet
  facet normal 0 0 1
    outer loop
      vertex 3.41749 121.8 17.6
      vertex 0 128.2 17.6
      vertex 3.41749 53.4005 17.6
    endloop
  endfacet
  facet normal 0 0 1
    outer loop
      vertex 0 128.2 17.6
      vertex 3.41719 121.8 17.6
      vertex 3.34833 121.993 17.6
    endloop
  endfacet
  facet normal 0 0 1
    outer loop
      vertex 3.41749 53.4005 17.6
      vertex 0 128.2 17.6
      vertex 3.41719 53.3996 17.6
    endloop
  endfacet
  facet normal 0 0 1
    outer loop
      vertex 0 128.2 17.6
      vertex 3.34833 121.993 17.6
      vertex 3.29867 122.191 17.6
    endloop
  endfacet
  facet normal 0 0 1
    outer loop
      vertex 3.41719 53.3996 17.6
      vertex 0 128.2 17.6
      vertex 3.34833 53.2072 17.6
    endloop
  endfacet
  facet normal 0 0 1
    outer loop
      vertex 0 128.2 17.6
      vertex 3.29867 122.191 17.6
      vertex 3.29846 122.192 17.6
    endloop
  endfacet
  facet normal 0 0 1
    outer loop
      vertex 3.34833 53.2072 17.6
      vertex 0 128.2 17.6
      vertex 3.29867 53.0089 17.6
    endloop
  endfacet
  facet normal 0 0 1
    outer loop
      vertex 0 128.2 17.6
      vertex 3.29846 122.192 17.6
      vertex 3.29833 122.193 17.6
    endloop
  endfacet
  facet normal 0 0 1
    outer loop
      vertex 3.29867 53.0089 17.6
      vertex 0 128.2 17.6
      vertex 3.29846 53.0081 17.6
    endloop
  endfacet
  facet normal 0 0 1
    outer loop
      vertex 0 128.2 17.6
      vertex 3.29833 122.193 17.6
      vertex 3.26834 122.395 17.6
    endloop
  endfacet
  facet normal 0 0 1
    outer loop
      vertex 3.29846 53.0081 17.6
      vertex 0 128.2 17.6
      vertex 3.29833 53.0072 17.6
    endloop
  endfacet
  facet normal 0 0 1
    outer loop
      vertex 0 128.2 17.6
      vertex 3.26834 122.395 17.6
      vertex 3.26829 122.396 17.6
    endloop
  endfacet
  facet normal 0 0 1
    outer loop
      vertex 3.29833 53.0072 17.6
      vertex 0 128.2 17.6
      vertex 3.26834 52.805 17.6
    endloop
  endfacet
  facet normal 0 0 1
    outer loop
      vertex 0 128.2 17.6
      vertex 3.26829 122.396 17.6
      vertex 3.25827 122.6 17.6
    endloop
  endfacet
  facet normal 0 0 1
    outer loop
      vertex 3.26834 52.805 17.6
      vertex 0 128.2 17.6
      vertex 3.26829 52.8041 17.6
    endloop
  endfacet
  facet normal 0 0 1
    outer loop
      vertex 37.4317 122.395 17.6
      vertex 40.7 128.2 17.6
      vertex 37.4317 122.396 17.6
    endloop
  endfacet
  facet normal 0 0 1
    outer loop
      vertex 40.7 128.2 17.6
      vertex 37.4317 52.8041 17.6
      vertex 37.4417 52.6 17.6
    endloop
  endfacet
  facet normal 0 0 1
    outer loop
      vertex 37.4017 122.193 17.6
      vertex 40.7 128.2 17.6
      vertex 37.4317 122.395 17.6
    endloop
  endfacet
  facet normal 0 0 1
    outer loop
      vertex 40.7 128.2 17.6
      vertex 37.4317 52.805 17.6
      vertex 37.4317 52.8041 17.6
    endloop
  endfacet
  facet normal 0 0 1
    outer loop
      vertex 37.4015 122.192 17.6
      vertex 40.7 128.2 17.6
      vertex 37.4017 122.193 17.6
    endloop
  endfacet
  facet normal 0 0 1
    outer loop
      vertex 40.7 128.2 17.6
      vertex 37.4017 53.0072 17.6
      vertex 37.4317 52.805 17.6
    endloop
  endfacet
  facet normal 0 0 1
    outer loop
      vertex 37.4013 122.191 17.6
      vertex 40.7 128.2 17.6
      vertex 37.4015 122.192 17.6
    endloop
  endfacet
  facet normal 0 0 1
    outer loop
      vertex 40.7 128.2 17.6
      vertex 37.4015 53.0081 17.6
      vertex 37.4017 53.0072 17.6
    endloop
  endfacet
  facet normal 0 0 1
    outer loop
      vertex 37.3517 121.993 17.6
      vertex 40.7 128.2 17.6
      vertex 37.4013 122.191 17.6
    endloop
  endfacet
  facet normal 0 0 1
    outer loop
      vertex 40.7 128.2 17.6
      vertex 37.4013 53.0089 17.6
      vertex 37.4015 53.0081 17.6
    endloop
  endfacet
  facet normal 0 0 1
    outer loop
      vertex 37.2828 121.8 17.6
      vertex 40.7 128.2 17.6
      vertex 37.3517 121.993 17.6
    endloop
  endfacet
  facet normal 0 0 1
    outer loop
      vertex 40.7 128.2 17.6
      vertex 37.3517 53.2072 17.6
      vertex 37.4013 53.0089 17.6
    endloop
  endfacet
  facet normal 0 0 -1
    outer loop
      vertex 37.2825 121.8 17.6
      vertex 40.7 128.2 17.6
      vertex 37.2828 121.8 17.6
    endloop
  endfacet
  facet normal 0 0 1
    outer loop
      vertex 40.7 128.2 17.6
      vertex 37.2828 53.3996 17.6
      vertex 37.3517 53.2072 17.6
    endloop
  endfacet
  facet normal 0 0 1
    outer loop
      vertex 37.2825 53.4005 17.6
      vertex 40.7 128.2 17.6
      vertex 37.2825 121.8 17.6
    endloop
  endfacet
  facet normal 0 0 1
    outer loop
      vertex 40.7 128.2 17.6
      vertex 37.2825 53.4005 17.6
      vertex 37.2828 53.3996 17.6
    endloop
  endfacet
  facet normal -0 0 1
    outer loop
      vertex 37.1951 121.615 17.6
      vertex 37.2825 53.4005 17.6
      vertex 37.2825 121.8 17.6
    endloop
  endfacet
  facet normal 0 0 1
    outer loop
      vertex 37.1951 121.615 17.6
      vertex 37.1951 53.5852 17.6
      vertex 37.2825 53.4005 17.6
    endloop
  endfacet
  facet normal -0 0 1
    outer loop
      vertex 37.1947 121.614 17.6
      vertex 37.1951 53.5852 17.6
      vertex 37.1951 121.615 17.6
    endloop
  endfacet
  facet normal 0 0 1
    outer loop
      vertex 37.1947 121.614 17.6
      vertex 37.1947 53.586 17.6
      vertex 37.1951 53.5852 17.6
    endloop
  endfacet
  facet normal -0 0 1
    outer loop
      vertex 37.1943 121.613 17.6
      vertex 37.1947 53.586 17.6
      vertex 37.1947 121.614 17.6
    endloop
  endfacet
  facet normal 0 0 1
    outer loop
      vertex 37.1943 121.613 17.6
      vertex 37.1943 53.5868 17.6
      vertex 37.1947 53.586 17.6
    endloop
  endfacet
  facet normal -0 0 1
    outer loop
      vertex 37.0892 121.438 17.6
      vertex 37.1943 53.5868 17.6
      vertex 37.1943 121.613 17.6
    endloop
  endfacet
  facet normal 0 0 1
    outer loop
      vertex 37.0892 121.438 17.6
      vertex 37.0892 53.7621 17.6
      vertex 37.1943 53.5868 17.6
    endloop
  endfacet
  facet normal -0 0 1
    outer loop
      vertex 37.0887 121.437 17.6
      vertex 37.0892 53.7621 17.6
      vertex 37.0892 121.438 17.6
    endloop
  endfacet
  facet normal 0 0 1
    outer loop
      vertex 37.0887 121.437 17.6
      vertex 37.0887 53.7628 17.6
      vertex 37.0892 53.7621 17.6
    endloop
  endfacet
  facet normal -0 0 1
    outer loop
      vertex 36.9669 121.273 17.6
      vertex 37.0887 53.7628 17.6
      vertex 37.0887 121.437 17.6
    endloop
  endfacet
  facet normal 0 0 1
    outer loop
      vertex 36.9669 121.273 17.6
      vertex 36.9669 53.927 17.6
      vertex 37.0887 53.7628 17.6
    endloop
  endfacet
  facet normal -0 0 1
    outer loop
      vertex 36.8297 121.122 17.6
      vertex 36.9669 53.927 17.6
      vertex 36.9669 121.273 17.6
    endloop
  endfacet
  facet normal 0 0 1
    outer loop
      vertex 36.8297 121.122 17.6
      vertex 36.8297 54.0784 17.6
      vertex 36.9669 53.927 17.6
    endloop
  endfacet
  facet normal -0 0 1
    outer loop
      vertex 36.8291 121.121 17.6
      vertex 36.8297 54.0784 17.6
      vertex 36.8297 121.122 17.6
    endloop
  endfacet
  facet normal 0 0 1
    outer loop
      vertex 36.8291 121.121 17.6
      vertex 36.8291 54.0791 17.6
      vertex 36.8297 54.0784 17.6
    endloop
  endfacet
  facet normal -0 0 1
    outer loop
      vertex 36.8284 121.12 17.6
      vertex 36.8291 54.0791 17.6
      vertex 36.8291 121.121 17.6
    endloop
  endfacet
  facet normal 0 0 1
    outer loop
      vertex 36.8284 121.12 17.6
      vertex 36.8284 54.0797 17.6
      vertex 36.8291 54.0791 17.6
    endloop
  endfacet
  facet normal -0 0 1
    outer loop
      vertex 36.677 120.983 17.6
      vertex 36.8284 54.0797 17.6
      vertex 36.8284 121.12 17.6
    endloop
  endfacet
  facet normal 0 0 1
    outer loop
      vertex 36.677 120.983 17.6
      vertex 36.677 54.2169 17.6
      vertex 36.8284 54.0797 17.6
    endloop
  endfacet
  facet normal -0 0 1
    outer loop
      vertex 36.5128 120.861 17.6
      vertex 36.677 54.2169 17.6
      vertex 36.677 120.983 17.6
    endloop
  endfacet
  facet normal 0 0 1
    outer loop
      vertex 36.5128 120.861 17.6
      vertex 36.5128 54.3387 17.6
      vertex 36.677 54.2169 17.6
    endloop
  endfacet
  facet normal -0 0 1
    outer loop
      vertex 36.5121 120.861 17.6
      vertex 36.5128 54.3387 17.6
      vertex 36.5128 120.861 17.6
    endloop
  endfacet
  facet normal 0 0 1
    outer loop
      vertex 36.5121 120.861 17.6
      vertex 36.5121 54.3392 17.6
      vertex 36.5128 54.3387 17.6
    endloop
  endfacet
  facet normal -0 0 1
    outer loop
      vertex 36.3368 120.756 17.6
      vertex 36.5121 54.3392 17.6
      vertex 36.5121 120.861 17.6
    endloop
  endfacet
  facet normal 0 0 1
    outer loop
      vertex 36.3368 120.756 17.6
      vertex 36.3368 54.4443 17.6
      vertex 36.5121 54.3392 17.6
    endloop
  endfacet
  facet normal -0 0 1
    outer loop
      vertex 36.336 120.755 17.6
      vertex 36.3368 54.4443 17.6
      vertex 36.3368 120.756 17.6
    endloop
  endfacet
  facet normal 0 0 1
    outer loop
      vertex 36.336 120.755 17.6
      vertex 36.336 54.4447 17.6
      vertex 36.3368 54.4443 17.6
    endloop
  endfacet
  facet normal -0 0 1
    outer loop
      vertex 36.3352 120.755 17.6
      vertex 36.336 54.4447 17.6
      vertex 36.336 120.755 17.6
    endloop
  endfacet
  facet normal 0 0 1
    outer loop
      vertex 36.3352 120.755 17.6
      vertex 36.3352 54.4451 17.6
      vertex 36.336 54.4447 17.6
    endloop
  endfacet
  facet normal -0 0 1
    outer loop
      vertex 36.1505 120.667 17.6
      vertex 36.3352 54.4451 17.6
      vertex 36.3352 120.755 17.6
    endloop
  endfacet
  facet normal 0 0 1
    outer loop
      vertex 36.1505 120.667 17.6
      vertex 36.1505 54.5325 17.6
      vertex 36.3352 54.4451 17.6
    endloop
  endfacet
  facet normal -0 0 1
    outer loop
      vertex 36.1496 120.667 17.6
      vertex 36.1505 54.5325 17.6
      vertex 36.1505 120.667 17.6
    endloop
  endfacet
  facet normal 0 0 1
    outer loop
      vertex 36.1496 120.667 17.6
      vertex 36.1496 54.5328 17.6
      vertex 36.1505 54.5325 17.6
    endloop
  endfacet
  facet normal -0 0 1
    outer loop
      vertex 35.9572 120.598 17.6
      vertex 36.1496 54.5328 17.6
      vertex 36.1496 120.667 17.6
    endloop
  endfacet
  facet normal 0 0 1
    outer loop
      vertex 35.9572 120.598 17.6
      vertex 35.9572 54.6017 17.6
      vertex 36.1496 54.5328 17.6
    endloop
  endfacet
  facet normal -0 0 1
    outer loop
      vertex 35.7589 120.549 17.6
      vertex 35.9572 54.6017 17.6
      vertex 35.9572 120.598 17.6
    endloop
  endfacet
  facet normal 0 0 1
    outer loop
      vertex 35.7589 120.549 17.6
      vertex 35.7589 54.6513 17.6
      vertex 35.9572 54.6017 17.6
    endloop
  endfacet
  facet normal -0 0 1
    outer loop
      vertex 35.7581 120.548 17.6
      vertex 35.7589 54.6513 17.6
      vertex 35.7589 120.549 17.6
    endloop
  endfacet
  facet normal 0 0 1
    outer loop
      vertex 35.7581 120.548 17.6
      vertex 35.7581 54.6515 17.6
      vertex 35.7589 54.6513 17.6
    endloop
  endfacet
  facet normal -0 0 1
    outer loop
      vertex 35.7572 120.548 17.6
      vertex 35.7581 54.6515 17.6
      vertex 35.7581 120.548 17.6
    endloop
  endfacet
  facet normal 0 0 1
    outer loop
      vertex 35.7572 120.548 17.6
      vertex 35.7572 54.6517 17.6
      vertex 35.7581 54.6515 17.6
    endloop
  endfacet
  facet normal -0 0 1
    outer loop
      vertex 35.555 120.518 17.6
      vertex 35.7572 54.6517 17.6
      vertex 35.7572 120.548 17.6
    endloop
  endfacet
  facet normal 0 0 1
    outer loop
      vertex 35.555 120.518 17.6
      vertex 35.555 54.6817 17.6
      vertex 35.7572 54.6517 17.6
    endloop
  endfacet
  facet normal -0 0 1
    outer loop
      vertex 35.5541 120.518 17.6
      vertex 35.555 54.6817 17.6
      vertex 35.555 120.518 17.6
    endloop
  endfacet
  facet normal 0 0 1
    outer loop
      vertex 35.5541 120.518 17.6
      vertex 35.5541 54.6817 17.6
      vertex 35.555 54.6817 17.6
    endloop
  endfacet
  facet normal -0 0 1
    outer loop
      vertex 35.35 120.508 17.6
      vertex 35.5541 54.6817 17.6
      vertex 35.5541 120.518 17.6
    endloop
  endfacet
  facet normal 0 0 1
    outer loop
      vertex 35.35 120.508 17.6
      vertex 35.35 54.6917 17.6
      vertex 35.5541 54.6817 17.6
    endloop
  endfacet
  facet normal 0 0 1
    outer loop
      vertex 35.1459 120.518 17.6
      vertex 35.35 54.6917 17.6
      vertex 35.35 120.508 17.6
    endloop
  endfacet
  facet normal 0 0 1
    outer loop
      vertex 35.1459 120.518 17.6
      vertex 35.1459 54.6817 17.6
      vertex 35.35 54.6917 17.6
    endloop
  endfacet
  facet normal -0 0 1
    outer loop
      vertex 35.145 120.518 17.6
      vertex 35.1459 54.6817 17.6
      vertex 35.1459 120.518 17.6
    endloop
  endfacet
  facet normal 0 0 1
    outer loop
      vertex 35.145 120.518 17.6
      vertex 35.145 54.6817 17.6
      vertex 35.1459 54.6817 17.6
    endloop
  endfacet
  facet normal 0 0 1
    outer loop
      vertex 34.9428 120.548 17.6
      vertex 35.145 54.6817 17.6
      vertex 35.145 120.518 17.6
    endloop
  endfacet
  facet normal 0 0 1
    outer loop
      vertex 34.9428 120.548 17.6
      vertex 34.9428 54.6517 17.6
      vertex 35.145 54.6817 17.6
    endloop
  endfacet
  facet normal -0 0 1
    outer loop
      vertex 34.9419 120.548 17.6
      vertex 34.9428 54.6517 17.6
      vertex 34.9428 120.548 17.6
    endloop
  endfacet
  facet normal 0 0 1
    outer loop
      vertex 34.9419 120.548 17.6
      vertex 34.9419 54.6515 17.6
      vertex 34.9428 54.6517 17.6
    endloop
  endfacet
  facet normal 0 0 1
    outer loop
      vertex 34.9411 120.549 17.6
      vertex 34.9419 54.6515 17.6
      vertex 34.9419 120.548 17.6
    endloop
  endfacet
  facet normal 0 0 1
    outer loop
      vertex 34.9411 120.549 17.6
      vertex 34.9411 54.6513 17.6
      vertex 34.9419 54.6515 17.6
    endloop
  endfacet
  facet normal 0 0 1
    outer loop
      vertex 34.7428 120.598 17.6
      vertex 34.9411 54.6513 17.6
      vertex 34.9411 120.549 17.6
    endloop
  endfacet
  facet normal 0 0 1
    outer loop
      vertex 34.7428 120.598 17.6
      vertex 34.7428 54.6017 17.6
      vertex 34.9411 54.6513 17.6
    endloop
  endfacet
  facet normal 0 0 1
    outer loop
      vertex 34.5504 120.667 17.6
      vertex 34.7428 54.6017 17.6
      vertex 34.7428 120.598 17.6
    endloop
  endfacet
  facet normal 0 0 1
    outer loop
      vertex 34.5504 120.667 17.6
      vertex 34.5504 54.5328 17.6
      vertex 34.7428 54.6017 17.6
    endloop
  endfacet
  facet normal -0 0 1
    outer loop
      vertex 34.5495 120.667 17.6
      vertex 34.5504 54.5328 17.6
      vertex 34.5504 120.667 17.6
    endloop
  endfacet
  facet normal 0 0 1
    outer loop
      vertex 34.5495 120.667 17.6
      vertex 34.5495 54.5325 17.6
      vertex 34.5504 54.5328 17.6
    endloop
  endfacet
  facet normal 0 0 1
    outer loop
      vertex 34.3648 120.755 17.6
      vertex 34.5495 54.5325 17.6
      vertex 34.5495 120.667 17.6
    endloop
  endfacet
  facet normal 0 0 1
    outer loop
      vertex 34.3648 120.755 17.6
      vertex 34.3648 54.4451 17.6
      vertex 34.5495 54.5325 17.6
    endloop
  endfacet
  facet normal -0 0 1
    outer loop
      vertex 34.364 120.755 17.6
      vertex 34.3648 54.4451 17.6
      vertex 34.3648 120.755 17.6
    endloop
  endfacet
  facet normal 0 0 1
    outer loop
      vertex 34.364 120.755 17.6
      vertex 34.364 54.4447 17.6
      vertex 34.3648 54.4451 17.6
    endloop
  endfacet
  facet normal 0 0 1
    outer loop
      vertex 33.5057 121.613 17.6
      vertex 7.19475 121.614 17.6
      vertex 33.6108 121.438 17.6
    endloop
  endfacet
  facet normal 0 0 1
    outer loop
      vertex 34.364 120.755 17.6
      vertex 7.44173 52.6 17.6
      vertex 34.364 54.4447 17.6
    endloop
  endfacet
  facet normal 0 0 1
    outer loop
      vertex 33.5053 121.614 17.6
      vertex 7.19475 121.614 17.6
      vertex 33.5057 121.613 17.6
    endloop
  endfacet
  facet normal 0 0 1
    outer loop
      vertex 34.364 54.4447 17.6
      vertex 7.44173 52.6 17.6
      vertex 34.3632 54.4443 17.6
    endloop
  endfacet
  facet normal 0 0 1
    outer loop
      vertex 7.19475 121.614 17.6
      vertex 33.5053 121.614 17.6
      vertex 7.19513 121.615 17.6
    endloop
  endfacet
  facet normal 0 0 1
    outer loop
      vertex 34.3632 54.4443 17.6
      vertex 7.44173 52.6 17.6
      vertex 34.1879 54.3392 17.6
    endloop
  endfacet
  facet normal -0 0 1
    outer loop
      vertex 7.19513 121.615 17.6
      vertex 33.5053 121.614 17.6
      vertex 7.28251 121.8 17.6
    endloop
  endfacet
  facet normal 0 0 1
    outer loop
      vertex 34.1879 54.3392 17.6
      vertex 7.44173 52.6 17.6
      vertex 34.1872 54.3387 17.6
    endloop
  endfacet
  facet normal 0 0 1
    outer loop
      vertex 33.5049 121.615 17.6
      vertex 7.28251 121.8 17.6
      vertex 33.5053 121.614 17.6
    endloop
  endfacet
  facet normal 0 0 1
    outer loop
      vertex 34.1872 54.3387 17.6
      vertex 7.44173 52.6 17.6
      vertex 34.023 54.2169 17.6
    endloop
  endfacet
  facet normal 0 0 1
    outer loop
      vertex 33.4175 121.8 17.6
      vertex 7.28251 121.8 17.6
      vertex 33.5049 121.615 17.6
    endloop
  endfacet
  facet normal 0 0 1
    outer loop
      vertex 34.023 54.2169 17.6
      vertex 7.44173 52.6 17.6
      vertex 33.8716 54.0797 17.6
    endloop
  endfacet
  facet normal 0 0 0
    outer loop
      vertex 7.28251 121.8 17.6
      vertex 33.4175 121.8 17.6
      vertex 7.28281 121.8 17.6
    endloop
  endfacet
  facet normal 0 0 1
    outer loop
      vertex 33.8716 54.0797 17.6
      vertex 7.44173 52.6 17.6
      vertex 33.8709 54.0791 17.6
    endloop
  endfacet
  facet normal 0 0 1
    outer loop
      vertex 7.28281 121.8 17.6
      vertex 33.4175 121.8 17.6
      vertex 7.35167 121.993 17.6
    endloop
  endfacet
  facet normal 0 0 1
    outer loop
      vertex 33.8709 54.0791 17.6
      vertex 7.44173 52.6 17.6
      vertex 33.8703 54.0784 17.6
    endloop
  endfacet
  facet normal 0 0 -1
    outer loop
      vertex 33.4172 121.8 17.6
      vertex 7.35167 121.993 17.6
      vertex 33.4175 121.8 17.6
    endloop
  endfacet
  facet normal 0 0 1
    outer loop
      vertex 33.8703 54.0784 17.6
      vertex 7.44173 52.6 17.6
      vertex 33.7331 53.927 17.6
    endloop
  endfacet
  facet normal 0 0 1
    outer loop
      vertex 33.3483 121.993 17.6
      vertex 7.35167 121.993 17.6
      vertex 33.4172 121.8 17.6
    endloop
  endfacet
  facet normal 0 0 1
    outer loop
      vertex 33.7331 53.927 17.6
      vertex 7.44173 52.6 17.6
      vertex 33.6113 53.7628 17.6
    endloop
  endfacet
  facet normal 0 0 1
    outer loop
      vertex 7.35167 121.993 17.6
      vertex 33.3483 121.993 17.6
      vertex 7.40133 122.191 17.6
    endloop
  endfacet
  facet normal 0 0 1
    outer loop
      vertex 33.6113 53.7628 17.6
      vertex 7.44173 52.6 17.6
      vertex 33.6108 53.7621 17.6
    endloop
  endfacet
  facet normal -0 0 1
    outer loop
      vertex 7.40133 122.191 17.6
      vertex 33.3483 121.993 17.6
      vertex 7.40154 122.192 17.6
    endloop
  endfacet
  facet normal 0 0 1
    outer loop
      vertex 33.6108 53.7621 17.6
      vertex 7.44173 52.6 17.6
      vertex 33.5057 53.5868 17.6
    endloop
  endfacet
  facet normal 0 0 1
    outer loop
      vertex 33.2987 122.191 17.6
      vertex 7.40154 122.192 17.6
      vertex 33.3483 121.993 17.6
    endloop
  endfacet
  facet normal 0 0 1
    outer loop
      vertex 33.5057 53.5868 17.6
      vertex 7.44173 52.6 17.6
      vertex 33.5053 53.586 17.6
    endloop
  endfacet
  facet normal 0 0 1
    outer loop
      vertex 33.2985 122.192 17.6
      vertex 7.40154 122.192 17.6
      vertex 33.2987 122.191 17.6
    endloop
  endfacet
  facet normal 0 0 1
    outer loop
      vertex 33.5053 53.586 17.6
      vertex 7.44173 52.6 17.6
      vertex 33.5049 53.5852 17.6
    endloop
  endfacet
  facet normal 0 0 1
    outer loop
      vertex 7.40154 122.192 17.6
      vertex 33.2985 122.192 17.6
      vertex 7.40167 122.193 17.6
    endloop
  endfacet
  facet normal 0 0 1
    outer loop
      vertex 33.5049 53.5852 17.6
      vertex 7.44173 52.6 17.6
      vertex 33.4175 53.4005 17.6
    endloop
  endfacet
  facet normal 0 0 1
    outer loop
      vertex 33.2983 122.193 17.6
      vertex 7.40167 122.193 17.6
      vertex 33.2985 122.192 17.6
    endloop
  endfacet
  facet normal 0 0 1
    outer loop
      vertex 33.4175 53.4005 17.6
      vertex 7.44173 52.6 17.6
      vertex 33.4172 53.3996 17.6
    endloop
  endfacet
  facet normal 0 0 1
    outer loop
      vertex 7.40167 122.193 17.6
      vertex 33.2983 122.193 17.6
      vertex 7.43166 122.395 17.6
    endloop
  endfacet
  facet normal 0 0 1
    outer loop
      vertex 33.4172 53.3996 17.6
      vertex 7.44173 52.6 17.6
      vertex 33.3483 53.2072 17.6
    endloop
  endfacet
  facet normal 0 0 1
    outer loop
      vertex 33.2683 122.395 17.6
      vertex 7.43166 122.395 17.6
      vertex 33.2983 122.193 17.6
    endloop
  endfacet
  facet normal 0 0 1
    outer loop
      vertex 33.3483 53.2072 17.6
      vertex 7.44173 52.6 17.6
      vertex 33.2987 53.0089 17.6
    endloop
  endfacet
  facet normal 0 0 1
    outer loop
      vertex 7.43166 122.395 17.6
      vertex 33.2683 122.395 17.6
      vertex 7.43171 122.396 17.6
    endloop
  endfacet
  facet normal 0 0 1
    outer loop
      vertex 33.2987 53.0089 17.6
      vertex 7.44173 52.6 17.6
      vertex 33.2985 53.0081 17.6
    endloop
  endfacet
  facet normal -0 0 1
    outer loop
      vertex 7.43171 122.396 17.6
      vertex 33.2683 122.395 17.6
      vertex 7.44173 122.6 17.6
    endloop
  endfacet
  facet normal 0 0 1
    outer loop
      vertex 33.2985 53.0081 17.6
      vertex 7.44173 52.6 17.6
      vertex 33.2983 53.0072 17.6
    endloop
  endfacet
  facet normal 0 0 1
    outer loop
      vertex 7.44173 122.6 17.6
      vertex 33.2683 122.395 17.6
      vertex 33.2683 122.396 17.6
    endloop
  endfacet
  facet normal 0 0 1
    outer loop
      vertex 33.2983 53.0072 17.6
      vertex 7.44173 52.6 17.6
      vertex 33.2683 52.805 17.6
    endloop
  endfacet
  facet normal -0 0 1
    outer loop
      vertex 7.44173 122.6 17.6
      vertex 33.2683 122.396 17.6
      vertex 33.2583 122.6 17.6
    endloop
  endfacet
  facet normal 0 0 1
    outer loop
      vertex 33.2683 52.805 17.6
      vertex 7.44173 52.6 17.6
      vertex 33.2683 52.8041 17.6
    endloop
  endfacet
  facet normal 0 0 1
    outer loop
      vertex 37.7 131.2 17.6
      vertex 40.7 128.2 17.6
      vertex 40.6855 128.494 17.6
    endloop
  endfacet
  facet normal 0 0 1
    outer loop
      vertex 40.7 128.2 17.6
      vertex 37.4417 52.6 17.6
      vertex 40.7 3 17.6
    endloop
  endfacet
  facet normal 0 0 1
    outer loop
      vertex 37.7 131.2 17.6
      vertex 40.6855 128.494 17.6
      vertex 40.6423 128.785 17.6
    endloop
  endfacet
  facet normal -0 0 1
    outer loop
      vertex 37.4317 52.3959 17.6
      vertex 40.7 3 17.6
      vertex 37.4417 52.6 17.6
    endloop
  endfacet
  facet normal 0 0 1
    outer loop
      vertex 37.7 131.2 17.6
      vertex 40.6423 128.785 17.6
      vertex 40.5708 129.071 17.6
    endloop
  endfacet
  facet normal -0 0 1
    outer loop
      vertex 37.4317 52.395 17.6
      vertex 40.7 3 17.6
      vertex 37.4317 52.3959 17.6
    endloop
  endfacet
  facet normal 0 0 1
    outer loop
      vertex 37.7 131.2 17.6
      vertex 40.5708 129.071 17.6
      vertex 40.4716 129.348 17.6
    endloop
  endfacet
  facet normal -0 0 1
    outer loop
      vertex 37.4017 52.1928 17.6
      vertex 40.7 3 17.6
      vertex 37.4317 52.395 17.6
    endloop
  endfacet
  facet normal 0 0 1
    outer loop
      vertex 37.7 131.2 17.6
      vertex 40.4716 129.348 17.6
      vertex 40.3458 129.614 17.6
    endloop
  endfacet
  facet normal -0 0 1
    outer loop
      vertex 37.4015 52.1919 17.6
      vertex 40.7 3 17.6
      vertex 37.4017 52.1928 17.6
    endloop
  endfacet
  facet normal 0 0 1
    outer loop
      vertex 37.7 131.2 17.6
      vertex 40.3458 129.614 17.6
      vertex 40.1944 129.867 17.6
    endloop
  endfacet
  facet normal -0 0 1
    outer loop
      vertex 37.4013 52.1911 17.6
      vertex 40.7 3 17.6
      vertex 37.4015 52.1919 17.6
    endloop
  endfacet
  facet normal 0 0 1
    outer loop
      vertex 37.7 131.2 17.6
      vertex 40.1944 129.867 17.6
      vertex 40.019 130.103 17.6
    endloop
  endfacet
  facet normal -0 0 1
    outer loop
      vertex 37.3517 51.9928 17.6
      vertex 40.7 3 17.6
      vertex 37.4013 52.1911 17.6
    endloop
  endfacet
  facet normal 0 0 1
    outer loop
      vertex 37.7 131.2 17.6
      vertex 40.019 130.103 17.6
      vertex 39.8213 130.321 17.6
    endloop
  endfacet
  facet normal -0 0 1
    outer loop
      vertex 37.2828 51.8004 17.6
      vertex 40.7 3 17.6
      vertex 37.3517 51.9928 17.6
    endloop
  endfacet
  facet normal 0 0 1
    outer loop
      vertex 37.7 131.2 17.6
      vertex 39.8213 130.321 17.6
      vertex 39.6032 130.519 17.6
    endloop
  endfacet
  facet normal -0 0 1
    outer loop
      vertex 37.2825 51.7995 17.6
      vertex 40.7 3 17.6
      vertex 37.2828 51.8004 17.6
    endloop
  endfacet
  facet normal 0 0 1
    outer loop
      vertex 37.7 131.2 17.6
      vertex 39.6032 130.519 17.6
      vertex 39.3667 130.694 17.6
    endloop
  endfacet
  facet normal -0 0 1
    outer loop
      vertex 37.1951 51.6148 17.6
      vertex 40.7 3 17.6
      vertex 37.2825 51.7995 17.6
    endloop
  endfacet
  facet normal 0 0 1
    outer loop
      vertex 37.7 131.2 17.6
      vertex 39.3667 130.694 17.6
      vertex 39.1142 130.846 17.6
    endloop
  endfacet
  facet normal -0 0 1
    outer loop
      vertex 37.1947 51.614 17.6
      vertex 40.7 3 17.6
      vertex 37.1951 51.6148 17.6
    endloop
  endfacet
  facet normal 0 0 1
    outer loop
      vertex 37.7 131.2 17.6
      vertex 39.1142 130.846 17.6
      vertex 38.8481 130.972 17.6
    endloop
  endfacet
  facet normal -0 0 1
    outer loop
      vertex 37.1943 51.6132 17.6
      vertex 40.7 3 17.6
      vertex 37.1947 51.614 17.6
    endloop
  endfacet
  facet normal 0 0 1
    outer loop
      vertex 37.7 131.2 17.6
      vertex 38.8481 130.972 17.6
      vertex 38.5708 131.071 17.6
    endloop
  endfacet
  facet normal -0 0 1
    outer loop
      vertex 37.0892 51.4379 17.6
      vertex 40.7 3 17.6
      vertex 37.1943 51.6132 17.6
    endloop
  endfacet
  facet normal 0 0 1
    outer loop
      vertex 37.7 131.2 17.6
      vertex 38.5708 131.071 17.6
      vertex 38.2853 131.142 17.6
    endloop
  endfacet
  facet normal -0 0 1
    outer loop
      vertex 37.0887 51.4372 17.6
      vertex 40.7 3 17.6
      vertex 37.0892 51.4379 17.6
    endloop
  endfacet
  facet normal 0 0 1
    outer loop
      vertex 37.7 131.2 17.6
      vertex 38.2853 131.142 17.6
      vertex 37.994 131.186 17.6
    endloop
  endfacet
  facet normal -0 0 1
    outer loop
      vertex 36.9669 51.273 17.6
      vertex 40.7 3 17.6
      vertex 37.0887 51.4372 17.6
    endloop
  endfacet
  facet normal 0 0 1
    outer loop
      vertex 36.1496 124.533 17.6
      vertex 40.7 128.2 17.6
      vertex 37.7 131.2 17.6
    endloop
  endfacet
  facet normal -0 0 1
    outer loop
      vertex 36.8297 51.1216 17.6
      vertex 40.7 3 17.6
      vertex 36.9669 51.273 17.6
    endloop
  endfacet
  facet normal 0 0 1
    outer loop
      vertex 37.4317 122.396 17.6
      vertex 40.7 128.2 17.6
      vertex 37.4417 122.6 17.6
    endloop
  endfacet
  facet normal 0 0 1
    outer loop
      vertex 40.7 128.2 17.6
      vertex 37.4317 122.804 17.6
      vertex 37.4417 122.6 17.6
    endloop
  endfacet
  facet normal 0 0 1
    outer loop
      vertex 40.7 128.2 17.6
      vertex 37.4317 122.805 17.6
      vertex 37.4317 122.804 17.6
    endloop
  endfacet
  facet normal 0 0 1
    outer loop
      vertex 40.7 128.2 17.6
      vertex 37.4017 123.007 17.6
      vertex 37.4317 122.805 17.6
    endloop
  endfacet
  facet normal 0 0 1
    outer loop
      vertex 40.7 128.2 17.6
      vertex 37.4015 123.008 17.6
      vertex 37.4017 123.007 17.6
    endloop
  endfacet
  facet normal 0 0 1
    outer loop
      vertex 40.7 128.2 17.6
      vertex 37.4013 123.009 17.6
      vertex 37.4015 123.008 17.6
    endloop
  endfacet
  facet normal 0 0 1
    outer loop
      vertex 40.7 128.2 17.6
      vertex 37.3517 123.207 17.6
      vertex 37.4013 123.009 17.6
    endloop
  endfacet
  facet normal 0 0 1
    outer loop
      vertex 40.7 128.2 17.6
      vertex 37.2828 123.4 17.6
      vertex 37.3517 123.207 17.6
    endloop
  endfacet
  facet normal 0 0 1
    outer loop
      vertex 40.7 128.2 17.6
      vertex 37.2825 123.4 17.6
      vertex 37.2828 123.4 17.6
    endloop
  endfacet
  facet normal 0 0 1
    outer loop
      vertex 40.7 128.2 17.6
      vertex 37.1951 123.585 17.6
      vertex 37.2825 123.4 17.6
    endloop
  endfacet
  facet normal 0 0 1
    outer loop
      vertex 40.7 128.2 17.6
      vertex 37.1947 123.586 17.6
      vertex 37.1951 123.585 17.6
    endloop
  endfacet
  facet normal 0 0 1
    outer loop
      vertex 40.7 128.2 17.6
      vertex 37.1943 123.587 17.6
      vertex 37.1947 123.586 17.6
    endloop
  endfacet
  facet normal 0 0 1
    outer loop
      vertex 40.7 128.2 17.6
      vertex 37.0892 123.762 17.6
      vertex 37.1943 123.587 17.6
    endloop
  endfacet
  facet normal 0 0 1
    outer loop
      vertex 40.7 128.2 17.6
      vertex 37.0887 123.763 17.6
      vertex 37.0892 123.762 17.6
    endloop
  endfacet
  facet normal 0 0 1
    outer loop
      vertex 40.7 128.2 17.6
      vertex 36.9669 123.927 17.6
      vertex 37.0887 123.763 17.6
    endloop
  endfacet
  facet normal 0 0 1
    outer loop
      vertex 40.7 128.2 17.6
      vertex 36.8297 124.078 17.6
      vertex 36.9669 123.927 17.6
    endloop
  endfacet
  facet normal 0 0 1
    outer loop
      vertex 40.7 128.2 17.6
      vertex 36.8291 124.079 17.6
      vertex 36.8297 124.078 17.6
    endloop
  endfacet
  facet normal 0 0 1
    outer loop
      vertex 40.7 128.2 17.6
      vertex 36.8284 124.08 17.6
      vertex 36.8291 124.079 17.6
    endloop
  endfacet
  facet normal 0 0 1
    outer loop
      vertex 40.7 128.2 17.6
      vertex 36.677 124.217 17.6
      vertex 36.8284 124.08 17.6
    endloop
  endfacet
  facet normal 0 0 1
    outer loop
      vertex 40.7 128.2 17.6
      vertex 36.5128 124.339 17.6
      vertex 36.677 124.217 17.6
    endloop
  endfacet
  facet normal 0 0 1
    outer loop
      vertex 40.7 128.2 17.6
      vertex 36.5121 124.339 17.6
      vertex 36.5128 124.339 17.6
    endloop
  endfacet
  facet normal 0 0 1
    outer loop
      vertex 40.7 128.2 17.6
      vertex 36.3368 124.444 17.6
      vertex 36.5121 124.339 17.6
    endloop
  endfacet
  facet normal 0 0 1
    outer loop
      vertex 40.7 128.2 17.6
      vertex 36.336 124.445 17.6
      vertex 36.3368 124.444 17.6
    endloop
  endfacet
  facet normal 0 0 1
    outer loop
      vertex 40.7 128.2 17.6
      vertex 36.3352 124.445 17.6
      vertex 36.336 124.445 17.6
    endloop
  endfacet
  facet normal 0 0 1
    outer loop
      vertex 40.7 128.2 17.6
      vertex 36.1505 124.533 17.6
      vertex 36.3352 124.445 17.6
    endloop
  endfacet
  facet normal 0 0 1
    outer loop
      vertex 40.7 128.2 17.6
      vertex 36.1496 124.533 17.6
      vertex 36.1505 124.533 17.6
    endloop
  endfacet
  facet normal 0 0 1
    outer loop
      vertex 37.7 131.2 17.6
      vertex 35.9572 124.602 17.6
      vertex 36.1496 124.533 17.6
    endloop
  endfacet
  facet normal 0 0 1
    outer loop
      vertex 37.7 131.2 17.6
      vertex 35.7589 124.651 17.6
      vertex 35.9572 124.602 17.6
    endloop
  endfacet
  facet normal 0 0 1
    outer loop
      vertex 37.7 131.2 17.6
      vertex 35.7581 124.652 17.6
      vertex 35.7589 124.651 17.6
    endloop
  endfacet
  facet normal 0 0 1
    outer loop
      vertex 37.7 131.2 17.6
      vertex 35.7572 124.652 17.6
      vertex 35.7581 124.652 17.6
    endloop
  endfacet
  facet normal 0 0 1
    outer loop
      vertex 37.7 131.2 17.6
      vertex 35.555 124.682 17.6
      vertex 35.7572 124.652 17.6
    endloop
  endfacet
  facet normal 0 0 1
    outer loop
      vertex 37.7 131.2 17.6
      vertex 35.5541 124.682 17.6
      vertex 35.555 124.682 17.6
    endloop
  endfacet
  facet normal 0 0 1
    outer loop
      vertex 37.7 131.2 17.6
      vertex 35.35 124.692 17.6
      vertex 35.5541 124.682 17.6
    endloop
  endfacet
  facet normal 0 0 1
    outer loop
      vertex 37.7 131.2 17.6
      vertex 35.1459 124.682 17.6
      vertex 35.35 124.692 17.6
    endloop
  endfacet
  facet normal 0 0 1
    outer loop
      vertex 37.7 131.2 17.6
      vertex 35.145 124.682 17.6
      vertex 35.1459 124.682 17.6
    endloop
  endfacet
  facet normal 0 0 1
    outer loop
      vertex 37.7 131.2 17.6
      vertex 34.9428 124.652 17.6
      vertex 35.145 124.682 17.6
    endloop
  endfacet
  facet normal 0 0 1
    outer loop
      vertex 37.7 131.2 17.6
      vertex 34.9419 124.652 17.6
      vertex 34.9428 124.652 17.6
    endloop
  endfacet
  facet normal 0 0 1
    outer loop
      vertex 37.7 131.2 17.6
      vertex 34.9411 124.651 17.6
      vertex 34.9419 124.652 17.6
    endloop
  endfacet
  facet normal 0 0 1
    outer loop
      vertex 37.7 131.2 17.6
      vertex 34.7428 124.602 17.6
      vertex 34.9411 124.651 17.6
    endloop
  endfacet
  facet normal 0 0 1
    outer loop
      vertex 37.7 131.2 17.6
      vertex 34.5504 124.533 17.6
      vertex 34.7428 124.602 17.6
    endloop
  endfacet
  facet normal 0 0 1
    outer loop
      vertex 37.7 131.2 17.6
      vertex 34.5495 124.533 17.6
      vertex 34.5504 124.533 17.6
    endloop
  endfacet
  facet normal 0 0 1
    outer loop
      vertex 37.7 131.2 17.6
      vertex 34.3648 124.445 17.6
      vertex 34.5495 124.533 17.6
    endloop
  endfacet
  facet normal 0 0 1
    outer loop
      vertex 37.7 131.2 17.6
      vertex 34.364 124.445 17.6
      vertex 34.3648 124.445 17.6
    endloop
  endfacet
  facet normal 0 0 1
    outer loop
      vertex 37.7 131.2 17.6
      vertex 34.3632 124.444 17.6
      vertex 34.364 124.445 17.6
    endloop
  endfacet
  facet normal 0 0 1
    outer loop
      vertex 37.7 131.2 17.6
      vertex 34.1879 124.339 17.6
      vertex 34.3632 124.444 17.6
    endloop
  endfacet
  facet normal 0 0 1
    outer loop
      vertex 37.7 131.2 17.6
      vertex 34.1872 124.339 17.6
      vertex 34.1879 124.339 17.6
    endloop
  endfacet
  facet normal 0 0 1
    outer loop
      vertex 37.7 131.2 17.6
      vertex 34.023 124.217 17.6
      vertex 34.1872 124.339 17.6
    endloop
  endfacet
  facet normal 0 0 1
    outer loop
      vertex 37.7 131.2 17.6
      vertex 33.8716 124.08 17.6
      vertex 34.023 124.217 17.6
    endloop
  endfacet
  facet normal 0 0 1
    outer loop
      vertex 37.7 131.2 17.6
      vertex 33.8709 124.079 17.6
      vertex 33.8716 124.08 17.6
    endloop
  endfacet
  facet normal 0 0 1
    outer loop
      vertex 37.7 131.2 17.6
      vertex 33.8703 124.078 17.6
      vertex 33.8709 124.079 17.6
    endloop
  endfacet
  facet normal 0 0 1
    outer loop
      vertex 37.7 131.2 17.6
      vertex 33.7331 123.927 17.6
      vertex 33.8703 124.078 17.6
    endloop
  endfacet
  facet normal 0 0 1
    outer loop
      vertex 6.96693 123.927 17.6
      vertex 33.7331 123.927 17.6
      vertex 37.7 131.2 17.6
    endloop
  endfacet
  facet normal 0 0 1
    outer loop
      vertex 33.7331 123.927 17.6
      vertex 6.96693 123.927 17.6
      vertex 33.6113 123.763 17.6
    endloop
  endfacet
  facet normal 0 0 1
    outer loop
      vertex 33.6113 123.763 17.6
      vertex 6.96693 123.927 17.6
      vertex 33.6108 123.762 17.6
    endloop
  endfacet
  facet normal -0 -0 1
    outer loop
      vertex 7.08868 123.763 17.6
      vertex 33.6108 123.762 17.6
      vertex 6.96693 123.927 17.6
    endloop
  endfacet
  facet normal 0 0 1
    outer loop
      vertex 33.5053 123.586 17.6
      vertex 33.4175 123.4 17.6
      vertex 33.5049 123.585 17.6
    endloop
  endfacet
  facet normal 0 0 -1
    outer loop
      vertex 33.3483 123.207 17.6
      vertex 33.2985 123.008 17.6
      vertex 33.2987 123.009 17.6
    endloop
  endfacet
  facet normal 0 0 1
    outer loop
      vertex 33.2683 122.805 17.6
      vertex 33.2583 122.6 17.6
      vertex 33.2683 122.804 17.6
    endloop
  endfacet
  facet normal 0 0 1
    outer loop
      vertex 33.2683 52.8041 17.6
      vertex 7.44173 52.6 17.6
      vertex 33.2583 52.6 17.6
    endloop
  endfacet
  facet normal 0 0 1
    outer loop
      vertex 7.44173 122.6 17.6
      vertex 33.2583 122.6 17.6
      vertex 33.2683 122.805 17.6
    endloop
  endfacet
  facet normal 0 0 1
    outer loop
      vertex 33.2583 52.6 17.6
      vertex 22.3404 33.796 17.6
      vertex 22.35 33.6 17.6
    endloop
  endfacet
  facet normal 0 0 1
    outer loop
      vertex 33.2583 52.6 17.6
      vertex 22.3116 33.9902 17.6
      vertex 22.3404 33.796 17.6
    endloop
  endfacet
  facet normal 0 0 1
    outer loop
      vertex 33.2583 52.6 17.6
      vertex 22.2639 34.1806 17.6
      vertex 22.3116 33.9902 17.6
    endloop
  endfacet
  facet normal 0 0 1
    outer loop
      vertex 33.2583 52.6 17.6
      vertex 22.1978 34.3654 17.6
      vertex 22.2639 34.1806 17.6
    endloop
  endfacet
  facet normal 0 0 1
    outer loop
      vertex 33.2583 52.6 17.6
      vertex 22.1138 34.5428 17.6
      vertex 22.1978 34.3654 17.6
    endloop
  endfacet
  facet normal 0 0 1
    outer loop
      vertex 33.2583 52.6 17.6
      vertex 22.0129 34.7111 17.6
      vertex 22.1138 34.5428 17.6
    endloop
  endfacet
  facet normal 0 0 1
    outer loop
      vertex 33.2583 52.6 17.6
      vertex 21.896 34.8688 17.6
      vertex 22.0129 34.7111 17.6
    endloop
  endfacet
  facet normal 0 0 1
    outer loop
      vertex 33.2583 52.6 17.6
      vertex 21.7642 35.0142 17.6
      vertex 21.896 34.8688 17.6
    endloop
  endfacet
  facet normal 0 0 1
    outer loop
      vertex 33.2583 52.6 17.6
      vertex 21.6188 35.146 17.6
      vertex 21.7642 35.0142 17.6
    endloop
  endfacet
  facet normal 0 0 1
    outer loop
      vertex 7.43171 52.3959 17.6
      vertex 33.2583 52.6 17.6
      vertex 7.44173 52.6 17.6
    endloop
  endfacet
  facet normal 0 0 1
    outer loop
      vertex 33.2583 52.6 17.6
      vertex 21.4611 35.2629 17.6
      vertex 21.6188 35.146 17.6
    endloop
  endfacet
  facet normal 0 0 1
    outer loop
      vertex 33.2583 52.6 17.6
      vertex 21.2928 35.3638 17.6
      vertex 21.4611 35.2629 17.6
    endloop
  endfacet
  facet normal 0 0 1
    outer loop
      vertex 33.2583 52.6 17.6
      vertex 21.1154 35.4478 17.6
      vertex 21.2928 35.3638 17.6
    endloop
  endfacet
  facet normal 0 0 1
    outer loop
      vertex 33.2583 52.6 17.6
      vertex 20.9306 35.5139 17.6
      vertex 21.1154 35.4478 17.6
    endloop
  endfacet
  facet normal 0 0 1
    outer loop
      vertex 33.2583 52.6 17.6
      vertex 20.7402 35.5616 17.6
      vertex 20.9306 35.5139 17.6
    endloop
  endfacet
  facet normal 0 0 1
    outer loop
      vertex 7.43166 52.395 17.6
      vertex 33.2583 52.6 17.6
      vertex 7.43171 52.3959 17.6
    endloop
  endfacet
  facet normal 0 0 1
    outer loop
      vertex 7.40167 52.1928 17.6
      vertex 33.2583 52.6 17.6
      vertex 7.43166 52.395 17.6
    endloop
  endfacet
  facet normal 0 0 1
    outer loop
      vertex 7.43166 122.805 17.6
      vertex 33.2683 122.805 17.6
      vertex 33.2983 123.007 17.6
    endloop
  endfacet
  facet normal 0 0 1
    outer loop
      vertex 33.2583 52.6 17.6
      vertex 20.546 35.5904 17.6
      vertex 20.7402 35.5616 17.6
    endloop
  endfacet
  facet normal 0 0 1
    outer loop
      vertex 7.40167 123.007 17.6
      vertex 33.2983 123.007 17.6
      vertex 33.2985 123.008 17.6
    endloop
  endfacet
  facet normal 0 0 1
    outer loop
      vertex 7.40154 52.1919 17.6
      vertex 33.2583 52.6 17.6
      vertex 7.40167 52.1928 17.6
    endloop
  endfacet
  facet normal 0 -0 1
    outer loop
      vertex 20.35 35.6 17.6
      vertex 33.2583 52.6 17.6
      vertex 7.40154 52.1919 17.6
    endloop
  endfacet
  facet normal 0 0 1
    outer loop
      vertex 33.2583 52.6 17.6
      vertex 20.35 35.6 17.6
      vertex 20.546 35.5904 17.6
    endloop
  endfacet
  facet normal -0 0 1
    outer loop
      vertex 7.40133 52.1911 17.6
      vertex 20.35 35.6 17.6
      vertex 7.40154 52.1919 17.6
    endloop
  endfacet
  facet normal -0 0 1
    outer loop
      vertex 7.35167 51.9928 17.6
      vertex 20.35 35.6 17.6
      vertex 7.40133 52.1911 17.6
    endloop
  endfacet
  facet normal 0 0 1
    outer loop
      vertex 20.35 35.6 17.6
      vertex 7.35167 51.9928 17.6
      vertex 20.154 35.5904 17.6
    endloop
  endfacet
  facet normal -0 0 1
    outer loop
      vertex 7.28281 51.8004 17.6
      vertex 20.154 35.5904 17.6
      vertex 7.35167 51.9928 17.6
    endloop
  endfacet
  facet normal -0 0 1
    outer loop
      vertex 7.28251 51.7995 17.6
      vertex 20.154 35.5904 17.6
      vertex 7.28281 51.8004 17.6
    endloop
  endfacet
  facet normal 0 0 1
    outer loop
      vertex 20.154 35.5904 17.6
      vertex 7.28251 51.7995 17.6
      vertex 19.9598 35.5616 17.6
    endloop
  endfacet
  facet normal -0 0 1
    outer loop
      vertex 7.19513 51.6148 17.6
      vertex 19.9598 35.5616 17.6
      vertex 7.28251 51.7995 17.6
    endloop
  endfacet
  facet normal -0 0 1
    outer loop
      vertex 7.19475 51.614 17.6
      vertex 19.9598 35.5616 17.6
      vertex 7.19513 51.6148 17.6
    endloop
  endfacet
  facet normal 0 0 1
    outer loop
      vertex 19.9598 35.5616 17.6
      vertex 7.19475 51.614 17.6
      vertex 19.7694 35.5139 17.6
    endloop
  endfacet
  facet normal -0 0 1
    outer loop
      vertex 7.08921 51.4379 17.6
      vertex 19.7694 35.5139 17.6
      vertex 7.19429 51.6132 17.6
    endloop
  endfacet
  facet normal -0 0 1
    outer loop
      vertex 7.19429 51.6132 17.6
      vertex 19.7694 35.5139 17.6
      vertex 7.19475 51.614 17.6
    endloop
  endfacet
  facet normal -0 0 1
    outer loop
      vertex 7.19429 121.613 17.6
      vertex 33.6108 121.438 17.6
      vertex 7.19475 121.614 17.6
    endloop
  endfacet
  facet normal 0 0 1
    outer loop
      vertex 7.40154 123.008 17.6
      vertex 33.2985 123.008 17.6
      vertex 33.3483 123.207 17.6
    endloop
  endfacet
  facet normal 0 0 1
    outer loop
      vertex 7.35167 123.207 17.6
      vertex 33.3483 123.207 17.6
      vertex 33.4172 123.4 17.6
    endloop
  endfacet
  facet normal 0 0 -1
    outer loop
      vertex 7.35167 123.207 17.6
      vertex 33.4172 123.4 17.6
      vertex 33.4175 123.4 17.6
    endloop
  endfacet
  facet normal 0 0 1
    outer loop
      vertex 7.28251 123.4 17.6
      vertex 33.4175 123.4 17.6
      vertex 33.5053 123.586 17.6
    endloop
  endfacet
  facet normal 0 -0 1
    outer loop
      vertex 7.08921 123.762 17.6
      vertex 33.6108 123.762 17.6
      vertex 7.08868 123.763 17.6
    endloop
  endfacet
  facet normal 0 0 1
    outer loop
      vertex 33.2683 122.805 17.6
      vertex 7.43171 122.804 17.6
      vertex 7.44173 122.6 17.6
    endloop
  endfacet
  facet normal 0 0 1
    outer loop
      vertex 33.2683 122.805 17.6
      vertex 7.43166 122.805 17.6
      vertex 7.43171 122.804 17.6
    endloop
  endfacet
  facet normal 0 0 1
    outer loop
      vertex 33.2983 123.007 17.6
      vertex 7.40167 123.007 17.6
      vertex 7.43166 122.805 17.6
    endloop
  endfacet
  facet normal 0 0 1
    outer loop
      vertex 33.2985 123.008 17.6
      vertex 7.40154 123.008 17.6
      vertex 7.40167 123.007 17.6
    endloop
  endfacet
  facet normal 0 0 1
    outer loop
      vertex 33.3483 123.207 17.6
      vertex 7.40133 123.009 17.6
      vertex 7.40154 123.008 17.6
    endloop
  endfacet
  facet normal 0 0 1
    outer loop
      vertex 33.3483 123.207 17.6
      vertex 7.35167 123.207 17.6
      vertex 7.40133 123.009 17.6
    endloop
  endfacet
  facet normal 0 0 1
    outer loop
      vertex 33.4175 123.4 17.6
      vertex 7.28281 123.4 17.6
      vertex 7.35167 123.207 17.6
    endloop
  endfacet
  facet normal 0 0 0
    outer loop
      vertex 33.4175 123.4 17.6
      vertex 7.28251 123.4 17.6
      vertex 7.28281 123.4 17.6
    endloop
  endfacet
  facet normal 0 0 1
    outer loop
      vertex 33.5053 123.586 17.6
      vertex 7.19513 123.585 17.6
      vertex 7.28251 123.4 17.6
    endloop
  endfacet
  facet normal 0 0 1
    outer loop
      vertex 33.5053 123.586 17.6
      vertex 7.19475 123.586 17.6
      vertex 7.19513 123.585 17.6
    endloop
  endfacet
  facet normal 0 0 1
    outer loop
      vertex 33.5053 123.586 17.6
      vertex 7.19429 123.587 17.6
      vertex 7.19475 123.586 17.6
    endloop
  endfacet
  facet normal 0 0 1
    outer loop
      vertex 33.5053 123.586 17.6
      vertex 7.08921 123.762 17.6
      vertex 7.19429 123.587 17.6
    endloop
  endfacet
  facet normal 0 0 1
    outer loop
      vertex 33.5057 123.587 17.6
      vertex 7.08921 123.762 17.6
      vertex 33.5053 123.586 17.6
    endloop
  endfacet
  facet normal 0 0 1
    outer loop
      vertex 33.6108 123.762 17.6
      vertex 7.08921 123.762 17.6
      vertex 33.5057 123.587 17.6
    endloop
  endfacet
  facet normal -0 0 1
    outer loop
      vertex 3 131.2 17.6
      vertex 6.96693 123.927 17.6
      vertex 37.7 131.2 17.6
    endloop
  endfacet
  facet normal 0 0 1
    outer loop
      vertex 6.96693 123.927 17.6
      vertex 3 131.2 17.6
      vertex 6.82968 124.078 17.6
    endloop
  endfacet
  facet normal 0 0 1
    outer loop
      vertex 6.82968 124.078 17.6
      vertex 3 131.2 17.6
      vertex 6.82908 124.079 17.6
    endloop
  endfacet
  facet normal 0 0 1
    outer loop
      vertex 6.82908 124.079 17.6
      vertex 3 131.2 17.6
      vertex 6.82842 124.08 17.6
    endloop
  endfacet
  facet normal 0 0 1
    outer loop
      vertex 6.82842 124.08 17.6
      vertex 3 131.2 17.6
      vertex 6.67698 124.217 17.6
    endloop
  endfacet
  facet normal 0 0 1
    outer loop
      vertex 6.67698 124.217 17.6
      vertex 3 131.2 17.6
      vertex 6.51282 124.339 17.6
    endloop
  endfacet
  facet normal 0 0 1
    outer loop
      vertex 6.51282 124.339 17.6
      vertex 3 131.2 17.6
      vertex 6.5121 124.339 17.6
    endloop
  endfacet
  facet normal 0 0 1
    outer loop
      vertex 6.5121 124.339 17.6
      vertex 3 131.2 17.6
      vertex 6.3368 124.444 17.6
    endloop
  endfacet
  facet normal 0 0 1
    outer loop
      vertex 6.3368 124.444 17.6
      vertex 3 131.2 17.6
      vertex 6.33604 124.445 17.6
    endloop
  endfacet
  facet normal 0 0 1
    outer loop
      vertex 6.33604 124.445 17.6
      vertex 3 131.2 17.6
      vertex 6.33523 124.445 17.6
    endloop
  endfacet
  facet normal 0 0 1
    outer loop
      vertex 6.33523 124.445 17.6
      vertex 3 131.2 17.6
      vertex 6.15047 124.533 17.6
    endloop
  endfacet
  facet normal 0 0 1
    outer loop
      vertex 6.15047 124.533 17.6
      vertex 3 131.2 17.6
      vertex 6.14963 124.533 17.6
    endloop
  endfacet
  facet normal 0 0 1
    outer loop
      vertex 6.14963 124.533 17.6
      vertex 3 131.2 17.6
      vertex 5.9572 124.602 17.6
    endloop
  endfacet
  facet normal 0 0 1
    outer loop
      vertex 5.9572 124.602 17.6
      vertex 3 131.2 17.6
      vertex 5.75894 124.651 17.6
    endloop
  endfacet
  facet normal 0 0 1
    outer loop
      vertex 5.75894 124.651 17.6
      vertex 3 131.2 17.6
      vertex 5.75808 124.652 17.6
    endloop
  endfacet
  facet normal 0 0 1
    outer loop
      vertex 5.75808 124.652 17.6
      vertex 3 131.2 17.6
      vertex 5.75719 124.652 17.6
    endloop
  endfacet
  facet normal 0 0 1
    outer loop
      vertex 5.75719 124.652 17.6
      vertex 3 131.2 17.6
      vertex 5.55503 124.682 17.6
    endloop
  endfacet
  facet normal 0 0 1
    outer loop
      vertex 5.55503 124.682 17.6
      vertex 3 131.2 17.6
      vertex 5.55413 124.682 17.6
    endloop
  endfacet
  facet normal 0 0 1
    outer loop
      vertex 5.55413 124.682 17.6
      vertex 3 131.2 17.6
      vertex 5.35 124.692 17.6
    endloop
  endfacet
  facet normal 0 0 1
    outer loop
      vertex 5.35 124.692 17.6
      vertex 3 131.2 17.6
      vertex 5.14587 124.682 17.6
    endloop
  endfacet
  facet normal 0 0 1
    outer loop
      vertex 5.14587 124.682 17.6
      vertex 3 131.2 17.6
      vertex 5.14497 124.682 17.6
    endloop
  endfacet
  facet normal 0 0 1
    outer loop
      vertex 5.14497 124.682 17.6
      vertex 3 131.2 17.6
      vertex 4.94281 124.652 17.6
    endloop
  endfacet
  facet normal 0 0 1
    outer loop
      vertex 0 128.2 17.6
      vertex 3.87032 124.078 17.6
      vertex 3.87092 124.079 17.6
    endloop
  endfacet
  facet normal 0 0 1
    outer loop
      vertex 0 128.2 17.6
      vertex 3.50571 123.587 17.6
      vertex 3.61079 123.762 17.6
    endloop
  endfacet
  facet normal 0 0 1
    outer loop
      vertex 0 128.2 17.6
      vertex 3.50487 123.585 17.6
      vertex 3.50525 123.586 17.6
    endloop
  endfacet
  facet normal 0 0 1
    outer loop
      vertex 0 128.2 17.6
      vertex 3.29867 123.009 17.6
      vertex 3.34833 123.207 17.6
    endloop
  endfacet
  facet normal 0 0 1
    outer loop
      vertex 0 128.2 17.6
      vertex 3.29833 123.007 17.6
      vertex 3.29846 123.008 17.6
    endloop
  endfacet
  facet normal 0 0 1
    outer loop
      vertex 3.26829 122.804 17.6
      vertex 0 128.2 17.6
      vertex 3.25827 122.6 17.6
    endloop
  endfacet
  facet normal 0 0 1
    outer loop
      vertex 3.26834 122.805 17.6
      vertex 0 128.2 17.6
      vertex 3.26829 122.804 17.6
    endloop
  endfacet
  facet normal 0 0 1
    outer loop
      vertex 3.29833 123.007 17.6
      vertex 0 128.2 17.6
      vertex 3.26834 122.805 17.6
    endloop
  endfacet
  facet normal 0 0 1
    outer loop
      vertex 3.29867 123.009 17.6
      vertex 0 128.2 17.6
      vertex 3.29846 123.008 17.6
    endloop
  endfacet
  facet normal 0 0 1
    outer loop
      vertex 3.41719 123.4 17.6
      vertex 0 128.2 17.6
      vertex 3.34833 123.207 17.6
    endloop
  endfacet
  facet normal 0 0 1
    outer loop
      vertex 3.41749 123.4 17.6
      vertex 0 128.2 17.6
      vertex 3.41719 123.4 17.6
    endloop
  endfacet
  facet normal 0 0 1
    outer loop
      vertex 3.50487 123.585 17.6
      vertex 0 128.2 17.6
      vertex 3.41749 123.4 17.6
    endloop
  endfacet
  facet normal 0 0 1
    outer loop
      vertex 3.50571 123.587 17.6
      vertex 0 128.2 17.6
      vertex 3.50525 123.586 17.6
    endloop
  endfacet
  facet normal 0 0 1
    outer loop
      vertex 3.61132 123.763 17.6
      vertex 0 128.2 17.6
      vertex 3.61079 123.762 17.6
    endloop
  endfacet
  facet normal 0 0 1
    outer loop
      vertex 3.73307 123.927 17.6
      vertex 0 128.2 17.6
      vertex 3.61132 123.763 17.6
    endloop
  endfacet
  facet normal 0 0 1
    outer loop
      vertex 3.87032 124.078 17.6
      vertex 0 128.2 17.6
      vertex 3.73307 123.927 17.6
    endloop
  endfacet
  facet normal 0 0 1
    outer loop
      vertex 3.87158 124.08 17.6
      vertex 0 128.2 17.6
      vertex 3.87092 124.079 17.6
    endloop
  endfacet
  facet normal 0 0 1
    outer loop
      vertex 4.02302 124.217 17.6
      vertex 0 128.2 17.6
      vertex 3.87158 124.08 17.6
    endloop
  endfacet
  facet normal 0 0 1
    outer loop
      vertex 4.18718 124.339 17.6
      vertex 0 128.2 17.6
      vertex 4.02302 124.217 17.6
    endloop
  endfacet
  facet normal 0 0 1
    outer loop
      vertex 4.18789 124.339 17.6
      vertex 0 128.2 17.6
      vertex 4.18718 124.339 17.6
    endloop
  endfacet
  facet normal 0 0 1
    outer loop
      vertex 4.3632 124.444 17.6
      vertex 0 128.2 17.6
      vertex 4.18789 124.339 17.6
    endloop
  endfacet
  facet normal 0 0 1
    outer loop
      vertex 4.36396 124.445 17.6
      vertex 0 128.2 17.6
      vertex 4.3632 124.444 17.6
    endloop
  endfacet
  facet normal 0 0 1
    outer loop
      vertex 4.36477 124.445 17.6
      vertex 0 128.2 17.6
      vertex 4.36396 124.445 17.6
    endloop
  endfacet
  facet normal 0 0 1
    outer loop
      vertex 4.54953 124.533 17.6
      vertex 0 128.2 17.6
      vertex 4.36477 124.445 17.6
    endloop
  endfacet
  facet normal 0 0 1
    outer loop
      vertex 4.55037 124.533 17.6
      vertex 0 128.2 17.6
      vertex 4.54953 124.533 17.6
    endloop
  endfacet
  facet normal -0 0 1
    outer loop
      vertex 0 128.2 17.6
      vertex 4.55037 124.533 17.6
      vertex 3 131.2 17.6
    endloop
  endfacet
  facet normal 0 0 1
    outer loop
      vertex 4.7428 124.602 17.6
      vertex 3 131.2 17.6
      vertex 4.55037 124.533 17.6
    endloop
  endfacet
  facet normal 0 0 1
    outer loop
      vertex 4.94106 124.651 17.6
      vertex 3 131.2 17.6
      vertex 4.7428 124.602 17.6
    endloop
  endfacet
  facet normal 0 0 1
    outer loop
      vertex 4.94192 124.652 17.6
      vertex 3 131.2 17.6
      vertex 4.94106 124.651 17.6
    endloop
  endfacet
  facet normal 0 0 1
    outer loop
      vertex 4.94281 124.652 17.6
      vertex 3 131.2 17.6
      vertex 4.94192 124.652 17.6
    endloop
  endfacet
  facet normal -0 0 1
    outer loop
      vertex 36.8291 51.1209 17.6
      vertex 40.7 3 17.6
      vertex 36.8297 51.1216 17.6
    endloop
  endfacet
  facet normal -0 0 1
    outer loop
      vertex 36.8284 51.1203 17.6
      vertex 40.7 3 17.6
      vertex 36.8291 51.1209 17.6
    endloop
  endfacet
  facet normal -0 0 1
    outer loop
      vertex 36.677 50.9831 17.6
      vertex 40.7 3 17.6
      vertex 36.8284 51.1203 17.6
    endloop
  endfacet
  facet normal -0 0 1
    outer loop
      vertex 36.5128 50.8613 17.6
      vertex 40.7 3 17.6
      vertex 36.677 50.9831 17.6
    endloop
  endfacet
  facet normal -0 0 1
    outer loop
      vertex 36.5121 50.8608 17.6
      vertex 40.7 3 17.6
      vertex 36.5128 50.8613 17.6
    endloop
  endfacet
  facet normal -0 0 1
    outer loop
      vertex 36.3368 50.7557 17.6
      vertex 40.7 3 17.6
      vertex 36.5121 50.8608 17.6
    endloop
  endfacet
  facet normal -0 0 1
    outer loop
      vertex 36.336 50.7553 17.6
      vertex 40.7 3 17.6
      vertex 36.3368 50.7557 17.6
    endloop
  endfacet
  facet normal -0 0 1
    outer loop
      vertex 22.3116 33.2098 17.6
      vertex 40.7 3 17.6
      vertex 36.336 50.7553 17.6
    endloop
  endfacet
  facet normal -0 0 1
    outer loop
      vertex 22.2639 33.0194 17.6
      vertex 40.7 3 17.6
      vertex 22.3116 33.2098 17.6
    endloop
  endfacet
  facet normal -0 0 1
    outer loop
      vertex 22.1978 32.8346 17.6
      vertex 40.7 3 17.6
      vertex 22.2639 33.0194 17.6
    endloop
  endfacet
  facet normal -0 0 1
    outer loop
      vertex 22.1138 32.6572 17.6
      vertex 40.7 3 17.6
      vertex 22.1978 32.8346 17.6
    endloop
  endfacet
  facet normal -0 0 1
    outer loop
      vertex 22.0129 32.4889 17.6
      vertex 40.7 3 17.6
      vertex 22.1138 32.6572 17.6
    endloop
  endfacet
  facet normal -0 0 1
    outer loop
      vertex 21.896 32.3312 17.6
      vertex 40.7 3 17.6
      vertex 22.0129 32.4889 17.6
    endloop
  endfacet
  facet normal -0 0 1
    outer loop
      vertex 21.6188 32.054 17.6
      vertex 40.7 3 17.6
      vertex 21.7642 32.1858 17.6
    endloop
  endfacet
  facet normal -0 0 1
    outer loop
      vertex 21.4611 31.9371 17.6
      vertex 40.7 3 17.6
      vertex 21.6188 32.054 17.6
    endloop
  endfacet
  facet normal -0 0 1
    outer loop
      vertex 21.2928 31.8362 17.6
      vertex 40.7 3 17.6
      vertex 21.4611 31.9371 17.6
    endloop
  endfacet
  facet normal -0 0 1
    outer loop
      vertex 21.1154 31.7522 17.6
      vertex 40.7 3 17.6
      vertex 21.2928 31.8362 17.6
    endloop
  endfacet
  facet normal -0 0 1
    outer loop
      vertex 20.9306 31.6861 17.6
      vertex 40.7 3 17.6
      vertex 21.1154 31.7522 17.6
    endloop
  endfacet
  facet normal 0 0 1
    outer loop
      vertex 40.7 3 17.6
      vertex 37.7 0 17.6
      vertex 40.6855 2.70595 17.6
    endloop
  endfacet
  facet normal 0 0 1
    outer loop
      vertex 40.6855 2.70595 17.6
      vertex 37.7 0 17.6
      vertex 40.6423 2.41473 17.6
    endloop
  endfacet
  facet normal 0 0 1
    outer loop
      vertex 40.5708 2.12915 17.6
      vertex 37.7 0 17.6
      vertex 40.4716 1.85194 17.6
    endloop
  endfacet
  facet normal 0 0 1
    outer loop
      vertex 40.3458 1.58582 17.6
      vertex 37.7 0 17.6
      vertex 40.1944 1.33328 17.6
    endloop
  endfacet
  facet normal 0 0 1
    outer loop
      vertex 40.1944 1.33328 17.6
      vertex 37.7 0 17.6
      vertex 40.019 1.09682 17.6
    endloop
  endfacet
  facet normal 0 0 1
    outer loop
      vertex 22.3116 33.2098 17.6
      vertex 36.336 50.7553 17.6
      vertex 36.3352 50.7549 17.6
    endloop
  endfacet
  facet normal 0 0 1
    outer loop
      vertex 22.3116 33.2098 17.6
      vertex 36.3352 50.7549 17.6
      vertex 36.1505 50.6675 17.6
    endloop
  endfacet
  facet normal 0 0 1
    outer loop
      vertex 22.3404 33.404 17.6
      vertex 36.1505 50.6675 17.6
      vertex 36.1496 50.6672 17.6
    endloop
  endfacet
  facet normal 0 0 1
    outer loop
      vertex 22.3404 33.404 17.6
      vertex 36.1496 50.6672 17.6
      vertex 35.9572 50.5983 17.6
    endloop
  endfacet
  facet normal 0 0 1
    outer loop
      vertex 22.35 33.6 17.6
      vertex 35.9572 50.5983 17.6
      vertex 35.7589 50.5487 17.6
    endloop
  endfacet
  facet normal 0 0 1
    outer loop
      vertex 22.35 33.6 17.6
      vertex 35.7589 50.5487 17.6
      vertex 35.7581 50.5485 17.6
    endloop
  endfacet
  facet normal 0 0 1
    outer loop
      vertex 22.35 33.6 17.6
      vertex 35.7581 50.5485 17.6
      vertex 35.7572 50.5483 17.6
    endloop
  endfacet
  facet normal 0 0 1
    outer loop
      vertex 22.35 33.6 17.6
      vertex 35.7572 50.5483 17.6
      vertex 35.555 50.5183 17.6
    endloop
  endfacet
  facet normal 0 0 1
    outer loop
      vertex 22.35 33.6 17.6
      vertex 35.555 50.5183 17.6
      vertex 35.5541 50.5183 17.6
    endloop
  endfacet
  facet normal 0 0 1
    outer loop
      vertex 22.35 33.6 17.6
      vertex 35.5541 50.5183 17.6
      vertex 35.35 50.5083 17.6
    endloop
  endfacet
  facet normal 0 0 1
    outer loop
      vertex 22.35 33.6 17.6
      vertex 35.35 50.5083 17.6
      vertex 35.1459 50.5183 17.6
    endloop
  endfacet
  facet normal 0 0 1
    outer loop
      vertex 22.35 33.6 17.6
      vertex 35.1459 50.5183 17.6
      vertex 35.145 50.5183 17.6
    endloop
  endfacet
  facet normal 0 0 1
    outer loop
      vertex 22.35 33.6 17.6
      vertex 35.145 50.5183 17.6
      vertex 34.9428 50.5483 17.6
    endloop
  endfacet
  facet normal 0 0 1
    outer loop
      vertex 22.35 33.6 17.6
      vertex 34.9428 50.5483 17.6
      vertex 34.9419 50.5485 17.6
    endloop
  endfacet
  facet normal 0 0 1
    outer loop
      vertex 22.35 33.6 17.6
      vertex 34.9419 50.5485 17.6
      vertex 34.9411 50.5487 17.6
    endloop
  endfacet
  facet normal 0 0 1
    outer loop
      vertex 22.35 33.6 17.6
      vertex 34.9411 50.5487 17.6
      vertex 34.7428 50.5983 17.6
    endloop
  endfacet
  facet normal 0 0 1
    outer loop
      vertex 22.35 33.6 17.6
      vertex 34.7428 50.5983 17.6
      vertex 34.5504 50.6672 17.6
    endloop
  endfacet
  facet normal 0 0 1
    outer loop
      vertex 22.35 33.6 17.6
      vertex 34.5504 50.6672 17.6
      vertex 34.5495 50.6675 17.6
    endloop
  endfacet
  facet normal 0 0 1
    outer loop
      vertex 22.35 33.6 17.6
      vertex 34.5495 50.6675 17.6
      vertex 34.3648 50.7549 17.6
    endloop
  endfacet
  facet normal 0 0 1
    outer loop
      vertex 22.35 33.6 17.6
      vertex 34.3648 50.7549 17.6
      vertex 34.364 50.7553 17.6
    endloop
  endfacet
  facet normal 0 0 1
    outer loop
      vertex 22.35 33.6 17.6
      vertex 34.364 50.7553 17.6
      vertex 34.3632 50.7557 17.6
    endloop
  endfacet
  facet normal 0 0 1
    outer loop
      vertex 22.35 33.6 17.6
      vertex 34.3632 50.7557 17.6
      vertex 34.1879 50.8608 17.6
    endloop
  endfacet
  facet normal 0 0 1
    outer loop
      vertex 22.35 33.6 17.6
      vertex 34.1879 50.8608 17.6
      vertex 34.1872 50.8613 17.6
    endloop
  endfacet
  facet normal 0 0 1
    outer loop
      vertex 22.35 33.6 17.6
      vertex 34.1872 50.8613 17.6
      vertex 34.023 50.9831 17.6
    endloop
  endfacet
  facet normal 0 0 1
    outer loop
      vertex 22.35 33.6 17.6
      vertex 34.023 50.9831 17.6
      vertex 33.8716 51.1203 17.6
    endloop
  endfacet
  facet normal 0 0 1
    outer loop
      vertex 22.35 33.6 17.6
      vertex 33.8716 51.1203 17.6
      vertex 33.8709 51.1209 17.6
    endloop
  endfacet
  facet normal 0 0 1
    outer loop
      vertex 22.35 33.6 17.6
      vertex 33.8709 51.1209 17.6
      vertex 33.8703 51.1216 17.6
    endloop
  endfacet
  facet normal 0 0 1
    outer loop
      vertex 22.35 33.6 17.6
      vertex 33.8703 51.1216 17.6
      vertex 33.7331 51.273 17.6
    endloop
  endfacet
  facet normal 0 0 1
    outer loop
      vertex 22.35 33.6 17.6
      vertex 33.7331 51.273 17.6
      vertex 33.6113 51.4372 17.6
    endloop
  endfacet
  facet normal 0 0 1
    outer loop
      vertex 22.35 33.6 17.6
      vertex 33.6113 51.4372 17.6
      vertex 33.6108 51.4379 17.6
    endloop
  endfacet
  facet normal 0 0 1
    outer loop
      vertex 22.35 33.6 17.6
      vertex 33.6108 51.4379 17.6
      vertex 33.5057 51.6132 17.6
    endloop
  endfacet
  facet normal 0 0 1
    outer loop
      vertex 22.35 33.6 17.6
      vertex 33.5057 51.6132 17.6
      vertex 33.5053 51.614 17.6
    endloop
  endfacet
  facet normal 0 0 1
    outer loop
      vertex 22.35 33.6 17.6
      vertex 33.5053 51.614 17.6
      vertex 33.5049 51.6148 17.6
    endloop
  endfacet
  facet normal 0 0 1
    outer loop
      vertex 22.35 33.6 17.6
      vertex 33.5049 51.6148 17.6
      vertex 33.4175 51.7995 17.6
    endloop
  endfacet
  facet normal 0 0 1
    outer loop
      vertex 22.35 33.6 17.6
      vertex 33.4175 51.7995 17.6
      vertex 33.4172 51.8004 17.6
    endloop
  endfacet
  facet normal 0 0 1
    outer loop
      vertex 22.35 33.6 17.6
      vertex 33.4172 51.8004 17.6
      vertex 33.3483 51.9928 17.6
    endloop
  endfacet
  facet normal 0 0 1
    outer loop
      vertex 22.35 33.6 17.6
      vertex 33.3483 51.9928 17.6
      vertex 33.2987 52.1911 17.6
    endloop
  endfacet
  facet normal 0 0 1
    outer loop
      vertex 22.35 33.6 17.6
      vertex 33.2987 52.1911 17.6
      vertex 33.2985 52.1919 17.6
    endloop
  endfacet
  facet normal 0 0 1
    outer loop
      vertex 22.35 33.6 17.6
      vertex 33.2985 52.1919 17.6
      vertex 33.2983 52.1928 17.6
    endloop
  endfacet
  facet normal 0 0 1
    outer loop
      vertex 22.35 33.6 17.6
      vertex 33.2983 52.1928 17.6
      vertex 33.2683 52.395 17.6
    endloop
  endfacet
  facet normal 0 0 1
    outer loop
      vertex 33.2583 52.6 17.6
      vertex 33.2683 52.395 17.6
      vertex 33.2683 52.3959 17.6
    endloop
  endfacet
  facet normal 0 0 1
    outer loop
      vertex 22.35 33.6 17.6
      vertex 33.2683 52.395 17.6
      vertex 33.2583 52.6 17.6
    endloop
  endfacet
  facet normal 0 0 1
    outer loop
      vertex 35.9572 50.5983 17.6
      vertex 22.35 33.6 17.6
      vertex 22.3404 33.404 17.6
    endloop
  endfacet
  facet normal 0 0 1
    outer loop
      vertex 36.1505 50.6675 17.6
      vertex 22.3404 33.404 17.6
      vertex 22.3116 33.2098 17.6
    endloop
  endfacet
  facet normal -0 0 1
    outer loop
      vertex 21.7642 32.1858 17.6
      vertex 40.7 3 17.6
      vertex 21.896 32.3312 17.6
    endloop
  endfacet
  facet normal 0 0 1
    outer loop
      vertex 39.8213 0.878677 17.6
      vertex 37.7 0 17.6
      vertex 39.6032 0.680969 17.6
    endloop
  endfacet
  facet normal 0 0 1
    outer loop
      vertex 39.6032 0.680969 17.6
      vertex 37.7 0 17.6
      vertex 39.3667 0.505585 17.6
    endloop
  endfacet
  facet normal 0 0 1
    outer loop
      vertex 39.1142 0.354233 17.6
      vertex 37.7 0 17.6
      vertex 38.8481 0.228363 17.6
    endloop
  endfacet
  facet normal 0 0 1
    outer loop
      vertex 38.5708 0.129181 17.6
      vertex 37.7 0 17.6
      vertex 38.2853 0.0576477 17.6
    endloop
  endfacet
  facet normal 0 0 1
    outer loop
      vertex 38.2853 0.0576477 17.6
      vertex 37.7 0 17.6
      vertex 37.994 0.0144501 17.6
    endloop
  endfacet
  facet normal 0 0 1
    outer loop
      vertex 38.8481 0.228363 17.6
      vertex 37.7 0 17.6
      vertex 38.5708 0.129181 17.6
    endloop
  endfacet
  facet normal 0 0 1
    outer loop
      vertex 39.3667 0.505585 17.6
      vertex 37.7 0 17.6
      vertex 39.1142 0.354233 17.6
    endloop
  endfacet
  facet normal 0 0 1
    outer loop
      vertex 40.019 1.09682 17.6
      vertex 37.7 0 17.6
      vertex 39.8213 0.878677 17.6
    endloop
  endfacet
  facet normal 0 0 1
    outer loop
      vertex 40.4716 1.85194 17.6
      vertex 37.7 0 17.6
      vertex 40.3458 1.58582 17.6
    endloop
  endfacet
  facet normal 0 0 1
    outer loop
      vertex 40.6423 2.41473 17.6
      vertex 37.7 0 17.6
      vertex 40.5708 2.12915 17.6
    endloop
  endfacet
  facet normal 0 0 1
    outer loop
      vertex 40.7 3 17.6
      vertex 20.9306 31.6861 17.6
      vertex 37.7 0 17.6
    endloop
  endfacet
  facet normal -0 0 1
    outer loop
      vertex 20.7402 31.6384 17.6
      vertex 37.7 0 17.6
      vertex 20.9306 31.6861 17.6
    endloop
  endfacet
  facet normal -0 0 1
    outer loop
      vertex 20.546 31.6096 17.6
      vertex 37.7 0 17.6
      vertex 20.7402 31.6384 17.6
    endloop
  endfacet
  facet normal -0 0 1
    outer loop
      vertex 20.35 31.6 17.6
      vertex 37.7 0 17.6
      vertex 20.546 31.6096 17.6
    endloop
  endfacet
  facet normal 0 0 1
    outer loop
      vertex 3 0 17.6
      vertex 20.35 31.6 17.6
      vertex 20.154 31.6096 17.6
    endloop
  endfacet
  facet normal 0 0 1
    outer loop
      vertex 3 0 17.6
      vertex 20.154 31.6096 17.6
      vertex 19.9598 31.6384 17.6
    endloop
  endfacet
  facet normal 0 0 1
    outer loop
      vertex 3 0 17.6
      vertex 19.9598 31.6384 17.6
      vertex 19.7694 31.6861 17.6
    endloop
  endfacet
  facet normal 0 0 1
    outer loop
      vertex 0 3 17.6
      vertex 19.7694 31.6861 17.6
      vertex 19.5846 31.7522 17.6
    endloop
  endfacet
  facet normal 0 0 1
    outer loop
      vertex 0 3 17.6
      vertex 19.5846 31.7522 17.6
      vertex 19.4072 31.8362 17.6
    endloop
  endfacet
  facet normal 0 0 1
    outer loop
      vertex 0 3 17.6
      vertex 19.4072 31.8362 17.6
      vertex 19.2389 31.9371 17.6
    endloop
  endfacet
  facet normal 0 0 1
    outer loop
      vertex 0 3 17.6
      vertex 19.2389 31.9371 17.6
      vertex 19.0812 32.054 17.6
    endloop
  endfacet
  facet normal 0 0 1
    outer loop
      vertex 0 3 17.6
      vertex 19.0812 32.054 17.6
      vertex 18.9358 32.1858 17.6
    endloop
  endfacet
  facet normal 0 0 1
    outer loop
      vertex 0 3 17.6
      vertex 18.9358 32.1858 17.6
      vertex 18.804 32.3312 17.6
    endloop
  endfacet
  facet normal 0 0 1
    outer loop
      vertex 0 3 17.6
      vertex 18.804 32.3312 17.6
      vertex 18.6871 32.4889 17.6
    endloop
  endfacet
  facet normal 0 0 1
    outer loop
      vertex 0 3 17.6
      vertex 18.6871 32.4889 17.6
      vertex 18.5862 32.6572 17.6
    endloop
  endfacet
  facet normal 0 0 1
    outer loop
      vertex 19.7694 35.5139 17.6
      vertex 7.08921 51.4379 17.6
      vertex 19.5846 35.4478 17.6
    endloop
  endfacet
  facet normal -0 0 1
    outer loop
      vertex 7.08868 51.4372 17.6
      vertex 19.5846 35.4478 17.6
      vertex 7.08921 51.4379 17.6
    endloop
  endfacet
  facet normal -0 0 1
    outer loop
      vertex 6.96693 51.273 17.6
      vertex 19.5846 35.4478 17.6
      vertex 7.08868 51.4372 17.6
    endloop
  endfacet
  facet normal 0 0 1
    outer loop
      vertex 19.5846 35.4478 17.6
      vertex 6.96693 51.273 17.6
      vertex 19.4072 35.3638 17.6
    endloop
  endfacet
  facet normal -0 0 1
    outer loop
      vertex 6.82968 51.1216 17.6
      vertex 19.4072 35.3638 17.6
      vertex 6.96693 51.273 17.6
    endloop
  endfacet
  facet normal -0 0 1
    outer loop
      vertex 6.82908 51.1209 17.6
      vertex 19.4072 35.3638 17.6
      vertex 6.82968 51.1216 17.6
    endloop
  endfacet
  facet normal 0 0 1
    outer loop
      vertex 19.4072 35.3638 17.6
      vertex 6.82908 51.1209 17.6
      vertex 19.2389 35.2629 17.6
    endloop
  endfacet
  facet normal -0 0 1
    outer loop
      vertex 6.82842 51.1203 17.6
      vertex 19.2389 35.2629 17.6
      vertex 6.82908 51.1209 17.6
    endloop
  endfacet
  facet normal -0 0 1
    outer loop
      vertex 6.67698 50.9831 17.6
      vertex 19.2389 35.2629 17.6
      vertex 6.82842 51.1203 17.6
    endloop
  endfacet
  facet normal 0 0 1
    outer loop
      vertex 19.2389 35.2629 17.6
      vertex 6.67698 50.9831 17.6
      vertex 19.0812 35.146 17.6
    endloop
  endfacet
  facet normal -0 0 1
    outer loop
      vertex 6.51282 50.8613 17.6
      vertex 19.0812 35.146 17.6
      vertex 6.67698 50.9831 17.6
    endloop
  endfacet
  facet normal -0 0 1
    outer loop
      vertex 6.5121 50.8608 17.6
      vertex 19.0812 35.146 17.6
      vertex 6.51282 50.8613 17.6
    endloop
  endfacet
  facet normal 0 0 1
    outer loop
      vertex 19.0812 35.146 17.6
      vertex 6.5121 50.8608 17.6
      vertex 18.9358 35.0142 17.6
    endloop
  endfacet
  facet normal -0 0 1
    outer loop
      vertex 6.3368 50.7557 17.6
      vertex 18.9358 35.0142 17.6
      vertex 6.5121 50.8608 17.6
    endloop
  endfacet
  facet normal -0 0 1
    outer loop
      vertex 6.33604 50.7553 17.6
      vertex 18.9358 35.0142 17.6
      vertex 6.3368 50.7557 17.6
    endloop
  endfacet
  facet normal 0 0 1
    outer loop
      vertex 18.9358 35.0142 17.6
      vertex 6.33604 50.7553 17.6
      vertex 18.804 34.8688 17.6
    endloop
  endfacet
  facet normal -0 0 1
    outer loop
      vertex 6.33523 50.7549 17.6
      vertex 18.804 34.8688 17.6
      vertex 6.33604 50.7553 17.6
    endloop
  endfacet
  facet normal -0 0 1
    outer loop
      vertex 6.15047 50.6675 17.6
      vertex 18.804 34.8688 17.6
      vertex 6.33523 50.7549 17.6
    endloop
  endfacet
  facet normal 0 0 1
    outer loop
      vertex 18.804 34.8688 17.6
      vertex 6.15047 50.6675 17.6
      vertex 18.6871 34.7111 17.6
    endloop
  endfacet
  facet normal -0 0 1
    outer loop
      vertex 6.14963 50.6672 17.6
      vertex 18.6871 34.7111 17.6
      vertex 6.15047 50.6675 17.6
    endloop
  endfacet
  facet normal -0 0 1
    outer loop
      vertex 5.9572 50.5983 17.6
      vertex 18.6871 34.7111 17.6
      vertex 6.14963 50.6672 17.6
    endloop
  endfacet
  facet normal 0 0 1
    outer loop
      vertex 18.6871 34.7111 17.6
      vertex 5.9572 50.5983 17.6
      vertex 18.5862 34.5428 17.6
    endloop
  endfacet
  facet normal -0 0 1
    outer loop
      vertex 5.75894 50.5487 17.6
      vertex 18.5862 34.5428 17.6
      vertex 5.9572 50.5983 17.6
    endloop
  endfacet
  facet normal -0 0 1
    outer loop
      vertex 5.75808 50.5485 17.6
      vertex 18.5862 34.5428 17.6
      vertex 5.75894 50.5487 17.6
    endloop
  endfacet
  facet normal 0 0 1
    outer loop
      vertex 18.5862 34.5428 17.6
      vertex 5.75808 50.5485 17.6
      vertex 18.5022 34.3654 17.6
    endloop
  endfacet
  facet normal -0 0 1
    outer loop
      vertex 5.75719 50.5483 17.6
      vertex 18.5022 34.3654 17.6
      vertex 5.75808 50.5485 17.6
    endloop
  endfacet
  facet normal -0 0 1
    outer loop
      vertex 5.55503 50.5183 17.6
      vertex 18.5022 34.3654 17.6
      vertex 5.75719 50.5483 17.6
    endloop
  endfacet
  facet normal 0 0 1
    outer loop
      vertex 18.5022 34.3654 17.6
      vertex 5.55503 50.5183 17.6
      vertex 18.4361 34.1806 17.6
    endloop
  endfacet
  facet normal -0 0 1
    outer loop
      vertex 5.55413 50.5183 17.6
      vertex 18.4361 34.1806 17.6
      vertex 5.55503 50.5183 17.6
    endloop
  endfacet
  facet normal -0 0 1
    outer loop
      vertex 5.35 50.5083 17.6
      vertex 18.4361 34.1806 17.6
      vertex 5.55413 50.5183 17.6
    endloop
  endfacet
  facet normal 0 0 1
    outer loop
      vertex 18.4361 34.1806 17.6
      vertex 5.35 50.5083 17.6
      vertex 18.3884 33.9902 17.6
    endloop
  endfacet
  facet normal 0 0 1
    outer loop
      vertex 5.14587 50.5183 17.6
      vertex 18.3884 33.9902 17.6
      vertex 5.35 50.5083 17.6
    endloop
  endfacet
  facet normal -0 0 1
    outer loop
      vertex 5.14497 50.5183 17.6
      vertex 18.3884 33.9902 17.6
      vertex 5.14587 50.5183 17.6
    endloop
  endfacet
  facet normal 0 0 1
    outer loop
      vertex 18.3884 33.9902 17.6
      vertex 5.14497 50.5183 17.6
      vertex 18.3596 33.796 17.6
    endloop
  endfacet
  facet normal 0 0 1
    outer loop
      vertex 4.94281 50.5483 17.6
      vertex 18.3596 33.796 17.6
      vertex 5.14497 50.5183 17.6
    endloop
  endfacet
  facet normal 0 0 1
    outer loop
      vertex 4.94192 50.5485 17.6
      vertex 18.3596 33.796 17.6
      vertex 4.94281 50.5483 17.6
    endloop
  endfacet
  facet normal 0 0 1
    outer loop
      vertex 18.3596 33.796 17.6
      vertex 4.94192 50.5485 17.6
      vertex 18.35 33.6 17.6
    endloop
  endfacet
  facet normal 0 0 1
    outer loop
      vertex 4.94106 50.5487 17.6
      vertex 18.35 33.6 17.6
      vertex 4.94192 50.5485 17.6
    endloop
  endfacet
  facet normal 0 0 1
    outer loop
      vertex 4.7428 50.5983 17.6
      vertex 18.35 33.6 17.6
      vertex 4.94106 50.5487 17.6
    endloop
  endfacet
  facet normal 0 0 1
    outer loop
      vertex 18.35 33.6 17.6
      vertex 4.7428 50.5983 17.6
      vertex 18.3596 33.404 17.6
    endloop
  endfacet
  facet normal 0 0 1
    outer loop
      vertex 4.55037 50.6672 17.6
      vertex 18.3596 33.404 17.6
      vertex 4.7428 50.5983 17.6
    endloop
  endfacet
  facet normal 0 0 1
    outer loop
      vertex 4.54953 50.6675 17.6
      vertex 18.3596 33.404 17.6
      vertex 4.55037 50.6672 17.6
    endloop
  endfacet
  facet normal 0 0 1
    outer loop
      vertex 18.3596 33.404 17.6
      vertex 4.54953 50.6675 17.6
      vertex 18.3884 33.2098 17.6
    endloop
  endfacet
  facet normal 0 0 1
    outer loop
      vertex 0 3 17.6
      vertex 18.3884 33.2098 17.6
      vertex 4.54953 50.6675 17.6
    endloop
  endfacet
  facet normal 0 0 1
    outer loop
      vertex 18.3884 33.2098 17.6
      vertex 0 3 17.6
      vertex 18.4361 33.0194 17.6
    endloop
  endfacet
  facet normal 0 0 1
    outer loop
      vertex 18.4361 33.0194 17.6
      vertex 0 3 17.6
      vertex 18.5022 32.8346 17.6
    endloop
  endfacet
  facet normal 0 0 1
    outer loop
      vertex 18.5022 32.8346 17.6
      vertex 0 3 17.6
      vertex 18.5862 32.6572 17.6
    endloop
  endfacet
  facet normal 0 0 1
    outer loop
      vertex 0 3 17.6
      vertex 4.54953 50.6675 17.6
      vertex 4.36477 50.7549 17.6
    endloop
  endfacet
  facet normal 0 0 1
    outer loop
      vertex 0 3 17.6
      vertex 4.36477 50.7549 17.6
      vertex 4.36396 50.7553 17.6
    endloop
  endfacet
  facet normal 0 0 1
    outer loop
      vertex 0 3 17.6
      vertex 4.36396 50.7553 17.6
      vertex 4.3632 50.7557 17.6
    endloop
  endfacet
  facet normal 0 0 1
    outer loop
      vertex 0 3 17.6
      vertex 4.3632 50.7557 17.6
      vertex 4.18789 50.8608 17.6
    endloop
  endfacet
  facet normal 0 0 1
    outer loop
      vertex 0 3 17.6
      vertex 4.18789 50.8608 17.6
      vertex 4.18718 50.8613 17.6
    endloop
  endfacet
  facet normal 0 0 1
    outer loop
      vertex 0 3 17.6
      vertex 4.18718 50.8613 17.6
      vertex 4.02302 50.9831 17.6
    endloop
  endfacet
  facet normal 0 0 1
    outer loop
      vertex 0 3 17.6
      vertex 4.02302 50.9831 17.6
      vertex 3.87158 51.1203 17.6
    endloop
  endfacet
  facet normal 0 0 1
    outer loop
      vertex 0 3 17.6
      vertex 3.87158 51.1203 17.6
      vertex 3.87092 51.1209 17.6
    endloop
  endfacet
  facet normal 0 0 1
    outer loop
      vertex 0 3 17.6
      vertex 3.87092 51.1209 17.6
      vertex 3.87032 51.1216 17.6
    endloop
  endfacet
  facet normal 0 0 1
    outer loop
      vertex 0 3 17.6
      vertex 3.87032 51.1216 17.6
      vertex 3.73307 51.273 17.6
    endloop
  endfacet
  facet normal 0 0 1
    outer loop
      vertex 0 3 17.6
      vertex 3.73307 51.273 17.6
      vertex 3.61132 51.4372 17.6
    endloop
  endfacet
  facet normal 0 0 1
    outer loop
      vertex 0 3 17.6
      vertex 3.61132 51.4372 17.6
      vertex 3.61079 51.4379 17.6
    endloop
  endfacet
  facet normal 0 0 1
    outer loop
      vertex 3.34833 51.9928 17.6
      vertex 3.41749 51.7995 17.6
      vertex 3.41719 51.8004 17.6
    endloop
  endfacet
  facet normal 0 0 1
    outer loop
      vertex 19.7694 31.6861 17.6
      vertex 0 3 17.6
      vertex 3 0 17.6
    endloop
  endfacet
  facet normal 0 0 1
    outer loop
      vertex 0 3 17.6
      vertex 3.61079 51.4379 17.6
      vertex 3.50571 51.6132 17.6
    endloop
  endfacet
  facet normal 0 0 1
    outer loop
      vertex 0 3 17.6
      vertex 3.50571 51.6132 17.6
      vertex 3.50525 51.614 17.6
    endloop
  endfacet
  facet normal 0 0 1
    outer loop
      vertex 0 3 17.6
      vertex 3.50525 51.614 17.6
      vertex 3.50487 51.6148 17.6
    endloop
  endfacet
  facet normal 0 0 1
    outer loop
      vertex 0 3 17.6
      vertex 3.50487 51.6148 17.6
      vertex 3.41749 51.7995 17.6
    endloop
  endfacet
  facet normal 0 0 1
    outer loop
      vertex 0 3 17.6
      vertex 3.41749 51.7995 17.6
      vertex 3.34833 51.9928 17.6
    endloop
  endfacet
  facet normal 0 0 1
    outer loop
      vertex 0 3 17.6
      vertex 3.34833 51.9928 17.6
      vertex 3.29867 52.1911 17.6
    endloop
  endfacet
  facet normal 0 0 1
    outer loop
      vertex 0 3 17.6
      vertex 3.29867 52.1911 17.6
      vertex 3.29846 52.1919 17.6
    endloop
  endfacet
  facet normal 0 0 1
    outer loop
      vertex 0 3 17.6
      vertex 3.29846 52.1919 17.6
      vertex 3.29833 52.1928 17.6
    endloop
  endfacet
  facet normal 0 0 1
    outer loop
      vertex 0 3 17.6
      vertex 3.29833 52.1928 17.6
      vertex 3.26834 52.395 17.6
    endloop
  endfacet
  facet normal 0 0 1
    outer loop
      vertex 0 3 17.6
      vertex 3.26834 52.395 17.6
      vertex 3.26829 52.3959 17.6
    endloop
  endfacet
  facet normal 0 0 1
    outer loop
      vertex 0 3 17.6
      vertex 3.26829 52.3959 17.6
      vertex 3.25827 52.6 17.6
    endloop
  endfacet
  facet normal 0 0 1
    outer loop
      vertex 3.26829 52.8041 17.6
      vertex 0 128.2 17.6
      vertex 3.25827 52.6 17.6
    endloop
  endfacet
  facet normal 0 0 1
    outer loop
      vertex 0 128.2 17.6
      vertex 3 131.2 17.6
      vertex 2.70595 131.186 17.6
    endloop
  endfacet
  facet normal 0 0 1
    outer loop
      vertex 0 3 17.6
      vertex 3.25827 52.6 17.6
      vertex 0 128.2 17.6
    endloop
  endfacet
  facet normal 0 0 1
    outer loop
      vertex 0 128.2 17.6
      vertex 2.70595 131.186 17.6
      vertex 2.41473 131.142 17.6
    endloop
  endfacet
  facet normal 0 0 1
    outer loop
      vertex 20.35 31.6 17.6
      vertex 3 0 17.6
      vertex 37.7 0 17.6
    endloop
  endfacet
  facet normal 0 0 1
    outer loop
      vertex 0 128.2 17.6
      vertex 2.41473 131.142 17.6
      vertex 2.12915 131.071 17.6
    endloop
  endfacet
  facet normal 0 0 1
    outer loop
      vertex 3 0 17.6
      vertex 0 3 17.6
      vertex 2.70595 0.0144501 17.6
    endloop
  endfacet
  facet normal 0 0 1
    outer loop
      vertex 0 128.2 17.6
      vertex 2.12915 131.071 17.6
      vertex 1.85194 130.972 17.6
    endloop
  endfacet
  facet normal 0 0 1
    outer loop
      vertex 2.70595 0.0144501 17.6
      vertex 0 3 17.6
      vertex 2.41473 0.0576477 17.6
    endloop
  endfacet
  facet normal 0 0 1
    outer loop
      vertex 0 128.2 17.6
      vertex 1.85194 130.972 17.6
      vertex 1.58582 130.846 17.6
    endloop
  endfacet
  facet normal 0 0 1
    outer loop
      vertex 2.41473 0.0576477 17.6
      vertex 0 3 17.6
      vertex 2.12915 0.129181 17.6
    endloop
  endfacet
  facet normal 0 0 1
    outer loop
      vertex 0 128.2 17.6
      vertex 1.58582 130.846 17.6
      vertex 1.33328 130.694 17.6
    endloop
  endfacet
  facet normal 0 0 1
    outer loop
      vertex 2.12915 0.129181 17.6
      vertex 0 3 17.6
      vertex 1.85194 0.228363 17.6
    endloop
  endfacet
  facet normal 0 0 1
    outer loop
      vertex 0 128.2 17.6
      vertex 1.33328 130.694 17.6
      vertex 1.09682 130.519 17.6
    endloop
  endfacet
  facet normal 0 0 1
    outer loop
      vertex 1.85194 0.228363 17.6
      vertex 0 3 17.6
      vertex 1.58582 0.354233 17.6
    endloop
  endfacet
  facet normal 0 0 1
    outer loop
      vertex 0 128.2 17.6
      vertex 1.09682 130.519 17.6
      vertex 0.878677 130.321 17.6
    endloop
  endfacet
  facet normal 0 0 1
    outer loop
      vertex 1.58582 0.354233 17.6
      vertex 0 3 17.6
      vertex 1.33328 0.505585 17.6
    endloop
  endfacet
  facet normal 0 0 1
    outer loop
      vertex 0 128.2 17.6
      vertex 0.878677 130.321 17.6
      vertex 0.680969 130.103 17.6
    endloop
  endfacet
  facet normal 0 0 1
    outer loop
      vertex 1.33328 0.505585 17.6
      vertex 0 3 17.6
      vertex 1.09682 0.680969 17.6
    endloop
  endfacet
  facet normal 0 0 1
    outer loop
      vertex 0 128.2 17.6
      vertex 0.680969 130.103 17.6
      vertex 0.505585 129.867 17.6
    endloop
  endfacet
  facet normal 0 0 1
    outer loop
      vertex 1.09682 0.680969 17.6
      vertex 0 3 17.6
      vertex 0.878677 0.878677 17.6
    endloop
  endfacet
  facet normal 0 0 1
    outer loop
      vertex 0 128.2 17.6
      vertex 0.505585 129.867 17.6
      vertex 0.354233 129.614 17.6
    endloop
  endfacet
  facet normal 0 0 1
    outer loop
      vertex 0.878677 0.878677 17.6
      vertex 0 3 17.6
      vertex 0.680969 1.09682 17.6
    endloop
  endfacet
  facet normal 0 0 1
    outer loop
      vertex 0 128.2 17.6
      vertex 0.354233 129.614 17.6
      vertex 0.228363 129.348 17.6
    endloop
  endfacet
  facet normal 0 0 1
    outer loop
      vertex 0.680969 1.09682 17.6
      vertex 0 3 17.6
      vertex 0.505585 1.33328 17.6
    endloop
  endfacet
  facet normal 0 0 1
    outer loop
      vertex 0 128.2 17.6
      vertex 0.228363 129.348 17.6
      vertex 0.129181 129.071 17.6
    endloop
  endfacet
  facet normal 0 0 1
    outer loop
      vertex 0.505585 1.33328 17.6
      vertex 0 3 17.6
      vertex 0.354233 1.58582 17.6
    endloop
  endfacet
  facet normal 0 0 1
    outer loop
      vertex 0 128.2 17.6
      vertex 0.129181 129.071 17.6
      vertex 0.0576477 128.785 17.6
    endloop
  endfacet
  facet normal 0 0 1
    outer loop
      vertex 0.354233 1.58582 17.6
      vertex 0 3 17.6
      vertex 0.228363 1.85194 17.6
    endloop
  endfacet
  facet normal 0 0 1
    outer loop
      vertex 0 128.2 17.6
      vertex 0.0576477 128.785 17.6
      vertex 0.0144501 128.494 17.6
    endloop
  endfacet
  facet normal 0 0 1
    outer loop
      vertex 0.228363 1.85194 17.6
      vertex 0 3 17.6
      vertex 0.129181 2.12915 17.6
    endloop
  endfacet
  facet normal 0 0 1
    outer loop
      vertex 0.129181 2.12915 17.6
      vertex 0 3 17.6
      vertex 0.0576477 2.41473 17.6
    endloop
  endfacet
  facet normal 0 0 1
    outer loop
      vertex 0.0576477 2.41473 17.6
      vertex 0 3 17.6
      vertex 0.0144501 2.70595 17.6
    endloop
  endfacet
  facet normal -0.427929 0.903813 0
    outer loop
      vertex 1.85194 130.972 2
      vertex 1.58582 130.846 17.6
      vertex 1.85194 130.972 17.6
    endloop
  endfacet
  facet normal -0.427929 0.903813 0
    outer loop
      vertex 1.58582 130.846 17.6
      vertex 1.85194 130.972 2
      vertex 1.58582 130.846 2
    endloop
  endfacet
  facet normal 0.427594 -0.903971 0
    outer loop
      vertex 38.8481 0.228363 2
      vertex 39.1142 0.354233 17.6
      vertex 38.8481 0.228363 17.6
    endloop
  endfacet
  facet normal 0.427594 -0.903971 0
    outer loop
      vertex 39.1142 0.354233 17.6
      vertex 38.8481 0.228363 2
      vertex 39.1142 0.354233 2
    endloop
  endfacet
  facet normal -0.0490824 -0.998795 0
    outer loop
      vertex 2.70595 0.0144501 2
      vertex 3 0 17.6
      vertex 2.70595 0.0144501 17.6
    endloop
  endfacet
  facet normal -0.0490824 -0.998795 -0
    outer loop
      vertex 3 0 17.6
      vertex 2.70595 0.0144501 2
      vertex 3 0 2
    endloop
  endfacet
  facet normal 0 1 -0
    outer loop
      vertex 37.7 131.2 2
      vertex 3 131.2 17.6
      vertex 37.7 131.2 17.6
    endloop
  endfacet
  facet normal 0 1 0
    outer loop
      vertex 3 131.2 17.6
      vertex 37.7 131.2 2
      vertex 3 131.2 2
    endloop
  endfacet
  facet normal -0.989161 0.146836 0
    outer loop
      vertex 0.0144501 128.494 2
      vertex 0.0576477 128.785 17.6
      vertex 0.0576477 128.785 2
    endloop
  endfacet
  facet normal -0.989161 0.146836 0
    outer loop
      vertex 0.0576477 128.785 17.6
      vertex 0.0144501 128.494 2
      vertex 0.0144501 128.494 17.6
    endloop
  endfacet
  facet normal -0.595728 -0.803186 0
    outer loop
      vertex 1.09682 0.680969 2
      vertex 1.33328 0.505585 17.6
      vertex 1.09682 0.680969 17.6
    endloop
  endfacet
  facet normal -0.595728 -0.803186 -0
    outer loop
      vertex 1.33328 0.505585 17.6
      vertex 1.09682 0.680969 2
      vertex 1.33328 0.505585 2
    endloop
  endfacet
  facet normal -0.146728 -0.989177 0
    outer loop
      vertex 2.41473 0.0576477 2
      vertex 2.70595 0.0144501 17.6
      vertex 2.41473 0.0576477 17.6
    endloop
  endfacet
  facet normal -0.146728 -0.989177 -0
    outer loop
      vertex 2.70595 0.0144501 17.6
      vertex 2.41473 0.0576477 2
      vertex 2.70595 0.0144501 2
    endloop
  endfacet
  facet normal 0 -1 0
    outer loop
      vertex 3 0 2
      vertex 37.7 0 17.6
      vertex 3 0 17.6
    endloop
  endfacet
  facet normal 0 -1 -0
    outer loop
      vertex 37.7 0 17.6
      vertex 3 0 2
      vertex 37.7 0 2
    endloop
  endfacet
  facet normal -0.94155 -0.336874 0
    outer loop
      vertex 0.228363 1.85194 2
      vertex 0.129181 2.12915 17.6
      vertex 0.129181 2.12915 2
    endloop
  endfacet
  facet normal -0.94155 -0.336874 0
    outer loop
      vertex 0.129181 2.12915 17.6
      vertex 0.228363 1.85194 2
      vertex 0.228363 1.85194 17.6
    endloop
  endfacet
  facet normal -1 0 0
    outer loop
      vertex 0 3 2
      vertex 0 128.2 17.6
      vertex 0 128.2 2
    endloop
  endfacet
  facet normal -1 -0 0
    outer loop
      vertex 0 128.2 17.6
      vertex 0 3 2
      vertex 0 3 17.6
    endloop
  endfacet
  facet normal 1 -0 0
    outer loop
      vertex 40.7 3 17.6
      vertex 40.7 128.2 2
      vertex 40.7 128.2 17.6
    endloop
  endfacet
  facet normal 1 0 0
    outer loop
      vertex 40.7 128.2 2
      vertex 40.7 3 17.6
      vertex 40.7 3 2
    endloop
  endfacet
  facet normal 0.970143 0.242536 0
    outer loop
      vertex 40.6423 128.785 17.6
      vertex 40.5708 129.071 2
      vertex 40.5708 129.071 17.6
    endloop
  endfacet
  facet normal 0.970143 0.242536 0
    outer loop
      vertex 40.5708 129.071 2
      vertex 40.6423 128.785 17.6
      vertex 40.6423 128.785 2
    endloop
  endfacet
  facet normal -0.970116 0.242642 0
    outer loop
      vertex 0.0576477 128.785 2
      vertex 0.129181 129.071 17.6
      vertex 0.129181 129.071 2
    endloop
  endfacet
  facet normal -0.970116 0.242642 0
    outer loop
      vertex 0.129181 129.071 17.6
      vertex 0.0576477 128.785 2
      vertex 0.0576477 128.785 17.6
    endloop
  endfacet
  facet normal -0.740741 0.671791 0
    outer loop
      vertex 0.680969 130.103 2
      vertex 0.878677 130.321 17.6
      vertex 0.878677 130.321 2
    endloop
  endfacet
  facet normal -0.740741 0.671791 0
    outer loop
      vertex 0.878677 130.321 17.6
      vertex 0.680969 130.103 2
      vertex 0.680969 130.103 17.6
    endloop
  endfacet
  facet normal 0.146688 -0.989183 0
    outer loop
      vertex 37.994 0.0144501 2
      vertex 38.2853 0.0576477 17.6
      vertex 37.994 0.0144501 17.6
    endloop
  endfacet
  facet normal 0.146688 -0.989183 0
    outer loop
      vertex 38.2853 0.0576477 17.6
      vertex 37.994 0.0144501 2
      vertex 38.2853 0.0576477 2
    endloop
  endfacet
  facet normal 0.0490907 -0.998794 0
    outer loop
      vertex 37.7 0 2
      vertex 37.994 0.0144501 17.6
      vertex 37.7 0 17.6
    endloop
  endfacet
  facet normal 0.0490907 -0.998794 0
    outer loop
      vertex 37.994 0.0144501 17.6
      vertex 37.7 0 2
      vertex 37.994 0.0144501 2
    endloop
  endfacet
  facet normal -0.970032 -0.242978 0
    outer loop
      vertex 0.129181 2.12915 2
      vertex 0.0576477 2.41473 17.6
      vertex 0.0576477 2.41473 2
    endloop
  endfacet
  facet normal -0.970032 -0.242978 0
    outer loop
      vertex 0.0576477 2.41473 17.6
      vertex 0.129181 2.12915 2
      vertex 0.129181 2.12915 17.6
    endloop
  endfacet
  facet normal -0.336326 0.941746 0
    outer loop
      vertex 2.12915 131.071 2
      vertex 1.85194 130.972 17.6
      vertex 2.12915 131.071 17.6
    endloop
  endfacet
  facet normal -0.336326 0.941746 0
    outer loop
      vertex 1.85194 130.972 17.6
      vertex 2.12915 131.071 2
      vertex 1.85194 130.972 2
    endloop
  endfacet
  facet normal 0.904075 -0.427374 0
    outer loop
      vertex 40.3458 1.58582 17.6
      vertex 40.4716 1.85194 2
      vertex 40.4716 1.85194 17.6
    endloop
  endfacet
  facet normal 0.904075 -0.427374 0
    outer loop
      vertex 40.4716 1.85194 2
      vertex 40.3458 1.58582 17.6
      vertex 40.3458 1.58582 2
    endloop
  endfacet
  facet normal 0.241336 0.970442 -0
    outer loop
      vertex 38.5708 131.071 2
      vertex 38.2853 131.142 17.6
      vertex 38.5708 131.071 17.6
    endloop
  endfacet
  facet normal 0.241336 0.970442 0
    outer loop
      vertex 38.2853 131.142 17.6
      vertex 38.5708 131.071 2
      vertex 38.2853 131.142 2
    endloop
  endfacet
  facet normal 0.858091 0.513498 0
    outer loop
      vertex 40.3458 129.614 17.6
      vertex 40.1944 129.867 2
      vertex 40.1944 129.867 17.6
    endloop
  endfacet
  facet normal 0.858091 0.513498 0
    outer loop
      vertex 40.1944 129.867 2
      vertex 40.3458 129.614 17.6
      vertex 40.3458 129.614 2
    endloop
  endfacet
  facet normal -0.998794 0.0490907 0
    outer loop
      vertex 0 128.2 2
      vertex 0.0144501 128.494 17.6
      vertex 0.0144501 128.494 2
    endloop
  endfacet
  facet normal -0.998794 0.0490907 0
    outer loop
      vertex 0.0144501 128.494 17.6
      vertex 0 128.2 2
      vertex 0 128.2 17.6
    endloop
  endfacet
  facet normal -0.903909 0.427726 0
    outer loop
      vertex 0.228363 129.348 2
      vertex 0.354233 129.614 17.6
      vertex 0.354233 129.614 2
    endloop
  endfacet
  facet normal -0.903909 0.427726 0
    outer loop
      vertex 0.354233 129.614 17.6
      vertex 0.228363 129.348 2
      vertex 0.228363 129.348 17.6
    endloop
  endfacet
  facet normal -0.336874 -0.94155 0
    outer loop
      vertex 1.85194 0.228363 2
      vertex 2.12915 0.129181 17.6
      vertex 1.85194 0.228363 17.6
    endloop
  endfacet
  facet normal -0.336874 -0.94155 -0
    outer loop
      vertex 2.12915 0.129181 17.6
      vertex 1.85194 0.228363 2
      vertex 2.12915 0.129181 2
    endloop
  endfacet
  facet normal -0.427568 -0.903983 0
    outer loop
      vertex 1.58582 0.354233 2
      vertex 1.85194 0.228363 17.6
      vertex 1.58582 0.354233 17.6
    endloop
  endfacet
  facet normal -0.427568 -0.903983 -0
    outer loop
      vertex 1.85194 0.228363 17.6
      vertex 1.58582 0.354233 2
      vertex 1.85194 0.228363 2
    endloop
  endfacet
  facet normal -0.514066 -0.857751 0
    outer loop
      vertex 1.33328 0.505585 2
      vertex 1.58582 0.354233 17.6
      vertex 1.33328 0.505585 17.6
    endloop
  endfacet
  facet normal -0.514066 -0.857751 -0
    outer loop
      vertex 1.58582 0.354233 17.6
      vertex 1.33328 0.505585 2
      vertex 1.58582 0.354233 2
    endloop
  endfacet
  facet normal -0.998795 -0.0490824 0
    outer loop
      vertex 0.0144501 2.70595 2
      vertex 0 3 17.6
      vertex 0 3 2
    endloop
  endfacet
  facet normal -0.998795 -0.0490824 0
    outer loop
      vertex 0 3 17.6
      vertex 0.0144501 2.70595 2
      vertex 0.0144501 2.70595 17.6
    endloop
  endfacet
  facet normal -0.0475571 0.998869 0
    outer loop
      vertex 3 131.2 2
      vertex 2.70595 131.186 17.6
      vertex 3 131.2 17.6
    endloop
  endfacet
  facet normal -0.0475571 0.998869 0
    outer loop
      vertex 2.70595 131.186 17.6
      vertex 3 131.2 2
      vertex 2.70595 131.186 2
    endloop
  endfacet
  facet normal -0.241272 0.970458 0
    outer loop
      vertex 2.41473 131.142 2
      vertex 2.12915 131.071 17.6
      vertex 2.41473 131.142 17.6
    endloop
  endfacet
  facet normal -0.241272 0.970458 0
    outer loop
      vertex 2.12915 131.071 17.6
      vertex 2.41473 131.142 2
      vertex 2.12915 131.071 2
    endloop
  endfacet
  facet normal 0.671622 -0.740894 0
    outer loop
      vertex 39.6032 0.680969 2
      vertex 39.8213 0.878677 17.6
      vertex 39.6032 0.680969 17.6
    endloop
  endfacet
  facet normal 0.671622 -0.740894 0
    outer loop
      vertex 39.8213 0.878677 17.6
      vertex 39.6032 0.680969 2
      vertex 39.8213 0.878677 2
    endloop
  endfacet
  facet normal 0.427955 0.9038 -0
    outer loop
      vertex 39.1142 130.846 2
      vertex 38.8481 130.972 17.6
      vertex 39.1142 130.846 17.6
    endloop
  endfacet
  facet normal 0.427955 0.9038 0
    outer loop
      vertex 38.8481 130.972 17.6
      vertex 39.1142 130.846 2
      vertex 38.8481 130.972 2
    endloop
  endfacet
  facet normal 0.336229 0.94178 -0
    outer loop
      vertex 38.8481 130.972 2
      vertex 38.5708 131.071 17.6
      vertex 38.8481 130.972 17.6
    endloop
  endfacet
  facet normal 0.336229 0.94178 0
    outer loop
      vertex 38.5708 131.071 17.6
      vertex 38.8481 130.972 2
      vertex 38.5708 131.071 2
    endloop
  endfacet
  facet normal 0.594821 0.803858 -0
    outer loop
      vertex 39.6032 130.519 2
      vertex 39.3667 130.694 17.6
      vertex 39.6032 130.519 17.6
    endloop
  endfacet
  facet normal 0.594821 0.803858 0
    outer loop
      vertex 39.3667 130.694 17.6
      vertex 39.6032 130.519 2
      vertex 39.3667 130.694 2
    endloop
  endfacet
  facet normal 0.672166 0.740401 -0
    outer loop
      vertex 39.8213 130.321 2
      vertex 39.6032 130.519 17.6
      vertex 39.8213 130.321 17.6
    endloop
  endfacet
  facet normal 0.672166 0.740401 0
    outer loop
      vertex 39.6032 130.519 17.6
      vertex 39.8213 130.321 2
      vertex 39.6032 130.519 2
    endloop
  endfacet
  facet normal 0.740754 0.671776 0
    outer loop
      vertex 40.019 130.103 17.6
      vertex 39.8213 130.321 2
      vertex 39.8213 130.321 17.6
    endloop
  endfacet
  facet normal 0.740754 0.671776 0
    outer loop
      vertex 39.8213 130.321 2
      vertex 40.019 130.103 17.6
      vertex 40.019 130.103 2
    endloop
  endfacet
  facet normal -0.941469 0.3371 0
    outer loop
      vertex 0.129181 129.071 2
      vertex 0.228363 129.348 17.6
      vertex 0.228363 129.348 2
    endloop
  endfacet
  facet normal -0.941469 0.3371 0
    outer loop
      vertex 0.228363 129.348 17.6
      vertex 0.129181 129.071 2
      vertex 0.129181 129.071 17.6
    endloop
  endfacet
  facet normal -0.858163 0.513378 0
    outer loop
      vertex 0.354233 129.614 2
      vertex 0.505585 129.867 17.6
      vertex 0.505585 129.867 2
    endloop
  endfacet
  facet normal -0.858163 0.513378 0
    outer loop
      vertex 0.505585 129.867 17.6
      vertex 0.354233 129.614 2
      vertex 0.354233 129.614 17.6
    endloop
  endfacet
  facet normal -0.80263 0.596477 0
    outer loop
      vertex 0.505585 129.867 2
      vertex 0.680969 130.103 17.6
      vertex 0.680969 130.103 2
    endloop
  endfacet
  facet normal -0.80263 0.596477 0
    outer loop
      vertex 0.680969 130.103 17.6
      vertex 0.505585 129.867 2
      vertex 0.505585 129.867 17.6
    endloop
  endfacet
  facet normal -0.672093 0.740467 0
    outer loop
      vertex 1.09682 130.519 2
      vertex 0.878677 130.321 17.6
      vertex 1.09682 130.519 17.6
    endloop
  endfacet
  facet normal -0.672093 0.740467 0
    outer loop
      vertex 0.878677 130.321 17.6
      vertex 1.09682 130.519 2
      vertex 0.878677 130.321 2
    endloop
  endfacet
  facet normal -0.594886 0.80381 0
    outer loop
      vertex 1.33328 130.694 2
      vertex 1.09682 130.519 17.6
      vertex 1.33328 130.694 17.6
    endloop
  endfacet
  facet normal -0.594886 0.80381 0
    outer loop
      vertex 1.09682 130.519 17.6
      vertex 1.33328 130.694 2
      vertex 1.09682 130.519 2
    endloop
  endfacet
  facet normal -0.515683 0.85678 0
    outer loop
      vertex 1.58582 130.846 2
      vertex 1.33328 130.694 17.6
      vertex 1.58582 130.846 17.6
    endloop
  endfacet
  facet normal -0.515683 0.85678 0
    outer loop
      vertex 1.33328 130.694 17.6
      vertex 1.58582 130.846 2
      vertex 1.33328 130.694 2
    endloop
  endfacet
  facet normal -0.242978 -0.970032 0
    outer loop
      vertex 2.12915 0.129181 2
      vertex 2.41473 0.0576477 17.6
      vertex 2.12915 0.129181 17.6
    endloop
  endfacet
  facet normal -0.242978 -0.970032 -0
    outer loop
      vertex 2.41473 0.0576477 17.6
      vertex 2.12915 0.129181 2
      vertex 2.41473 0.0576477 2
    endloop
  endfacet
  facet normal -0.803186 -0.595728 0
    outer loop
      vertex 0.680969 1.09682 2
      vertex 0.505585 1.33328 17.6
      vertex 0.505585 1.33328 2
    endloop
  endfacet
  facet normal -0.803186 -0.595728 0
    outer loop
      vertex 0.505585 1.33328 17.6
      vertex 0.680969 1.09682 2
      vertex 0.680969 1.09682 17.6
    endloop
  endfacet
  facet normal -0.903983 -0.427568 0
    outer loop
      vertex 0.354233 1.58582 2
      vertex 0.228363 1.85194 17.6
      vertex 0.228363 1.85194 2
    endloop
  endfacet
  facet normal -0.903983 -0.427568 0
    outer loop
      vertex 0.228363 1.85194 17.6
      vertex 0.354233 1.58582 2
      vertex 0.354233 1.58582 17.6
    endloop
  endfacet
  facet normal 0 0 -1
    outer loop
      vertex 38.9 3 2
      vertex 40.7 3 2
      vertex 40.6855 2.70595 2
    endloop
  endfacet
  facet normal 0 0 -1
    outer loop
      vertex 40.7 3 2
      vertex 38.9 3 2
      vertex 40.7 128.2 2
    endloop
  endfacet
  facet normal 0 0 -1
    outer loop
      vertex 38.8942 2.88239 2
      vertex 40.6855 2.70595 2
      vertex 40.6423 2.41473 2
    endloop
  endfacet
  facet normal 0 0 -1
    outer loop
      vertex 38.9 128.2 2
      vertex 40.7 128.2 2
      vertex 38.9 3 2
    endloop
  endfacet
  facet normal 0 0 -1
    outer loop
      vertex 38.8769 2.76588 2
      vertex 40.6423 2.41473 2
      vertex 40.5708 2.12915 2
    endloop
  endfacet
  facet normal 0 0 -1
    outer loop
      vertex 40.7 128.2 2
      vertex 38.9 128.2 2
      vertex 40.6855 128.494 2
    endloop
  endfacet
  facet normal 0 0 -1
    outer loop
      vertex 38.8483 2.65166 2
      vertex 40.5708 2.12915 2
      vertex 40.4716 1.85194 2
    endloop
  endfacet
  facet normal 0 0 -1
    outer loop
      vertex 38.8942 128.318 2
      vertex 40.6855 128.494 2
      vertex 38.9 128.2 2
    endloop
  endfacet
  facet normal 0 0 -1
    outer loop
      vertex 38.8087 2.54079 2
      vertex 40.4716 1.85194 2
      vertex 40.3458 1.58582 2
    endloop
  endfacet
  facet normal -0 0 -1
    outer loop
      vertex 40.6855 128.494 2
      vertex 38.8942 128.318 2
      vertex 40.6423 128.785 2
    endloop
  endfacet
  facet normal 0 0 -1
    outer loop
      vertex 38.7583 2.43433 2
      vertex 40.3458 1.58582 2
      vertex 40.1944 1.33328 2
    endloop
  endfacet
  facet normal 0 0 -1
    outer loop
      vertex 38.8769 128.434 2
      vertex 40.6423 128.785 2
      vertex 38.8942 128.318 2
    endloop
  endfacet
  facet normal 0 0 -1
    outer loop
      vertex 38.6978 2.33331 2
      vertex 40.1944 1.33328 2
      vertex 40.019 1.09682 2
    endloop
  endfacet
  facet normal -0 0 -1
    outer loop
      vertex 40.6423 128.785 2
      vertex 38.8769 128.434 2
      vertex 40.5708 129.071 2
    endloop
  endfacet
  facet normal 0 0 -1
    outer loop
      vertex 38.6276 2.23872 2
      vertex 40.019 1.09682 2
      vertex 39.8213 0.878677 2
    endloop
  endfacet
  facet normal 0 0 -1
    outer loop
      vertex 38.8483 128.548 2
      vertex 40.5708 129.071 2
      vertex 38.8769 128.434 2
    endloop
  endfacet
  facet normal 0 0 -1
    outer loop
      vertex 38.5485 2.15147 2
      vertex 39.8213 0.878677 2
      vertex 39.6032 0.680969 2
    endloop
  endfacet
  facet normal -0 0 -1
    outer loop
      vertex 40.5708 129.071 2
      vertex 38.8483 128.548 2
      vertex 40.4716 129.348 2
    endloop
  endfacet
  facet normal 0 0 -1
    outer loop
      vertex 38.4613 2.07239 2
      vertex 39.6032 0.680969 2
      vertex 39.3667 0.505585 2
    endloop
  endfacet
  facet normal 0 0 -1
    outer loop
      vertex 38.8087 128.659 2
      vertex 40.4716 129.348 2
      vertex 38.8483 128.548 2
    endloop
  endfacet
  facet normal 0 0 -1
    outer loop
      vertex 38.3667 2.00224 2
      vertex 39.3667 0.505585 2
      vertex 39.1142 0.354233 2
    endloop
  endfacet
  facet normal -0 0 -1
    outer loop
      vertex 40.4716 129.348 2
      vertex 38.8087 128.659 2
      vertex 40.3458 129.614 2
    endloop
  endfacet
  facet normal 0 0 -1
    outer loop
      vertex 38.7583 128.766 2
      vertex 40.3458 129.614 2
      vertex 38.8087 128.659 2
    endloop
  endfacet
  facet normal 0 0 -1
    outer loop
      vertex 40.6855 2.70595 2
      vertex 38.8942 2.88239 2
      vertex 38.9 3 2
    endloop
  endfacet
  facet normal 0 0 -1
    outer loop
      vertex 40.6423 2.41473 2
      vertex 38.8769 2.76588 2
      vertex 38.8942 2.88239 2
    endloop
  endfacet
  facet normal 0 0 -1
    outer loop
      vertex 40.5708 2.12915 2
      vertex 38.8483 2.65166 2
      vertex 38.8769 2.76588 2
    endloop
  endfacet
  facet normal 0 0 -1
    outer loop
      vertex 38.2657 1.9417 2
      vertex 39.1142 0.354233 2
      vertex 38.8481 0.228363 2
    endloop
  endfacet
  facet normal 0 0 -1
    outer loop
      vertex 40.4716 1.85194 2
      vertex 38.8087 2.54079 2
      vertex 38.8483 2.65166 2
    endloop
  endfacet
  facet normal 0 0 -1
    outer loop
      vertex 40.3458 1.58582 2
      vertex 38.7583 2.43433 2
      vertex 38.8087 2.54079 2
    endloop
  endfacet
  facet normal 0 0 -1
    outer loop
      vertex 40.1944 1.33328 2
      vertex 38.6978 2.33331 2
      vertex 38.7583 2.43433 2
    endloop
  endfacet
  facet normal 0 0 -1
    outer loop
      vertex 40.019 1.09682 2
      vertex 38.6276 2.23872 2
      vertex 38.6978 2.33331 2
    endloop
  endfacet
  facet normal 0 0 -1
    outer loop
      vertex 38.1592 1.89134 2
      vertex 38.8481 0.228363 2
      vertex 38.5708 0.129181 2
    endloop
  endfacet
  facet normal 0 0 -1
    outer loop
      vertex 39.8213 0.878677 2
      vertex 38.5485 2.15147 2
      vertex 38.6276 2.23872 2
    endloop
  endfacet
  facet normal 0 0 -1
    outer loop
      vertex 39.6032 0.680969 2
      vertex 38.4613 2.07239 2
      vertex 38.5485 2.15147 2
    endloop
  endfacet
  facet normal 0 0 -1
    outer loop
      vertex 39.3667 0.505585 2
      vertex 38.3667 2.00224 2
      vertex 38.4613 2.07239 2
    endloop
  endfacet
  facet normal 0 0 -1
    outer loop
      vertex 38.0483 1.85167 2
      vertex 38.5708 0.129181 2
      vertex 38.2853 0.0576477 2
    endloop
  endfacet
  facet normal 0 0 -1
    outer loop
      vertex 39.1142 0.354233 2
      vertex 38.2657 1.9417 2
      vertex 38.3667 2.00224 2
    endloop
  endfacet
  facet normal 0 0 -1
    outer loop
      vertex 38.8481 0.228363 2
      vertex 38.1592 1.89134 2
      vertex 38.2657 1.9417 2
    endloop
  endfacet
  facet normal 0 0 -1
    outer loop
      vertex 38.5708 0.129181 2
      vertex 38.0483 1.85167 2
      vertex 38.1592 1.89134 2
    endloop
  endfacet
  facet normal 0 0 -1
    outer loop
      vertex 37.9341 1.82306 2
      vertex 38.2853 0.0576477 2
      vertex 37.994 0.0144501 2
    endloop
  endfacet
  facet normal 0 0 -1
    outer loop
      vertex 38.2853 0.0576477 2
      vertex 37.9341 1.82306 2
      vertex 38.0483 1.85167 2
    endloop
  endfacet
  facet normal 0 0 -1
    outer loop
      vertex 37.994 0.0144501 2
      vertex 37.8176 1.80577 2
      vertex 37.9341 1.82306 2
    endloop
  endfacet
  facet normal 0 0 -1
    outer loop
      vertex 37.7 0 2
      vertex 37.8176 1.80577 2
      vertex 37.994 0.0144501 2
    endloop
  endfacet
  facet normal 0 0 -1
    outer loop
      vertex 37.7 0 2
      vertex 37.7 1.8 2
      vertex 37.8176 1.80577 2
    endloop
  endfacet
  facet normal 0 0 -1
    outer loop
      vertex 3 0 2
      vertex 37.7 1.8 2
      vertex 37.7 0 2
    endloop
  endfacet
  facet normal 0 0 -1
    outer loop
      vertex 3 0 2
      vertex 3 1.8 2
      vertex 37.7 1.8 2
    endloop
  endfacet
  facet normal 0 0 -1
    outer loop
      vertex 3 0 2
      vertex 2.88239 1.80577 2
      vertex 3 1.8 2
    endloop
  endfacet
  facet normal 0 0 -1
    outer loop
      vertex 2.70595 0.0144501 2
      vertex 2.88239 1.80577 2
      vertex 3 0 2
    endloop
  endfacet
  facet normal -0 0 -1
    outer loop
      vertex 2.88239 1.80577 2
      vertex 2.70595 0.0144501 2
      vertex 2.76588 1.82306 2
    endloop
  endfacet
  facet normal 0 0 -1
    outer loop
      vertex 2.41473 0.0576477 2
      vertex 2.76588 1.82306 2
      vertex 2.70595 0.0144501 2
    endloop
  endfacet
  facet normal -0 0 -1
    outer loop
      vertex 2.76588 1.82306 2
      vertex 2.41473 0.0576477 2
      vertex 2.65166 1.85167 2
    endloop
  endfacet
  facet normal 0 0 -1
    outer loop
      vertex 2.12915 0.129181 2
      vertex 2.65166 1.85167 2
      vertex 2.41473 0.0576477 2
    endloop
  endfacet
  facet normal -0 0 -1
    outer loop
      vertex 2.65166 1.85167 2
      vertex 2.12915 0.129181 2
      vertex 2.54079 1.89134 2
    endloop
  endfacet
  facet normal 0 0 -1
    outer loop
      vertex 1.85194 0.228363 2
      vertex 2.54079 1.89134 2
      vertex 2.12915 0.129181 2
    endloop
  endfacet
  facet normal -0 0 -1
    outer loop
      vertex 2.54079 1.89134 2
      vertex 1.85194 0.228363 2
      vertex 2.43433 1.9417 2
    endloop
  endfacet
  facet normal 0 0 -1
    outer loop
      vertex 1.58582 0.354233 2
      vertex 2.43433 1.9417 2
      vertex 1.85194 0.228363 2
    endloop
  endfacet
  facet normal -0 0 -1
    outer loop
      vertex 2.43433 1.9417 2
      vertex 1.58582 0.354233 2
      vertex 2.33331 2.00224 2
    endloop
  endfacet
  facet normal 0 0 -1
    outer loop
      vertex 1.33328 0.505585 2
      vertex 2.33331 2.00224 2
      vertex 1.58582 0.354233 2
    endloop
  endfacet
  facet normal -0 0 -1
    outer loop
      vertex 2.33331 2.00224 2
      vertex 1.33328 0.505585 2
      vertex 2.23872 2.07239 2
    endloop
  endfacet
  facet normal 0 0 -1
    outer loop
      vertex 1.09682 0.680969 2
      vertex 2.23872 2.07239 2
      vertex 1.33328 0.505585 2
    endloop
  endfacet
  facet normal -0 0 -1
    outer loop
      vertex 2.23872 2.07239 2
      vertex 1.09682 0.680969 2
      vertex 2.15147 2.15147 2
    endloop
  endfacet
  facet normal 0 0 -1
    outer loop
      vertex 0.878677 0.878677 2
      vertex 2.15147 2.15147 2
      vertex 1.09682 0.680969 2
    endloop
  endfacet
  facet normal -0 0 -1
    outer loop
      vertex 2.15147 2.15147 2
      vertex 0.878677 0.878677 2
      vertex 2.07239 2.23872 2
    endloop
  endfacet
  facet normal 0 0 -1
    outer loop
      vertex 0.680969 1.09682 2
      vertex 2.07239 2.23872 2
      vertex 0.878677 0.878677 2
    endloop
  endfacet
  facet normal -0 0 -1
    outer loop
      vertex 2.07239 2.23872 2
      vertex 0.680969 1.09682 2
      vertex 2.00224 2.33331 2
    endloop
  endfacet
  facet normal 0 0 -1
    outer loop
      vertex 0.505585 1.33328 2
      vertex 2.00224 2.33331 2
      vertex 0.680969 1.09682 2
    endloop
  endfacet
  facet normal 0 0 -1
    outer loop
      vertex 0.354233 1.58582 2
      vertex 1.9417 2.43433 2
      vertex 0.505585 1.33328 2
    endloop
  endfacet
  facet normal -0 0 -1
    outer loop
      vertex 2.00224 2.33331 2
      vertex 0.505585 1.33328 2
      vertex 1.9417 2.43433 2
    endloop
  endfacet
  facet normal -0 0 -1
    outer loop
      vertex 40.3458 129.614 2
      vertex 38.7583 128.766 2
      vertex 40.1944 129.867 2
    endloop
  endfacet
  facet normal 0 0 -1
    outer loop
      vertex 38.6978 128.867 2
      vertex 40.1944 129.867 2
      vertex 38.7583 128.766 2
    endloop
  endfacet
  facet normal -0 0 -1
    outer loop
      vertex 40.1944 129.867 2
      vertex 38.6978 128.867 2
      vertex 40.019 130.103 2
    endloop
  endfacet
  facet normal 0 0 -1
    outer loop
      vertex 38.6276 128.961 2
      vertex 40.019 130.103 2
      vertex 38.6978 128.867 2
    endloop
  endfacet
  facet normal -0 0 -1
    outer loop
      vertex 40.019 130.103 2
      vertex 38.6276 128.961 2
      vertex 39.8213 130.321 2
    endloop
  endfacet
  facet normal 0 0 -1
    outer loop
      vertex 38.5485 129.049 2
      vertex 39.8213 130.321 2
      vertex 38.6276 128.961 2
    endloop
  endfacet
  facet normal -0 0 -1
    outer loop
      vertex 39.8213 130.321 2
      vertex 38.5485 129.049 2
      vertex 39.6032 130.519 2
    endloop
  endfacet
  facet normal 0 0 -1
    outer loop
      vertex 38.4613 129.128 2
      vertex 39.6032 130.519 2
      vertex 38.5485 129.049 2
    endloop
  endfacet
  facet normal -0 0 -1
    outer loop
      vertex 39.6032 130.519 2
      vertex 38.4613 129.128 2
      vertex 39.3667 130.694 2
    endloop
  endfacet
  facet normal 0 0 -1
    outer loop
      vertex 38.3667 129.198 2
      vertex 39.3667 130.694 2
      vertex 38.4613 129.128 2
    endloop
  endfacet
  facet normal -0 0 -1
    outer loop
      vertex 39.3667 130.694 2
      vertex 38.3667 129.198 2
      vertex 39.1142 130.846 2
    endloop
  endfacet
  facet normal 0 0 -1
    outer loop
      vertex 38.2657 129.258 2
      vertex 39.1142 130.846 2
      vertex 38.3667 129.198 2
    endloop
  endfacet
  facet normal -0 0 -1
    outer loop
      vertex 39.1142 130.846 2
      vertex 38.2657 129.258 2
      vertex 38.8481 130.972 2
    endloop
  endfacet
  facet normal 0 0 -1
    outer loop
      vertex 38.1592 129.309 2
      vertex 38.8481 130.972 2
      vertex 38.2657 129.258 2
    endloop
  endfacet
  facet normal -0 0 -1
    outer loop
      vertex 38.8481 130.972 2
      vertex 38.1592 129.309 2
      vertex 38.5708 131.071 2
    endloop
  endfacet
  facet normal 0 0 -1
    outer loop
      vertex 38.0483 129.348 2
      vertex 38.5708 131.071 2
      vertex 38.1592 129.309 2
    endloop
  endfacet
  facet normal -0 0 -1
    outer loop
      vertex 38.5708 131.071 2
      vertex 38.0483 129.348 2
      vertex 38.2853 131.142 2
    endloop
  endfacet
  facet normal 0 0 -1
    outer loop
      vertex 37.9341 129.377 2
      vertex 38.2853 131.142 2
      vertex 38.0483 129.348 2
    endloop
  endfacet
  facet normal -0 0 -1
    outer loop
      vertex 38.2853 131.142 2
      vertex 37.9341 129.377 2
      vertex 37.994 131.186 2
    endloop
  endfacet
  facet normal 0 0 -1
    outer loop
      vertex 37.8176 129.394 2
      vertex 37.994 131.186 2
      vertex 37.9341 129.377 2
    endloop
  endfacet
  facet normal 0 0 -1
    outer loop
      vertex 37.7 129.4 2
      vertex 37.994 131.186 2
      vertex 37.8176 129.394 2
    endloop
  endfacet
  facet normal 0 0 -1
    outer loop
      vertex 37.7 129.4 2
      vertex 37.7 131.2 2
      vertex 37.994 131.186 2
    endloop
  endfacet
  facet normal 0 0 -1
    outer loop
      vertex 3 129.4 2
      vertex 37.7 131.2 2
      vertex 37.7 129.4 2
    endloop
  endfacet
  facet normal 0 0 -1
    outer loop
      vertex 3 129.4 2
      vertex 3 131.2 2
      vertex 37.7 131.2 2
    endloop
  endfacet
  facet normal 0 0 -1
    outer loop
      vertex 2.88239 129.394 2
      vertex 3 131.2 2
      vertex 3 129.4 2
    endloop
  endfacet
  facet normal 0 0 -1
    outer loop
      vertex 2.70595 131.186 2
      vertex 2.88239 129.394 2
      vertex 2.76588 129.377 2
    endloop
  endfacet
  facet normal 0 0 -1
    outer loop
      vertex 2.88239 129.394 2
      vertex 2.70595 131.186 2
      vertex 3 131.2 2
    endloop
  endfacet
  facet normal 0 0 -1
    outer loop
      vertex 2.41473 131.142 2
      vertex 2.76588 129.377 2
      vertex 2.65166 129.348 2
    endloop
  endfacet
  facet normal 0 0 -1
    outer loop
      vertex 2.12915 131.071 2
      vertex 2.65166 129.348 2
      vertex 2.54079 129.309 2
    endloop
  endfacet
  facet normal 0 0 -1
    outer loop
      vertex 1.85194 130.972 2
      vertex 2.54079 129.309 2
      vertex 2.43433 129.258 2
    endloop
  endfacet
  facet normal 0 0 -1
    outer loop
      vertex 2.76588 129.377 2
      vertex 2.41473 131.142 2
      vertex 2.70595 131.186 2
    endloop
  endfacet
  facet normal 0 0 -1
    outer loop
      vertex 1.58582 130.846 2
      vertex 2.43433 129.258 2
      vertex 2.33331 129.198 2
    endloop
  endfacet
  facet normal 0 0 -1
    outer loop
      vertex 1.33328 130.694 2
      vertex 2.33331 129.198 2
      vertex 2.23872 129.128 2
    endloop
  endfacet
  facet normal 0 0 -1
    outer loop
      vertex 1.09682 130.519 2
      vertex 2.23872 129.128 2
      vertex 2.15147 129.049 2
    endloop
  endfacet
  facet normal 0 0 -1
    outer loop
      vertex 2.65166 129.348 2
      vertex 2.12915 131.071 2
      vertex 2.41473 131.142 2
    endloop
  endfacet
  facet normal 0 0 -1
    outer loop
      vertex 0.878677 130.321 2
      vertex 2.15147 129.049 2
      vertex 2.07239 128.961 2
    endloop
  endfacet
  facet normal 0 0 -1
    outer loop
      vertex 0.680969 130.103 2
      vertex 2.07239 128.961 2
      vertex 2.00224 128.867 2
    endloop
  endfacet
  facet normal 0 0 -1
    outer loop
      vertex 0.505585 129.867 2
      vertex 2.00224 128.867 2
      vertex 1.9417 128.766 2
    endloop
  endfacet
  facet normal 0 0 -1
    outer loop
      vertex 0.354233 129.614 2
      vertex 1.9417 128.766 2
      vertex 1.89134 128.659 2
    endloop
  endfacet
  facet normal 0 0 -1
    outer loop
      vertex 2.54079 129.309 2
      vertex 1.85194 130.972 2
      vertex 2.12915 131.071 2
    endloop
  endfacet
  facet normal 0 0 -1
    outer loop
      vertex 0.228363 129.348 2
      vertex 1.89134 128.659 2
      vertex 1.85167 128.548 2
    endloop
  endfacet
  facet normal 0 0 -1
    outer loop
      vertex 0.129181 129.071 2
      vertex 1.85167 128.548 2
      vertex 1.82306 128.434 2
    endloop
  endfacet
  facet normal 0 0 -1
    outer loop
      vertex 0.0576477 128.785 2
      vertex 1.82306 128.434 2
      vertex 1.80577 128.318 2
    endloop
  endfacet
  facet normal 0 0 -1
    outer loop
      vertex 0.0144501 128.494 2
      vertex 1.80577 128.318 2
      vertex 1.8 128.2 2
    endloop
  endfacet
  facet normal 0 0 -1
    outer loop
      vertex 2.43433 129.258 2
      vertex 1.58582 130.846 2
      vertex 1.85194 130.972 2
    endloop
  endfacet
  facet normal 0 0 -1
    outer loop
      vertex 1.8 3 2
      vertex 0 3 2
      vertex 1.8 128.2 2
    endloop
  endfacet
  facet normal -0 0 -1
    outer loop
      vertex 1.9417 2.43433 2
      vertex 0.354233 1.58582 2
      vertex 1.89134 2.54079 2
    endloop
  endfacet
  facet normal 0 0 -1
    outer loop
      vertex 0 128.2 2
      vertex 1.8 128.2 2
      vertex 0 3 2
    endloop
  endfacet
  facet normal 0 0 -1
    outer loop
      vertex 0.228363 1.85194 2
      vertex 1.89134 2.54079 2
      vertex 0.354233 1.58582 2
    endloop
  endfacet
  facet normal 0 -0 -1
    outer loop
      vertex 0.0144501 128.494 2
      vertex 1.8 128.2 2
      vertex 0 128.2 2
    endloop
  endfacet
  facet normal -0 0 -1
    outer loop
      vertex 1.89134 2.54079 2
      vertex 0.228363 1.85194 2
      vertex 1.85167 2.65166 2
    endloop
  endfacet
  facet normal 0 0 -1
    outer loop
      vertex 2.33331 129.198 2
      vertex 1.33328 130.694 2
      vertex 1.58582 130.846 2
    endloop
  endfacet
  facet normal 0 0 -1
    outer loop
      vertex 0.129181 2.12915 2
      vertex 1.85167 2.65166 2
      vertex 0.228363 1.85194 2
    endloop
  endfacet
  facet normal 0 0 -1
    outer loop
      vertex 2.23872 129.128 2
      vertex 1.09682 130.519 2
      vertex 1.33328 130.694 2
    endloop
  endfacet
  facet normal -0 0 -1
    outer loop
      vertex 1.85167 2.65166 2
      vertex 0.129181 2.12915 2
      vertex 1.82306 2.76588 2
    endloop
  endfacet
  facet normal 0 0 -1
    outer loop
      vertex 2.15147 129.049 2
      vertex 0.878677 130.321 2
      vertex 1.09682 130.519 2
    endloop
  endfacet
  facet normal 0 0 -1
    outer loop
      vertex 0.0576477 2.41473 2
      vertex 1.82306 2.76588 2
      vertex 0.129181 2.12915 2
    endloop
  endfacet
  facet normal 0 0 -1
    outer loop
      vertex 2.07239 128.961 2
      vertex 0.680969 130.103 2
      vertex 0.878677 130.321 2
    endloop
  endfacet
  facet normal -0 0 -1
    outer loop
      vertex 1.82306 2.76588 2
      vertex 0.0576477 2.41473 2
      vertex 1.80577 2.88239 2
    endloop
  endfacet
  facet normal 0 0 -1
    outer loop
      vertex 2.00224 128.867 2
      vertex 0.505585 129.867 2
      vertex 0.680969 130.103 2
    endloop
  endfacet
  facet normal 0 0 -1
    outer loop
      vertex 0.0144501 2.70595 2
      vertex 1.80577 2.88239 2
      vertex 0.0576477 2.41473 2
    endloop
  endfacet
  facet normal 0 0 -1
    outer loop
      vertex 1.9417 128.766 2
      vertex 0.354233 129.614 2
      vertex 0.505585 129.867 2
    endloop
  endfacet
  facet normal -0 0 -1
    outer loop
      vertex 1.80577 2.88239 2
      vertex 0.0144501 2.70595 2
      vertex 1.8 3 2
    endloop
  endfacet
  facet normal 0 0 -1
    outer loop
      vertex 1.89134 128.659 2
      vertex 0.228363 129.348 2
      vertex 0.354233 129.614 2
    endloop
  endfacet
  facet normal -0 0 -1
    outer loop
      vertex 1.8 3 2
      vertex 0.0144501 2.70595 2
      vertex 0 3 2
    endloop
  endfacet
  facet normal 0 0 -1
    outer loop
      vertex 1.85167 128.548 2
      vertex 0.129181 129.071 2
      vertex 0.228363 129.348 2
    endloop
  endfacet
  facet normal 0 0 -1
    outer loop
      vertex 1.82306 128.434 2
      vertex 0.0576477 128.785 2
      vertex 0.129181 129.071 2
    endloop
  endfacet
  facet normal 0 0 -1
    outer loop
      vertex 1.80577 128.318 2
      vertex 0.0144501 128.494 2
      vertex 0.0576477 128.785 2
    endloop
  endfacet
  facet normal -0.989177 -0.146728 0
    outer loop
      vertex 0.0576477 2.41473 2
      vertex 0.0144501 2.70595 17.6
      vertex 0.0144501 2.70595 2
    endloop
  endfacet
  facet normal -0.989177 -0.146728 0
    outer loop
      vertex 0.0144501 2.70595 17.6
      vertex 0.0576477 2.41473 2
      vertex 0.0576477 2.41473 17.6
    endloop
  endfacet
  facet normal -0.149393 0.988778 0
    outer loop
      vertex 2.70595 131.186 2
      vertex 2.41473 131.142 17.6
      vertex 2.70595 131.186 17.6
    endloop
  endfacet
  facet normal -0.149393 0.988778 0
    outer loop
      vertex 2.41473 131.142 17.6
      vertex 2.70595 131.186 2
      vertex 2.41473 131.142 2
    endloop
  endfacet
  facet normal 0.98916 0.146844 0
    outer loop
      vertex 40.6855 128.494 17.6
      vertex 40.6423 128.785 2
      vertex 40.6423 128.785 17.6
    endloop
  endfacet
  facet normal 0.98916 0.146844 0
    outer loop
      vertex 40.6423 128.785 2
      vertex 40.6855 128.494 17.6
      vertex 40.6855 128.494 2
    endloop
  endfacet
  facet normal 0.998786 0.0492599 0
    outer loop
      vertex 40.7 128.2 17.6
      vertex 40.6855 128.494 2
      vertex 40.6855 128.494 17.6
    endloop
  endfacet
  facet normal 0.998786 0.0492599 0
    outer loop
      vertex 40.6855 128.494 2
      vertex 40.7 128.2 17.6
      vertex 40.7 128.2 2
    endloop
  endfacet
  facet normal 0.998786 -0.0492515 0
    outer loop
      vertex 40.6855 2.70595 17.6
      vertex 40.7 3 2
      vertex 40.7 3 17.6
    endloop
  endfacet
  facet normal 0.998786 -0.0492515 0
    outer loop
      vertex 40.7 3 2
      vertex 40.6855 2.70595 17.6
      vertex 40.6855 2.70595 2
    endloop
  endfacet
  facet normal 0.857679 -0.514186 0
    outer loop
      vertex 40.1944 1.33328 17.6
      vertex 40.3458 1.58582 2
      vertex 40.3458 1.58582 17.6
    endloop
  endfacet
  facet normal 0.857679 -0.514186 0
    outer loop
      vertex 40.3458 1.58582 2
      vertex 40.1944 1.33328 17.6
      vertex 40.1944 1.33328 2
    endloop
  endfacet
  facet normal 0.515743 0.856744 -0
    outer loop
      vertex 39.3667 130.694 2
      vertex 39.1142 130.846 17.6
      vertex 39.3667 130.694 17.6
    endloop
  endfacet
  facet normal 0.515743 0.856744 0
    outer loop
      vertex 39.1142 130.846 17.6
      vertex 39.3667 130.694 2
      vertex 39.1142 130.846 2
    endloop
  endfacet
  facet normal 0.0475651 0.998868 -0
    outer loop
      vertex 37.994 131.186 2
      vertex 37.7 131.2 17.6
      vertex 37.994 131.186 17.6
    endloop
  endfacet
  facet normal 0.0475651 0.998868 0
    outer loop
      vertex 37.7 131.2 17.6
      vertex 37.994 131.186 2
      vertex 37.7 131.2 2
    endloop
  endfacet
  facet normal 0.802604 0.596512 0
    outer loop
      vertex 40.1944 129.867 17.6
      vertex 40.019 130.103 2
      vertex 40.019 130.103 17.6
    endloop
  endfacet
  facet normal 0.802604 0.596512 0
    outer loop
      vertex 40.019 130.103 2
      vertex 40.1944 129.867 17.6
      vertex 40.1944 129.867 2
    endloop
  endfacet
  facet normal 0.904001 0.427531 0
    outer loop
      vertex 40.4716 129.348 17.6
      vertex 40.3458 129.614 2
      vertex 40.3458 129.614 17.6
    endloop
  endfacet
  facet normal 0.904001 0.427531 0
    outer loop
      vertex 40.3458 129.614 2
      vertex 40.4716 129.348 17.6
      vertex 40.4716 129.348 2
    endloop
  endfacet
  facet normal 0.941449 0.337154 0
    outer loop
      vertex 40.5708 129.071 17.6
      vertex 40.4716 129.348 2
      vertex 40.4716 129.348 17.6
    endloop
  endfacet
  facet normal 0.941449 0.337154 0
    outer loop
      vertex 40.4716 129.348 2
      vertex 40.5708 129.071 17.6
      vertex 40.5708 129.071 2
    endloop
  endfacet
  facet normal -0.74096 -0.671549 0
    outer loop
      vertex 0.878677 0.878677 2
      vertex 0.680969 1.09682 17.6
      vertex 0.680969 1.09682 2
    endloop
  endfacet
  facet normal -0.74096 -0.671549 0
    outer loop
      vertex 0.680969 1.09682 17.6
      vertex 0.878677 0.878677 2
      vertex 0.878677 0.878677 17.6
    endloop
  endfacet
  facet normal -0.671549 -0.74096 0
    outer loop
      vertex 0.878677 0.878677 2
      vertex 1.09682 0.680969 17.6
      vertex 0.878677 0.878677 17.6
    endloop
  endfacet
  facet normal -0.671549 -0.74096 -0
    outer loop
      vertex 1.09682 0.680969 17.6
      vertex 0.878677 0.878677 2
      vertex 1.09682 0.680969 2
    endloop
  endfacet
  facet normal -0.857751 -0.514066 0
    outer loop
      vertex 0.505585 1.33328 2
      vertex 0.354233 1.58582 17.6
      vertex 0.354233 1.58582 2
    endloop
  endfacet
  facet normal -0.857751 -0.514066 0
    outer loop
      vertex 0.354233 1.58582 17.6
      vertex 0.505585 1.33328 2
      vertex 0.505585 1.33328 17.6
    endloop
  endfacet
  facet normal 0.970059 -0.242871 0
    outer loop
      vertex 40.5708 2.12915 17.6
      vertex 40.6423 2.41473 2
      vertex 40.6423 2.41473 17.6
    endloop
  endfacet
  facet normal 0.970059 -0.242871 0
    outer loop
      vertex 40.6423 2.41473 2
      vertex 40.5708 2.12915 17.6
      vertex 40.5708 2.12915 2
    endloop
  endfacet
  facet normal 0.94153 -0.336928 0
    outer loop
      vertex 40.4716 1.85194 17.6
      vertex 40.5708 2.12915 2
      vertex 40.5708 2.12915 17.6
    endloop
  endfacet
  facet normal 0.94153 -0.336928 0
    outer loop
      vertex 40.5708 2.12915 2
      vertex 40.4716 1.85194 17.6
      vertex 40.4716 1.85194 2
    endloop
  endfacet
  facet normal 0.80316 -0.595764 0
    outer loop
      vertex 40.019 1.09682 17.6
      vertex 40.1944 1.33328 2
      vertex 40.1944 1.33328 17.6
    endloop
  endfacet
  facet normal 0.80316 -0.595764 0
    outer loop
      vertex 40.1944 1.33328 2
      vertex 40.019 1.09682 17.6
      vertex 40.019 1.09682 2
    endloop
  endfacet
  facet normal 0.740974 -0.671534 0
    outer loop
      vertex 39.8213 0.878677 17.6
      vertex 40.019 1.09682 2
      vertex 40.019 1.09682 17.6
    endloop
  endfacet
  facet normal 0.740974 -0.671534 0
    outer loop
      vertex 40.019 1.09682 2
      vertex 39.8213 0.878677 17.6
      vertex 39.8213 0.878677 2
    endloop
  endfacet
  facet normal 0.149353 0.988784 -0
    outer loop
      vertex 38.2853 131.142 2
      vertex 37.994 131.186 17.6
      vertex 38.2853 131.142 17.6
    endloop
  endfacet
  facet normal 0.149353 0.988784 0
    outer loop
      vertex 37.994 131.186 17.6
      vertex 38.2853 131.142 2
      vertex 37.994 131.186 2
    endloop
  endfacet
  facet normal 0.989176 -0.146736 0
    outer loop
      vertex 40.6423 2.41473 17.6
      vertex 40.6855 2.70595 2
      vertex 40.6855 2.70595 17.6
    endloop
  endfacet
  facet normal 0.989176 -0.146736 0
    outer loop
      vertex 40.6855 2.70595 2
      vertex 40.6423 2.41473 17.6
      vertex 40.6423 2.41473 2
    endloop
  endfacet
  facet normal 0 1 -0
    outer loop
      vertex 37.7 1.8 2
      vertex 3 1.8 16.2
      vertex 37.7 1.8 16.2
    endloop
  endfacet
  facet normal 0 1 0
    outer loop
      vertex 3 1.8 16.2
      vertex 37.7 1.8 2
      vertex 3 1.8 2
    endloop
  endfacet
  facet normal -0.0490057 0.998799 0
    outer loop
      vertex 37.8176 1.80577 2
      vertex 37.7 1.8 16.2
      vertex 37.8176 1.80577 16.2
    endloop
  endfacet
  facet normal -0.0490057 0.998799 0
    outer loop
      vertex 37.7 1.8 16.2
      vertex 37.8176 1.80577 2
      vertex 37.7 1.8 2
    endloop
  endfacet
  facet normal -0.146804 0.989166 0
    outer loop
      vertex 37.9341 1.82306 2
      vertex 37.8176 1.80577 16.2
      vertex 37.9341 1.82306 16.2
    endloop
  endfacet
  facet normal -0.146804 0.989166 0
    outer loop
      vertex 37.8176 1.80577 16.2
      vertex 37.9341 1.82306 2
      vertex 37.8176 1.80577 2
    endloop
  endfacet
  facet normal 0 0 -1
    outer loop
      vertex 18 112.35 16.2
      vertex 8.037 122.335 16.2
      vertex 8.05 122.6 16.2
    endloop
  endfacet
  facet normal 0 0 -1
    outer loop
      vertex 18 112.35 16.2
      vertex 7.99812 122.073 16.2
      vertex 8.037 122.335 16.2
    endloop
  endfacet
  facet normal 0 0 -1
    outer loop
      vertex 18 112.35 16.2
      vertex 7.93374 121.816 16.2
      vertex 7.99812 122.073 16.2
    endloop
  endfacet
  facet normal 0 0 -1
    outer loop
      vertex 18 112.35 16.2
      vertex 7.84447 121.567 16.2
      vertex 7.93374 121.816 16.2
    endloop
  endfacet
  facet normal 0 0 -1
    outer loop
      vertex 18 112.35 16.2
      vertex 7.73119 121.327 16.2
      vertex 7.84447 121.567 16.2
    endloop
  endfacet
  facet normal 0 0 -1
    outer loop
      vertex 18 112.35 16.2
      vertex 7.59497 121.1 16.2
      vertex 7.73119 121.327 16.2
    endloop
  endfacet
  facet normal 0 0 -1
    outer loop
      vertex 18 112.35 16.2
      vertex 7.43713 120.887 16.2
      vertex 7.59497 121.1 16.2
    endloop
  endfacet
  facet normal 0 0 -1
    outer loop
      vertex 18 112.35 16.2
      vertex 7.25919 120.691 16.2
      vertex 7.43713 120.887 16.2
    endloop
  endfacet
  facet normal 0 0 -1
    outer loop
      vertex 18 112.35 16.2
      vertex 7.06286 120.513 16.2
      vertex 7.25919 120.691 16.2
    endloop
  endfacet
  facet normal 0 0 -1
    outer loop
      vertex 18 112.35 16.2
      vertex 6.85004 120.355 16.2
      vertex 7.06286 120.513 16.2
    endloop
  endfacet
  facet normal 0 0 -1
    outer loop
      vertex 3.8 112.35 16.2
      vertex 6.85004 120.355 16.2
      vertex 18 112.35 16.2
    endloop
  endfacet
  facet normal 0 0 -1
    outer loop
      vertex 6.85004 120.355 16.2
      vertex 3.8 112.35 16.2
      vertex 6.62277 120.219 16.2
    endloop
  endfacet
  facet normal 0 0 -1
    outer loop
      vertex 6.62277 120.219 16.2
      vertex 3.8 112.35 16.2
      vertex 6.38324 120.106 16.2
    endloop
  endfacet
  facet normal 0 0 -1
    outer loop
      vertex 6.38324 120.106 16.2
      vertex 3.8 112.35 16.2
      vertex 6.13377 120.016 16.2
    endloop
  endfacet
  facet normal 0 0 -1
    outer loop
      vertex 6.13377 120.016 16.2
      vertex 3.8 112.35 16.2
      vertex 5.87674 119.952 16.2
    endloop
  endfacet
  facet normal 0 0 -1
    outer loop
      vertex 5.87674 119.952 16.2
      vertex 3.8 112.35 16.2
      vertex 5.61465 119.913 16.2
    endloop
  endfacet
  facet normal 0 0 -1
    outer loop
      vertex 5.61465 119.913 16.2
      vertex 3.8 112.35 16.2
      vertex 5.35 119.9 16.2
    endloop
  endfacet
  facet normal -0 0 -1
    outer loop
      vertex 5.35 119.9 16.2
      vertex 3.8 112.35 16.2
      vertex 5.08535 119.913 16.2
    endloop
  endfacet
  facet normal -0 0 -1
    outer loop
      vertex 5.08535 119.913 16.2
      vertex 3.8 112.35 16.2
      vertex 4.82326 119.952 16.2
    endloop
  endfacet
  facet normal -0 0 -1
    outer loop
      vertex 4.82326 119.952 16.2
      vertex 3.8 112.35 16.2
      vertex 4.56623 120.016 16.2
    endloop
  endfacet
  facet normal -0 0 -1
    outer loop
      vertex 4.56623 120.016 16.2
      vertex 3.8 112.35 16.2
      vertex 4.31675 120.106 16.2
    endloop
  endfacet
  facet normal -0 0 -1
    outer loop
      vertex 4.31675 120.106 16.2
      vertex 3.8 112.35 16.2
      vertex 4.07723 120.219 16.2
    endloop
  endfacet
  facet normal 0 0 -1
    outer loop
      vertex 3.8 112.35 16.2
      vertex 3.84996 120.355 16.2
      vertex 4.07723 120.219 16.2
    endloop
  endfacet
  facet normal 0 0 -1
    outer loop
      vertex 3.8 112.35 16.2
      vertex 3.63714 120.513 16.2
      vertex 3.84996 120.355 16.2
    endloop
  endfacet
  facet normal 0 0 -1
    outer loop
      vertex 3.8 102.25 16.2
      vertex 3.63714 120.513 16.2
      vertex 3.8 112.35 16.2
    endloop
  endfacet
  facet normal 0 0 -1
    outer loop
      vertex 3.26287 54.3129 16.2
      vertex 3.8 102.25 16.2
      vertex 3.44081 54.5092 16.2
    endloop
  endfacet
  facet normal 0 0 -1
    outer loop
      vertex 3.8 102.25 16.2
      vertex 3.44081 120.691 16.2
      vertex 3.63714 120.513 16.2
    endloop
  endfacet
  facet normal 0 0 -1
    outer loop
      vertex 3.10503 54.1 16.2
      vertex 3.8 102.25 16.2
      vertex 3.26287 54.3129 16.2
    endloop
  endfacet
  facet normal 0 0 -1
    outer loop
      vertex 3.8 102.25 16.2
      vertex 3.26287 120.887 16.2
      vertex 3.44081 120.691 16.2
    endloop
  endfacet
  facet normal 0 0 -1
    outer loop
      vertex 2.96881 53.8728 16.2
      vertex 3.8 102.25 16.2
      vertex 3.10503 54.1 16.2
    endloop
  endfacet
  facet normal 0 0 -1
    outer loop
      vertex 3.8 102.25 16.2
      vertex 3.10503 121.1 16.2
      vertex 3.26287 120.887 16.2
    endloop
  endfacet
  facet normal 0 0 -1
    outer loop
      vertex 2.85553 53.6332 16.2
      vertex 3.8 102.25 16.2
      vertex 2.96881 53.8728 16.2
    endloop
  endfacet
  facet normal 0 0 -1
    outer loop
      vertex 3.8 102.25 16.2
      vertex 2.96881 121.327 16.2
      vertex 3.10503 121.1 16.2
    endloop
  endfacet
  facet normal 0 0 -1
    outer loop
      vertex 2.76626 53.3838 16.2
      vertex 3.8 102.25 16.2
      vertex 2.85553 53.6332 16.2
    endloop
  endfacet
  facet normal 0 0 -1
    outer loop
      vertex 3.8 102.25 16.2
      vertex 2.85553 121.567 16.2
      vertex 2.96881 121.327 16.2
    endloop
  endfacet
  facet normal 0 0 -1
    outer loop
      vertex 2.70188 53.1267 16.2
      vertex 3.8 102.25 16.2
      vertex 2.76626 53.3838 16.2
    endloop
  endfacet
  facet normal 0 0 -1
    outer loop
      vertex 3.8 102.25 16.2
      vertex 2.76626 121.816 16.2
      vertex 2.85553 121.567 16.2
    endloop
  endfacet
  facet normal 0 0 -1
    outer loop
      vertex 2.663 52.8646 16.2
      vertex 3.8 102.25 16.2
      vertex 2.70188 53.1267 16.2
    endloop
  endfacet
  facet normal 0 0 -1
    outer loop
      vertex 3.8 102.25 16.2
      vertex 2.70188 122.073 16.2
      vertex 2.76626 121.816 16.2
    endloop
  endfacet
  facet normal 0 0 -1
    outer loop
      vertex 1.8 128.2 16.2
      vertex 3.8 102.25 16.2
      vertex 2.663 52.8646 16.2
    endloop
  endfacet
  facet normal 0 0 -1
    outer loop
      vertex 3.8 102.25 16.2
      vertex 2.663 122.335 16.2
      vertex 2.70188 122.073 16.2
    endloop
  endfacet
  facet normal 0 0 -1
    outer loop
      vertex 1.8 128.2 16.2
      vertex 2.663 52.8646 16.2
      vertex 2.65 52.6 16.2
    endloop
  endfacet
  facet normal 0 0 -1
    outer loop
      vertex 3.8 102.25 16.2
      vertex 1.8 128.2 16.2
      vertex 2.663 122.335 16.2
    endloop
  endfacet
  facet normal 0 0 -1
    outer loop
      vertex 7.59497 54.1 16.2
      vertex 33.105 54.1 16.2
      vertex 7.73119 53.8728 16.2
    endloop
  endfacet
  facet normal 0 0 -1
    outer loop
      vertex 33.105 54.1 16.2
      vertex 7.59497 54.1 16.2
      vertex 33.2629 54.3129 16.2
    endloop
  endfacet
  facet normal 0 0 -1
    outer loop
      vertex 7.43713 54.3129 16.2
      vertex 33.2629 54.3129 16.2
      vertex 7.59497 54.1 16.2
    endloop
  endfacet
  facet normal 0 0 -1
    outer loop
      vertex 33.2629 54.3129 16.2
      vertex 7.43713 54.3129 16.2
      vertex 33.4408 54.5092 16.2
    endloop
  endfacet
  facet normal 0 0 -1
    outer loop
      vertex 7.25919 54.5092 16.2
      vertex 33.4408 54.5092 16.2
      vertex 7.43713 54.3129 16.2
    endloop
  endfacet
  facet normal 0 0 -1
    outer loop
      vertex 33.4408 54.5092 16.2
      vertex 7.25919 54.5092 16.2
      vertex 33.6371 54.6871 16.2
    endloop
  endfacet
  facet normal 0 0 -1
    outer loop
      vertex 7.06286 54.6871 16.2
      vertex 33.6371 54.6871 16.2
      vertex 7.25919 54.5092 16.2
    endloop
  endfacet
  facet normal 0 0 -1
    outer loop
      vertex 33.6371 54.6871 16.2
      vertex 7.06286 54.6871 16.2
      vertex 33.85 54.845 16.2
    endloop
  endfacet
  facet normal 0 0 -1
    outer loop
      vertex 6.85004 54.845 16.2
      vertex 33.85 54.845 16.2
      vertex 7.06286 54.6871 16.2
    endloop
  endfacet
  facet normal 0 0 -1
    outer loop
      vertex 33.85 54.845 16.2
      vertex 6.85004 54.845 16.2
      vertex 18 102.25 16.2
    endloop
  endfacet
  facet normal 0 0 -1
    outer loop
      vertex 6.62277 54.9812 16.2
      vertex 18 102.25 16.2
      vertex 6.85004 54.845 16.2
    endloop
  endfacet
  facet normal 0 0 -1
    outer loop
      vertex 6.38324 55.0945 16.2
      vertex 18 102.25 16.2
      vertex 6.62277 54.9812 16.2
    endloop
  endfacet
  facet normal 0 0 -1
    outer loop
      vertex 6.13377 55.1837 16.2
      vertex 18 102.25 16.2
      vertex 6.38324 55.0945 16.2
    endloop
  endfacet
  facet normal 0 0 -1
    outer loop
      vertex 5.87674 55.2481 16.2
      vertex 18 102.25 16.2
      vertex 6.13377 55.1837 16.2
    endloop
  endfacet
  facet normal 0 0 -1
    outer loop
      vertex 3.8 102.25 16.2
      vertex 5.87674 55.2481 16.2
      vertex 5.61465 55.287 16.2
    endloop
  endfacet
  facet normal 0 0 -1
    outer loop
      vertex 3.8 102.25 16.2
      vertex 5.61465 55.287 16.2
      vertex 5.35 55.3 16.2
    endloop
  endfacet
  facet normal 0 0 -1
    outer loop
      vertex 3.8 102.25 16.2
      vertex 5.35 55.3 16.2
      vertex 5.08535 55.287 16.2
    endloop
  endfacet
  facet normal 0 0 -1
    outer loop
      vertex 3.8 102.25 16.2
      vertex 5.08535 55.287 16.2
      vertex 4.82326 55.2481 16.2
    endloop
  endfacet
  facet normal 0 0 -1
    outer loop
      vertex 3.8 102.25 16.2
      vertex 4.82326 55.2481 16.2
      vertex 4.56623 55.1837 16.2
    endloop
  endfacet
  facet normal 0 0 -1
    outer loop
      vertex 3.8 102.25 16.2
      vertex 4.56623 55.1837 16.2
      vertex 4.31675 55.0945 16.2
    endloop
  endfacet
  facet normal 0 0 -1
    outer loop
      vertex 3.8 102.25 16.2
      vertex 4.31675 55.0945 16.2
      vertex 4.07723 54.9812 16.2
    endloop
  endfacet
  facet normal 0 0 -1
    outer loop
      vertex 3.8 102.25 16.2
      vertex 4.07723 54.9812 16.2
      vertex 3.84996 54.845 16.2
    endloop
  endfacet
  facet normal 0 0 -1
    outer loop
      vertex 5.87674 55.2481 16.2
      vertex 3.8 102.25 16.2
      vertex 18 102.25 16.2
    endloop
  endfacet
  facet normal 0 0 -1
    outer loop
      vertex 3.44081 54.5092 16.2
      vertex 3.8 102.25 16.2
      vertex 3.63714 54.6871 16.2
    endloop
  endfacet
  facet normal 0 0 -1
    outer loop
      vertex 3.63714 54.6871 16.2
      vertex 3.8 102.25 16.2
      vertex 3.84996 54.845 16.2
    endloop
  endfacet
  facet normal 0 0 -1
    outer loop
      vertex 38.037 122.335 16.2
      vertex 38.9 128.2 16.2
      vertex 38.037 52.8646 16.2
    endloop
  endfacet
  facet normal 0 0 -1
    outer loop
      vertex 38.9 128.2 16.2
      vertex 38.037 122.335 16.2
      vertex 38.05 122.6 16.2
    endloop
  endfacet
  facet normal 0 0 -1
    outer loop
      vertex 37.9981 53.1267 16.2
      vertex 38.037 122.335 16.2
      vertex 38.037 52.8646 16.2
    endloop
  endfacet
  facet normal 0 0 -1
    outer loop
      vertex 37.9981 53.1267 16.2
      vertex 37.9981 122.073 16.2
      vertex 38.037 122.335 16.2
    endloop
  endfacet
  facet normal 0 0 -1
    outer loop
      vertex 35 102.25 16.2
      vertex 37.9981 53.1267 16.2
      vertex 37.9337 53.3838 16.2
    endloop
  endfacet
  facet normal 0 0 -1
    outer loop
      vertex 37.9981 53.1267 16.2
      vertex 35 102.25 16.2
      vertex 37.9981 122.073 16.2
    endloop
  endfacet
  facet normal 0 0 -1
    outer loop
      vertex 35 102.25 16.2
      vertex 37.9337 53.3838 16.2
      vertex 37.8445 53.6332 16.2
    endloop
  endfacet
  facet normal 0 0 -1
    outer loop
      vertex 37.9981 122.073 16.2
      vertex 35 102.25 16.2
      vertex 37.9337 121.816 16.2
    endloop
  endfacet
  facet normal 0 0 -1
    outer loop
      vertex 35 102.25 16.2
      vertex 37.8445 53.6332 16.2
      vertex 37.7312 53.8728 16.2
    endloop
  endfacet
  facet normal 0 0 -1
    outer loop
      vertex 37.9337 121.816 16.2
      vertex 35 102.25 16.2
      vertex 37.8445 121.567 16.2
    endloop
  endfacet
  facet normal 0 0 -1
    outer loop
      vertex 35 102.25 16.2
      vertex 37.7312 53.8728 16.2
      vertex 37.595 54.1 16.2
    endloop
  endfacet
  facet normal 0 0 -1
    outer loop
      vertex 37.8445 121.567 16.2
      vertex 35 102.25 16.2
      vertex 37.7312 121.327 16.2
    endloop
  endfacet
  facet normal 0 0 -1
    outer loop
      vertex 35 102.25 16.2
      vertex 37.595 54.1 16.2
      vertex 37.4371 54.3129 16.2
    endloop
  endfacet
  facet normal 0 0 -1
    outer loop
      vertex 35 112.35 16.2
      vertex 37.7312 121.327 16.2
      vertex 35 102.25 16.2
    endloop
  endfacet
  facet normal 0 0 -1
    outer loop
      vertex 35 102.25 16.2
      vertex 37.4371 54.3129 16.2
      vertex 37.2592 54.5092 16.2
    endloop
  endfacet
  facet normal 0 0 -1
    outer loop
      vertex 37.7312 121.327 16.2
      vertex 35 112.35 16.2
      vertex 37.595 121.1 16.2
    endloop
  endfacet
  facet normal 0 0 -1
    outer loop
      vertex 35 102.25 16.2
      vertex 37.2592 54.5092 16.2
      vertex 37.0629 54.6871 16.2
    endloop
  endfacet
  facet normal 0 0 -1
    outer loop
      vertex 37.595 121.1 16.2
      vertex 35 112.35 16.2
      vertex 37.4371 120.887 16.2
    endloop
  endfacet
  facet normal 0 0 -1
    outer loop
      vertex 35 102.25 16.2
      vertex 37.0629 54.6871 16.2
      vertex 36.85 54.845 16.2
    endloop
  endfacet
  facet normal 0 0 -1
    outer loop
      vertex 37.4371 120.887 16.2
      vertex 35 112.35 16.2
      vertex 37.2592 120.691 16.2
    endloop
  endfacet
  facet normal 0 0 -1
    outer loop
      vertex 35 102.25 16.2
      vertex 36.85 54.845 16.2
      vertex 36.6228 54.9812 16.2
    endloop
  endfacet
  facet normal 0 0 -1
    outer loop
      vertex 37.2592 120.691 16.2
      vertex 35 112.35 16.2
      vertex 37.0629 120.513 16.2
    endloop
  endfacet
  facet normal 0 0 -1
    outer loop
      vertex 35 102.25 16.2
      vertex 36.6228 54.9812 16.2
      vertex 36.3832 55.0945 16.2
    endloop
  endfacet
  facet normal 0 0 -1
    outer loop
      vertex 37.0629 120.513 16.2
      vertex 35 112.35 16.2
      vertex 36.85 120.355 16.2
    endloop
  endfacet
  facet normal 0 0 -1
    outer loop
      vertex 35 102.25 16.2
      vertex 36.3832 55.0945 16.2
      vertex 36.1338 55.1837 16.2
    endloop
  endfacet
  facet normal 0 0 -1
    outer loop
      vertex 36.85 120.355 16.2
      vertex 35 112.35 16.2
      vertex 36.6228 120.219 16.2
    endloop
  endfacet
  facet normal 0 0 -1
    outer loop
      vertex 35 102.25 16.2
      vertex 36.1338 55.1837 16.2
      vertex 35.8767 55.2481 16.2
    endloop
  endfacet
  facet normal 0 0 -1
    outer loop
      vertex 36.6228 120.219 16.2
      vertex 35 112.35 16.2
      vertex 36.3832 120.106 16.2
    endloop
  endfacet
  facet normal 0 0 -1
    outer loop
      vertex 35 102.25 16.2
      vertex 35.8767 55.2481 16.2
      vertex 35.6146 55.287 16.2
    endloop
  endfacet
  facet normal 0 0 -1
    outer loop
      vertex 36.3832 120.106 16.2
      vertex 35 112.35 16.2
      vertex 36.1338 120.016 16.2
    endloop
  endfacet
  facet normal 0 0 -1
    outer loop
      vertex 35 102.25 16.2
      vertex 35.6146 55.287 16.2
      vertex 35.35 55.3 16.2
    endloop
  endfacet
  facet normal 0 0 -1
    outer loop
      vertex 36.1338 120.016 16.2
      vertex 35 112.35 16.2
      vertex 35.8767 119.952 16.2
    endloop
  endfacet
  facet normal 0 0 -1
    outer loop
      vertex 35 102.25 16.2
      vertex 35.35 55.3 16.2
      vertex 35.0854 55.287 16.2
    endloop
  endfacet
  facet normal 0 0 -1
    outer loop
      vertex 35.8767 119.952 16.2
      vertex 35 112.35 16.2
      vertex 35.6146 119.913 16.2
    endloop
  endfacet
  facet normal 0 0 -1
    outer loop
      vertex 35.6146 119.913 16.2
      vertex 35 112.35 16.2
      vertex 35.35 119.9 16.2
    endloop
  endfacet
  facet normal 0 0 -1
    outer loop
      vertex 34.8233 55.2481 16.2
      vertex 35 102.25 16.2
      vertex 35.0854 55.287 16.2
    endloop
  endfacet
  facet normal 0 0 -1
    outer loop
      vertex 34.5662 55.1837 16.2
      vertex 35 102.25 16.2
      vertex 34.8233 55.2481 16.2
    endloop
  endfacet
  facet normal 0 0 -1
    outer loop
      vertex 20.8 102.25 16.2
      vertex 34.5662 55.1837 16.2
      vertex 34.3168 55.0945 16.2
    endloop
  endfacet
  facet normal 0 0 -1
    outer loop
      vertex 20.8 102.25 16.2
      vertex 34.3168 55.0945 16.2
      vertex 34.0772 54.9812 16.2
    endloop
  endfacet
  facet normal 0 0 -1
    outer loop
      vertex 20.8 102.25 16.2
      vertex 34.0772 54.9812 16.2
      vertex 33.85 54.845 16.2
    endloop
  endfacet
  facet normal 0 0 -1
    outer loop
      vertex 7.73119 53.8728 16.2
      vertex 32.9688 53.8728 16.2
      vertex 7.84447 53.6332 16.2
    endloop
  endfacet
  facet normal 0 0 -1
    outer loop
      vertex 32.8555 53.6332 16.2
      vertex 7.84447 53.6332 16.2
      vertex 32.9688 53.8728 16.2
    endloop
  endfacet
  facet normal 0 0 -1
    outer loop
      vertex 7.84447 53.6332 16.2
      vertex 32.8555 53.6332 16.2
      vertex 7.93374 53.3838 16.2
    endloop
  endfacet
  facet normal 0 0 -1
    outer loop
      vertex 32.7663 53.3838 16.2
      vertex 7.93374 53.3838 16.2
      vertex 32.8555 53.6332 16.2
    endloop
  endfacet
  facet normal 0 0 -1
    outer loop
      vertex 7.93374 53.3838 16.2
      vertex 32.7663 53.3838 16.2
      vertex 7.99812 53.1267 16.2
    endloop
  endfacet
  facet normal 0 0 -1
    outer loop
      vertex 32.7019 53.1267 16.2
      vertex 7.99812 53.1267 16.2
      vertex 32.7663 53.3838 16.2
    endloop
  endfacet
  facet normal 0 0 -1
    outer loop
      vertex 7.99812 53.1267 16.2
      vertex 32.7019 53.1267 16.2
      vertex 8.037 52.8646 16.2
    endloop
  endfacet
  facet normal 0 0 -1
    outer loop
      vertex 32.663 52.8646 16.2
      vertex 8.037 52.8646 16.2
      vertex 32.7019 53.1267 16.2
    endloop
  endfacet
  facet normal 0 0 -1
    outer loop
      vertex 8.037 52.8646 16.2
      vertex 32.663 52.8646 16.2
      vertex 8.05 52.6 16.2
    endloop
  endfacet
  facet normal 0 0 -1
    outer loop
      vertex 8.05 52.6 16.2
      vertex 32.663 52.8646 16.2
      vertex 32.65 52.6 16.2
    endloop
  endfacet
  facet normal 0 0 -1
    outer loop
      vertex 21.4611 35.2629 16.2
      vertex 33.6371 50.5129 16.2
      vertex 21.6188 35.146 16.2
    endloop
  endfacet
  facet normal -0 0 -1
    outer loop
      vertex 33.6371 50.5129 16.2
      vertex 21.4611 35.2629 16.2
      vertex 33.4408 50.6908 16.2
    endloop
  endfacet
  facet normal 0 0 -1
    outer loop
      vertex 21.2928 35.3638 16.2
      vertex 33.4408 50.6908 16.2
      vertex 21.4611 35.2629 16.2
    endloop
  endfacet
  facet normal -0 0 -1
    outer loop
      vertex 33.4408 50.6908 16.2
      vertex 21.2928 35.3638 16.2
      vertex 33.2629 50.8871 16.2
    endloop
  endfacet
  facet normal 0 0 -1
    outer loop
      vertex 21.1154 35.4478 16.2
      vertex 33.2629 50.8871 16.2
      vertex 21.2928 35.3638 16.2
    endloop
  endfacet
  facet normal -0 0 -1
    outer loop
      vertex 33.2629 50.8871 16.2
      vertex 21.1154 35.4478 16.2
      vertex 33.105 51.1 16.2
    endloop
  endfacet
  facet normal 0 0 -1
    outer loop
      vertex 20.9306 35.5139 16.2
      vertex 33.105 51.1 16.2
      vertex 21.1154 35.4478 16.2
    endloop
  endfacet
  facet normal -0 0 -1
    outer loop
      vertex 33.105 51.1 16.2
      vertex 20.9306 35.5139 16.2
      vertex 32.9688 51.3272 16.2
    endloop
  endfacet
  facet normal 0 0 -1
    outer loop
      vertex 20.7402 35.5616 16.2
      vertex 32.9688 51.3272 16.2
      vertex 20.9306 35.5139 16.2
    endloop
  endfacet
  facet normal -0 0 -1
    outer loop
      vertex 32.9688 51.3272 16.2
      vertex 20.7402 35.5616 16.2
      vertex 32.8555 51.5668 16.2
    endloop
  endfacet
  facet normal 0 0 -1
    outer loop
      vertex 20.546 35.5904 16.2
      vertex 32.8555 51.5668 16.2
      vertex 20.7402 35.5616 16.2
    endloop
  endfacet
  facet normal -0 0 -1
    outer loop
      vertex 32.8555 51.5668 16.2
      vertex 20.546 35.5904 16.2
      vertex 32.7663 51.8162 16.2
    endloop
  endfacet
  facet normal 0 0 -1
    outer loop
      vertex 20.35 35.6 16.2
      vertex 32.7663 51.8162 16.2
      vertex 20.546 35.5904 16.2
    endloop
  endfacet
  facet normal 0 0 -1
    outer loop
      vertex 8.05 52.6 16.2
      vertex 32.7663 51.8162 16.2
      vertex 20.35 35.6 16.2
    endloop
  endfacet
  facet normal 0 0 -1
    outer loop
      vertex 32.9688 53.8728 16.2
      vertex 7.73119 53.8728 16.2
      vertex 33.105 54.1 16.2
    endloop
  endfacet
  facet normal 0 0 -1
    outer loop
      vertex 34.5662 55.1837 16.2
      vertex 20.8 102.25 16.2
      vertex 35 102.25 16.2
    endloop
  endfacet
  facet normal 0 0 -1
    outer loop
      vertex 32.7663 51.8162 16.2
      vertex 8.05 52.6 16.2
      vertex 32.7019 52.0733 16.2
    endloop
  endfacet
  facet normal 0 0 -1
    outer loop
      vertex 37.7 1.8 16.2
      vertex 38.9 3 16.2
      vertex 38.8942 2.88239 16.2
    endloop
  endfacet
  facet normal 0 0 -1
    outer loop
      vertex 38.9 3 16.2
      vertex 38.05 52.6 16.2
      vertex 38.9 128.2 16.2
    endloop
  endfacet
  facet normal 0 0 -1
    outer loop
      vertex 37.7 1.8 16.2
      vertex 38.8942 2.88239 16.2
      vertex 38.8769 2.76588 16.2
    endloop
  endfacet
  facet normal 0 0 -1
    outer loop
      vertex 38.037 52.8646 16.2
      vertex 38.9 128.2 16.2
      vertex 38.05 52.6 16.2
    endloop
  endfacet
  facet normal 0 0 -1
    outer loop
      vertex 37.7 1.8 16.2
      vertex 38.8769 2.76588 16.2
      vertex 38.8483 2.65166 16.2
    endloop
  endfacet
  facet normal 0 0 -1
    outer loop
      vertex 38.037 122.865 16.2
      vertex 38.9 128.2 16.2
      vertex 38.05 122.6 16.2
    endloop
  endfacet
  facet normal 0 0 -1
    outer loop
      vertex 37.7 1.8 16.2
      vertex 38.8483 2.65166 16.2
      vertex 38.8087 2.54079 16.2
    endloop
  endfacet
  facet normal 0 0 -1
    outer loop
      vertex 37.9981 123.127 16.2
      vertex 38.9 128.2 16.2
      vertex 38.037 122.865 16.2
    endloop
  endfacet
  facet normal 0 0 -1
    outer loop
      vertex 37.7 1.8 16.2
      vertex 38.8087 2.54079 16.2
      vertex 38.7583 2.43433 16.2
    endloop
  endfacet
  facet normal 0 0 -1
    outer loop
      vertex 37.9337 123.384 16.2
      vertex 38.9 128.2 16.2
      vertex 37.9981 123.127 16.2
    endloop
  endfacet
  facet normal 0 0 -1
    outer loop
      vertex 37.7 1.8 16.2
      vertex 38.7583 2.43433 16.2
      vertex 38.6978 2.33331 16.2
    endloop
  endfacet
  facet normal 0 0 -1
    outer loop
      vertex 37.8445 123.633 16.2
      vertex 38.9 128.2 16.2
      vertex 37.9337 123.384 16.2
    endloop
  endfacet
  facet normal 0 0 -1
    outer loop
      vertex 37.7 1.8 16.2
      vertex 38.6978 2.33331 16.2
      vertex 38.6276 2.23872 16.2
    endloop
  endfacet
  facet normal 0 0 -1
    outer loop
      vertex 37.7312 123.873 16.2
      vertex 38.9 128.2 16.2
      vertex 37.8445 123.633 16.2
    endloop
  endfacet
  facet normal 0 0 -1
    outer loop
      vertex 37.7 1.8 16.2
      vertex 38.6276 2.23872 16.2
      vertex 38.5485 2.15147 16.2
    endloop
  endfacet
  facet normal 0 0 -1
    outer loop
      vertex 37.595 124.1 16.2
      vertex 38.9 128.2 16.2
      vertex 37.7312 123.873 16.2
    endloop
  endfacet
  facet normal 0 0 -1
    outer loop
      vertex 37.7 1.8 16.2
      vertex 38.5485 2.15147 16.2
      vertex 38.4613 2.07239 16.2
    endloop
  endfacet
  facet normal 0 0 -1
    outer loop
      vertex 37.4371 124.313 16.2
      vertex 38.9 128.2 16.2
      vertex 37.595 124.1 16.2
    endloop
  endfacet
  facet normal 0 0 -1
    outer loop
      vertex 37.7 1.8 16.2
      vertex 38.4613 2.07239 16.2
      vertex 38.3667 2.00224 16.2
    endloop
  endfacet
  facet normal 0 0 -1
    outer loop
      vertex 37.2592 124.509 16.2
      vertex 38.9 128.2 16.2
      vertex 37.4371 124.313 16.2
    endloop
  endfacet
  facet normal 0 0 -1
    outer loop
      vertex 37.7 1.8 16.2
      vertex 38.3667 2.00224 16.2
      vertex 38.2657 1.9417 16.2
    endloop
  endfacet
  facet normal 0 0 -1
    outer loop
      vertex 37.0629 124.687 16.2
      vertex 38.9 128.2 16.2
      vertex 37.2592 124.509 16.2
    endloop
  endfacet
  facet normal 0 0 -1
    outer loop
      vertex 37.7 1.8 16.2
      vertex 38.2657 1.9417 16.2
      vertex 38.1592 1.89134 16.2
    endloop
  endfacet
  facet normal 0 0 -1
    outer loop
      vertex 36.85 124.845 16.2
      vertex 38.9 128.2 16.2
      vertex 37.0629 124.687 16.2
    endloop
  endfacet
  facet normal 0 0 -1
    outer loop
      vertex 36.6228 124.981 16.2
      vertex 38.9 128.2 16.2
      vertex 36.85 124.845 16.2
    endloop
  endfacet
  facet normal 0 0 -1
    outer loop
      vertex 37.7 1.8 16.2
      vertex 38.1592 1.89134 16.2
      vertex 38.0483 1.85167 16.2
    endloop
  endfacet
  facet normal 0 0 -1
    outer loop
      vertex 38.9 3 16.2
      vertex 38.037 52.3354 16.2
      vertex 38.05 52.6 16.2
    endloop
  endfacet
  facet normal 0 0 -1
    outer loop
      vertex 38.9 3 16.2
      vertex 37.9981 52.0733 16.2
      vertex 38.037 52.3354 16.2
    endloop
  endfacet
  facet normal 0 0 -1
    outer loop
      vertex 37.7 1.8 16.2
      vertex 38.0483 1.85167 16.2
      vertex 37.9341 1.82306 16.2
    endloop
  endfacet
  facet normal 0 0 -1
    outer loop
      vertex 38.9 3 16.2
      vertex 37.9337 51.8162 16.2
      vertex 37.9981 52.0733 16.2
    endloop
  endfacet
  facet normal 0 0 -1
    outer loop
      vertex 38.9 3 16.2
      vertex 37.8445 51.5668 16.2
      vertex 37.9337 51.8162 16.2
    endloop
  endfacet
  facet normal 0 0 -1
    outer loop
      vertex 37.7 1.8 16.2
      vertex 37.9341 1.82306 16.2
      vertex 37.8176 1.80577 16.2
    endloop
  endfacet
  facet normal 0 0 -1
    outer loop
      vertex 38.9 3 16.2
      vertex 37.7312 51.3272 16.2
      vertex 37.8445 51.5668 16.2
    endloop
  endfacet
  facet normal -0 0 -1
    outer loop
      vertex 38.9 3 16.2
      vertex 37.7 1.8 16.2
      vertex 20.9306 31.6861 16.2
    endloop
  endfacet
  facet normal 0 0 -1
    outer loop
      vertex 38.9 3 16.2
      vertex 37.595 51.1 16.2
      vertex 37.7312 51.3272 16.2
    endloop
  endfacet
  facet normal 0 0 -1
    outer loop
      vertex 38.9 3 16.2
      vertex 37.4371 50.8871 16.2
      vertex 37.595 51.1 16.2
    endloop
  endfacet
  facet normal 0 0 -1
    outer loop
      vertex 38.9 3 16.2
      vertex 37.2592 50.6908 16.2
      vertex 37.4371 50.8871 16.2
    endloop
  endfacet
  facet normal 0 0 -1
    outer loop
      vertex 38.9 3 16.2
      vertex 37.0629 50.5129 16.2
      vertex 37.2592 50.6908 16.2
    endloop
  endfacet
  facet normal 0 0 -1
    outer loop
      vertex 38.9 3 16.2
      vertex 36.85 50.355 16.2
      vertex 37.0629 50.5129 16.2
    endloop
  endfacet
  facet normal 0 0 -1
    outer loop
      vertex 38.9 3 16.2
      vertex 36.6228 50.2188 16.2
      vertex 36.85 50.355 16.2
    endloop
  endfacet
  facet normal 0 0 -1
    outer loop
      vertex 38.9 3 16.2
      vertex 36.3832 50.1055 16.2
      vertex 36.6228 50.2188 16.2
    endloop
  endfacet
  facet normal 0 0 -1
    outer loop
      vertex 38.9 3 16.2
      vertex 22.2639 33.0194 16.2
      vertex 36.3832 50.1055 16.2
    endloop
  endfacet
  facet normal 0 -0 -1
    outer loop
      vertex 22.3116 33.2098 16.2
      vertex 36.3832 50.1055 16.2
      vertex 22.2639 33.0194 16.2
    endloop
  endfacet
  facet normal 0 0 -1
    outer loop
      vertex 36.3832 50.1055 16.2
      vertex 22.3116 33.2098 16.2
      vertex 36.1338 50.0163 16.2
    endloop
  endfacet
  facet normal 0 -0 -1
    outer loop
      vertex 22.3404 33.404 16.2
      vertex 36.1338 50.0163 16.2
      vertex 22.3116 33.2098 16.2
    endloop
  endfacet
  facet normal 0 -0 -1
    outer loop
      vertex 22.35 33.6 16.2
      vertex 35.8767 49.9519 16.2
      vertex 22.3404 33.404 16.2
    endloop
  endfacet
  facet normal 0 0 -1
    outer loop
      vertex 35.8767 49.9519 16.2
      vertex 22.35 33.6 16.2
      vertex 35.6146 49.913 16.2
    endloop
  endfacet
  facet normal 0 0 -1
    outer loop
      vertex 22.3404 33.796 16.2
      vertex 35.6146 49.913 16.2
      vertex 22.35 33.6 16.2
    endloop
  endfacet
  facet normal 0 0 -1
    outer loop
      vertex 35.6146 49.913 16.2
      vertex 22.3404 33.796 16.2
      vertex 35.35 49.9 16.2
    endloop
  endfacet
  facet normal 0 0 -1
    outer loop
      vertex 22.3116 33.9902 16.2
      vertex 35.35 49.9 16.2
      vertex 22.3404 33.796 16.2
    endloop
  endfacet
  facet normal -0 0 -1
    outer loop
      vertex 35.35 49.9 16.2
      vertex 22.3116 33.9902 16.2
      vertex 35.0854 49.913 16.2
    endloop
  endfacet
  facet normal 0 0 -1
    outer loop
      vertex 22.2639 34.1806 16.2
      vertex 35.0854 49.913 16.2
      vertex 22.3116 33.9902 16.2
    endloop
  endfacet
  facet normal -0 0 -1
    outer loop
      vertex 35.0854 49.913 16.2
      vertex 22.2639 34.1806 16.2
      vertex 34.8233 49.9519 16.2
    endloop
  endfacet
  facet normal 0 0 -1
    outer loop
      vertex 22.1978 34.3654 16.2
      vertex 34.8233 49.9519 16.2
      vertex 22.2639 34.1806 16.2
    endloop
  endfacet
  facet normal 0 0 -1
    outer loop
      vertex 22.1138 34.5428 16.2
      vertex 34.8233 49.9519 16.2
      vertex 22.1978 34.3654 16.2
    endloop
  endfacet
  facet normal -0 0 -1
    outer loop
      vertex 34.8233 49.9519 16.2
      vertex 22.1138 34.5428 16.2
      vertex 34.5662 50.0163 16.2
    endloop
  endfacet
  facet normal 0 0 -1
    outer loop
      vertex 22.0129 34.7111 16.2
      vertex 34.5662 50.0163 16.2
      vertex 22.1138 34.5428 16.2
    endloop
  endfacet
  facet normal -0 0 -1
    outer loop
      vertex 34.5662 50.0163 16.2
      vertex 22.0129 34.7111 16.2
      vertex 34.3168 50.1055 16.2
    endloop
  endfacet
  facet normal 0 0 -1
    outer loop
      vertex 21.896 34.8688 16.2
      vertex 34.3168 50.1055 16.2
      vertex 22.0129 34.7111 16.2
    endloop
  endfacet
  facet normal 0 0 -1
    outer loop
      vertex 21.7642 35.0142 16.2
      vertex 34.0772 50.2188 16.2
      vertex 21.896 34.8688 16.2
    endloop
  endfacet
  facet normal -0 0 -1
    outer loop
      vertex 33.85 50.355 16.2
      vertex 21.6188 35.146 16.2
      vertex 33.6371 50.5129 16.2
    endloop
  endfacet
  facet normal -0 0 -1
    outer loop
      vertex 34.0772 50.2188 16.2
      vertex 21.7642 35.0142 16.2
      vertex 33.85 50.355 16.2
    endloop
  endfacet
  facet normal 0 0 -1
    outer loop
      vertex 21.6188 35.146 16.2
      vertex 33.85 50.355 16.2
      vertex 21.7642 35.0142 16.2
    endloop
  endfacet
  facet normal -0 0 -1
    outer loop
      vertex 34.3168 50.1055 16.2
      vertex 21.896 34.8688 16.2
      vertex 34.0772 50.2188 16.2
    endloop
  endfacet
  facet normal 0 0 -1
    outer loop
      vertex 36.1338 50.0163 16.2
      vertex 22.3404 33.404 16.2
      vertex 35.8767 49.9519 16.2
    endloop
  endfacet
  facet normal 0 0 -1
    outer loop
      vertex 38.9 3 16.2
      vertex 22.1978 32.8346 16.2
      vertex 22.2639 33.0194 16.2
    endloop
  endfacet
  facet normal 0 0 -1
    outer loop
      vertex 38.9 3 16.2
      vertex 22.1138 32.6572 16.2
      vertex 22.1978 32.8346 16.2
    endloop
  endfacet
  facet normal 0 0 -1
    outer loop
      vertex 38.9 3 16.2
      vertex 22.0129 32.4889 16.2
      vertex 22.1138 32.6572 16.2
    endloop
  endfacet
  facet normal 0 0 -1
    outer loop
      vertex 38.9 3 16.2
      vertex 21.896 32.3312 16.2
      vertex 22.0129 32.4889 16.2
    endloop
  endfacet
  facet normal 0 0 -1
    outer loop
      vertex 38.9 3 16.2
      vertex 21.7642 32.1858 16.2
      vertex 21.896 32.3312 16.2
    endloop
  endfacet
  facet normal 0 0 -1
    outer loop
      vertex 38.9 3 16.2
      vertex 21.6188 32.054 16.2
      vertex 21.7642 32.1858 16.2
    endloop
  endfacet
  facet normal 0 0 -1
    outer loop
      vertex 38.9 3 16.2
      vertex 21.4611 31.9371 16.2
      vertex 21.6188 32.054 16.2
    endloop
  endfacet
  facet normal 0 0 -1
    outer loop
      vertex 38.9 3 16.2
      vertex 21.2928 31.8362 16.2
      vertex 21.4611 31.9371 16.2
    endloop
  endfacet
  facet normal 0 0 -1
    outer loop
      vertex 38.9 3 16.2
      vertex 21.1154 31.7522 16.2
      vertex 21.2928 31.8362 16.2
    endloop
  endfacet
  facet normal 0 0 -1
    outer loop
      vertex 38.9 3 16.2
      vertex 20.9306 31.6861 16.2
      vertex 21.1154 31.7522 16.2
    endloop
  endfacet
  facet normal 0 0 -1
    outer loop
      vertex 37.7 1.8 16.2
      vertex 20.7402 31.6384 16.2
      vertex 20.9306 31.6861 16.2
    endloop
  endfacet
  facet normal 0 0 -1
    outer loop
      vertex 37.7 1.8 16.2
      vertex 20.546 31.6096 16.2
      vertex 20.7402 31.6384 16.2
    endloop
  endfacet
  facet normal 0 0 -1
    outer loop
      vertex 37.7 1.8 16.2
      vertex 20.35 31.6 16.2
      vertex 20.546 31.6096 16.2
    endloop
  endfacet
  facet normal 0 0 -1
    outer loop
      vertex 3 1.8 16.2
      vertex 20.35 31.6 16.2
      vertex 37.7 1.8 16.2
    endloop
  endfacet
  facet normal -0 0 -1
    outer loop
      vertex 20.35 31.6 16.2
      vertex 3 1.8 16.2
      vertex 20.154 31.6096 16.2
    endloop
  endfacet
  facet normal -0 0 -1
    outer loop
      vertex 20.154 31.6096 16.2
      vertex 3 1.8 16.2
      vertex 19.9598 31.6384 16.2
    endloop
  endfacet
  facet normal -0 0 -1
    outer loop
      vertex 19.9598 31.6384 16.2
      vertex 3 1.8 16.2
      vertex 19.7694 31.6861 16.2
    endloop
  endfacet
  facet normal 0 0 -1
    outer loop
      vertex 1.8 3 16.2
      vertex 19.7694 31.6861 16.2
      vertex 3 1.8 16.2
    endloop
  endfacet
  facet normal -0 0 -1
    outer loop
      vertex 19.7694 31.6861 16.2
      vertex 1.8 3 16.2
      vertex 19.5846 31.7522 16.2
    endloop
  endfacet
  facet normal -0 0 -1
    outer loop
      vertex 19.5846 31.7522 16.2
      vertex 1.8 3 16.2
      vertex 19.4072 31.8362 16.2
    endloop
  endfacet
  facet normal -0 0 -1
    outer loop
      vertex 19.4072 31.8362 16.2
      vertex 1.8 3 16.2
      vertex 19.2389 31.9371 16.2
    endloop
  endfacet
  facet normal -0 0 -1
    outer loop
      vertex 19.2389 31.9371 16.2
      vertex 1.8 3 16.2
      vertex 19.0812 32.054 16.2
    endloop
  endfacet
  facet normal -0 0 -1
    outer loop
      vertex 19.0812 32.054 16.2
      vertex 1.8 3 16.2
      vertex 18.9358 32.1858 16.2
    endloop
  endfacet
  facet normal 0 0 -1
    outer loop
      vertex 33.85 54.845 16.2
      vertex 18 102.25 16.2
      vertex 20.8 102.25 16.2
    endloop
  endfacet
  facet normal 0 0 -1
    outer loop
      vertex 4.82326 49.9519 16.2
      vertex 18.35 33.6 16.2
      vertex 18.3596 33.404 16.2
    endloop
  endfacet
  facet normal 0 0 -1
    outer loop
      vertex 4.56623 50.0163 16.2
      vertex 18.3596 33.404 16.2
      vertex 18.3884 33.2098 16.2
    endloop
  endfacet
  facet normal 0 0 -1
    outer loop
      vertex 4.31675 50.1055 16.2
      vertex 18.3884 33.2098 16.2
      vertex 18.4361 33.0194 16.2
    endloop
  endfacet
  facet normal 0 0 -1
    outer loop
      vertex 1.8 3 16.2
      vertex 18.4361 33.0194 16.2
      vertex 18.5022 32.8346 16.2
    endloop
  endfacet
  facet normal 0 0 -1
    outer loop
      vertex 1.8 3 16.2
      vertex 18.5022 32.8346 16.2
      vertex 18.5862 32.6572 16.2
    endloop
  endfacet
  facet normal 0 0 -1
    outer loop
      vertex 18.3596 33.796 16.2
      vertex 8.037 52.3354 16.2
      vertex 8.05 52.6 16.2
    endloop
  endfacet
  facet normal 0 0 -1
    outer loop
      vertex 18.3596 33.796 16.2
      vertex 7.99812 52.0733 16.2
      vertex 8.037 52.3354 16.2
    endloop
  endfacet
  facet normal 0 0 -1
    outer loop
      vertex 18.3596 33.796 16.2
      vertex 7.93374 51.8162 16.2
      vertex 7.99812 52.0733 16.2
    endloop
  endfacet
  facet normal 0 0 -1
    outer loop
      vertex 18.3596 33.796 16.2
      vertex 7.84447 51.5668 16.2
      vertex 7.93374 51.8162 16.2
    endloop
  endfacet
  facet normal 0 0 -1
    outer loop
      vertex 18.3596 33.796 16.2
      vertex 7.73119 51.3272 16.2
      vertex 7.84447 51.5668 16.2
    endloop
  endfacet
  facet normal 0 0 -1
    outer loop
      vertex 18.3596 33.796 16.2
      vertex 7.59497 51.1 16.2
      vertex 7.73119 51.3272 16.2
    endloop
  endfacet
  facet normal 0 0 -1
    outer loop
      vertex 18.3596 33.796 16.2
      vertex 7.43713 50.8871 16.2
      vertex 7.59497 51.1 16.2
    endloop
  endfacet
  facet normal 0 0 -1
    outer loop
      vertex 1.8 3 16.2
      vertex 18.5862 32.6572 16.2
      vertex 18.6871 32.4889 16.2
    endloop
  endfacet
  facet normal 0 0 -1
    outer loop
      vertex 18.3596 33.796 16.2
      vertex 7.25919 50.6908 16.2
      vertex 7.43713 50.8871 16.2
    endloop
  endfacet
  facet normal -0 0 -1
    outer loop
      vertex 18.9358 32.1858 16.2
      vertex 1.8 3 16.2
      vertex 18.804 32.3312 16.2
    endloop
  endfacet
  facet normal 0 0 -1
    outer loop
      vertex 18.3596 33.796 16.2
      vertex 7.06286 50.5129 16.2
      vertex 7.25919 50.6908 16.2
    endloop
  endfacet
  facet normal 0 0 -1
    outer loop
      vertex 18.3596 33.796 16.2
      vertex 6.85004 50.355 16.2
      vertex 7.06286 50.5129 16.2
    endloop
  endfacet
  facet normal 0 0 -1
    outer loop
      vertex 18.3596 33.796 16.2
      vertex 6.62277 50.2188 16.2
      vertex 6.85004 50.355 16.2
    endloop
  endfacet
  facet normal -0 0 -1
    outer loop
      vertex 18.4361 33.0194 16.2
      vertex 1.8 3 16.2
      vertex 4.31675 50.1055 16.2
    endloop
  endfacet
  facet normal 0 0 -1
    outer loop
      vertex 18.3596 33.796 16.2
      vertex 6.38324 50.1055 16.2
      vertex 6.62277 50.2188 16.2
    endloop
  endfacet
  facet normal 0 0 -1
    outer loop
      vertex 18.3596 33.796 16.2
      vertex 6.13377 50.0163 16.2
      vertex 6.38324 50.1055 16.2
    endloop
  endfacet
  facet normal 0 0 -1
    outer loop
      vertex 18.3596 33.796 16.2
      vertex 5.87674 49.9519 16.2
      vertex 6.13377 50.0163 16.2
    endloop
  endfacet
  facet normal 0 0 -1
    outer loop
      vertex 18.3596 33.796 16.2
      vertex 5.61465 49.913 16.2
      vertex 5.87674 49.9519 16.2
    endloop
  endfacet
  facet normal 0 0 -1
    outer loop
      vertex 18.3596 33.796 16.2
      vertex 5.35 49.9 16.2
      vertex 5.61465 49.913 16.2
    endloop
  endfacet
  facet normal 0 0 -1
    outer loop
      vertex 18.3596 33.796 16.2
      vertex 5.08535 49.913 16.2
      vertex 5.35 49.9 16.2
    endloop
  endfacet
  facet normal 0 0 -1
    outer loop
      vertex 18.35 33.6 16.2
      vertex 4.82326 49.9519 16.2
      vertex 5.08535 49.913 16.2
    endloop
  endfacet
  facet normal 0 0 -1
    outer loop
      vertex 18.3596 33.404 16.2
      vertex 4.56623 50.0163 16.2
      vertex 4.82326 49.9519 16.2
    endloop
  endfacet
  facet normal 0 0 -1
    outer loop
      vertex 18.3884 33.2098 16.2
      vertex 4.31675 50.1055 16.2
      vertex 4.56623 50.0163 16.2
    endloop
  endfacet
  facet normal -0 0 -1
    outer loop
      vertex 4.31675 50.1055 16.2
      vertex 1.8 3 16.2
      vertex 4.07723 50.2188 16.2
    endloop
  endfacet
  facet normal -0 0 -1
    outer loop
      vertex 4.07723 50.2188 16.2
      vertex 1.8 3 16.2
      vertex 3.84996 50.355 16.2
    endloop
  endfacet
  facet normal -0 0 -1
    outer loop
      vertex 3.84996 50.355 16.2
      vertex 1.8 3 16.2
      vertex 3.63714 50.5129 16.2
    endloop
  endfacet
  facet normal -0 0 -1
    outer loop
      vertex 3.63714 50.5129 16.2
      vertex 1.8 3 16.2
      vertex 3.44081 50.6908 16.2
    endloop
  endfacet
  facet normal -0 0 -1
    outer loop
      vertex 3.44081 50.6908 16.2
      vertex 1.8 3 16.2
      vertex 3.26287 50.8871 16.2
    endloop
  endfacet
  facet normal -0 0 -1
    outer loop
      vertex 18.804 32.3312 16.2
      vertex 1.8 3 16.2
      vertex 18.6871 32.4889 16.2
    endloop
  endfacet
  facet normal -0 0 -1
    outer loop
      vertex 3.26287 50.8871 16.2
      vertex 1.8 3 16.2
      vertex 3.10503 51.1 16.2
    endloop
  endfacet
  facet normal 0 0 -1
    outer loop
      vertex 1.8 3 16.2
      vertex 3 1.8 16.2
      vertex 2.88239 1.80577 16.2
    endloop
  endfacet
  facet normal -0 0 -1
    outer loop
      vertex 3.10503 51.1 16.2
      vertex 1.8 3 16.2
      vertex 2.96881 51.3272 16.2
    endloop
  endfacet
  facet normal -0 0 -1
    outer loop
      vertex 2.96881 51.3272 16.2
      vertex 1.8 3 16.2
      vertex 2.85553 51.5668 16.2
    endloop
  endfacet
  facet normal 0 0 -1
    outer loop
      vertex 1.8 3 16.2
      vertex 2.88239 1.80577 16.2
      vertex 2.76588 1.82306 16.2
    endloop
  endfacet
  facet normal -0 0 -1
    outer loop
      vertex 2.85553 51.5668 16.2
      vertex 1.8 3 16.2
      vertex 2.76626 51.8162 16.2
    endloop
  endfacet
  facet normal -0 0 -1
    outer loop
      vertex 2.76626 51.8162 16.2
      vertex 1.8 3 16.2
      vertex 2.70188 52.0733 16.2
    endloop
  endfacet
  facet normal 0 0 -1
    outer loop
      vertex 1.8 3 16.2
      vertex 2.76588 1.82306 16.2
      vertex 2.65166 1.85167 16.2
    endloop
  endfacet
  facet normal -0 0 -1
    outer loop
      vertex 2.70188 52.0733 16.2
      vertex 1.8 3 16.2
      vertex 2.663 52.3354 16.2
    endloop
  endfacet
  facet normal -0 0 -1
    outer loop
      vertex 2.663 52.3354 16.2
      vertex 1.8 3 16.2
      vertex 2.65 52.6 16.2
    endloop
  endfacet
  facet normal 0 0 -1
    outer loop
      vertex 1.8 3 16.2
      vertex 2.65166 1.85167 16.2
      vertex 2.54079 1.89134 16.2
    endloop
  endfacet
  facet normal 0 0 -1
    outer loop
      vertex 36.3832 125.094 16.2
      vertex 38.9 128.2 16.2
      vertex 36.6228 124.981 16.2
    endloop
  endfacet
  facet normal 0 0 -1
    outer loop
      vertex 36.1338 125.184 16.2
      vertex 38.9 128.2 16.2
      vertex 36.3832 125.094 16.2
    endloop
  endfacet
  facet normal 0 -0 -1
    outer loop
      vertex 37.7 129.4 16.2
      vertex 38.9 128.2 16.2
      vertex 36.1338 125.184 16.2
    endloop
  endfacet
  facet normal 0 0 -1
    outer loop
      vertex 38.9 128.2 16.2
      vertex 37.7 129.4 16.2
      vertex 38.8942 128.318 16.2
    endloop
  endfacet
  facet normal 0 0 -1
    outer loop
      vertex 38.8769 128.434 16.2
      vertex 37.7 129.4 16.2
      vertex 38.8483 128.548 16.2
    endloop
  endfacet
  facet normal 0 0 -1
    outer loop
      vertex 38.8483 128.548 16.2
      vertex 37.7 129.4 16.2
      vertex 38.8087 128.659 16.2
    endloop
  endfacet
  facet normal 0 0 -1
    outer loop
      vertex 38.8087 128.659 16.2
      vertex 37.7 129.4 16.2
      vertex 38.7583 128.766 16.2
    endloop
  endfacet
  facet normal 0 0 -1
    outer loop
      vertex 38.7583 128.766 16.2
      vertex 37.7 129.4 16.2
      vertex 38.6978 128.867 16.2
    endloop
  endfacet
  facet normal 0 0 -1
    outer loop
      vertex 38.6978 128.867 16.2
      vertex 37.7 129.4 16.2
      vertex 38.6276 128.961 16.2
    endloop
  endfacet
  facet normal 0 0 -1
    outer loop
      vertex 38.6276 128.961 16.2
      vertex 37.7 129.4 16.2
      vertex 38.5485 129.049 16.2
    endloop
  endfacet
  facet normal 0 0 -1
    outer loop
      vertex 38.5485 129.049 16.2
      vertex 37.7 129.4 16.2
      vertex 38.4613 129.128 16.2
    endloop
  endfacet
  facet normal 0 0 -1
    outer loop
      vertex 38.4613 129.128 16.2
      vertex 37.7 129.4 16.2
      vertex 38.3667 129.198 16.2
    endloop
  endfacet
  facet normal 0 0 -1
    outer loop
      vertex 38.2657 129.258 16.2
      vertex 37.7 129.4 16.2
      vertex 38.1592 129.309 16.2
    endloop
  endfacet
  facet normal 0 0 -1
    outer loop
      vertex 38.1592 129.309 16.2
      vertex 37.7 129.4 16.2
      vertex 38.0483 129.348 16.2
    endloop
  endfacet
  facet normal 0 0 -1
    outer loop
      vertex 38.0483 129.348 16.2
      vertex 37.7 129.4 16.2
      vertex 37.9341 129.377 16.2
    endloop
  endfacet
  facet normal 0 0 -1
    outer loop
      vertex 37.9341 129.377 16.2
      vertex 37.7 129.4 16.2
      vertex 37.8176 129.394 16.2
    endloop
  endfacet
  facet normal 0 0 -1
    outer loop
      vertex 38.3667 129.198 16.2
      vertex 37.7 129.4 16.2
      vertex 38.2657 129.258 16.2
    endloop
  endfacet
  facet normal 0 0 -1
    outer loop
      vertex 38.8942 128.318 16.2
      vertex 37.7 129.4 16.2
      vertex 38.8769 128.434 16.2
    endloop
  endfacet
  facet normal 0 0 -1
    outer loop
      vertex 35.8767 125.248 16.2
      vertex 37.7 129.4 16.2
      vertex 36.1338 125.184 16.2
    endloop
  endfacet
  facet normal 0 0 -1
    outer loop
      vertex 35.6146 125.287 16.2
      vertex 37.7 129.4 16.2
      vertex 35.8767 125.248 16.2
    endloop
  endfacet
  facet normal 0 0 -1
    outer loop
      vertex 35.35 125.3 16.2
      vertex 37.7 129.4 16.2
      vertex 35.6146 125.287 16.2
    endloop
  endfacet
  facet normal 0 0 -1
    outer loop
      vertex 35.0854 125.287 16.2
      vertex 37.7 129.4 16.2
      vertex 35.35 125.3 16.2
    endloop
  endfacet
  facet normal 0 0 -1
    outer loop
      vertex 34.8233 125.248 16.2
      vertex 37.7 129.4 16.2
      vertex 35.0854 125.287 16.2
    endloop
  endfacet
  facet normal 0 0 -1
    outer loop
      vertex 34.5662 125.184 16.2
      vertex 37.7 129.4 16.2
      vertex 34.8233 125.248 16.2
    endloop
  endfacet
  facet normal 0 0 -1
    outer loop
      vertex 34.3168 125.094 16.2
      vertex 37.7 129.4 16.2
      vertex 34.5662 125.184 16.2
    endloop
  endfacet
  facet normal 0 0 -1
    outer loop
      vertex 34.0772 124.981 16.2
      vertex 37.7 129.4 16.2
      vertex 34.3168 125.094 16.2
    endloop
  endfacet
  facet normal 0 0 -1
    outer loop
      vertex 33.85 124.845 16.2
      vertex 37.7 129.4 16.2
      vertex 34.0772 124.981 16.2
    endloop
  endfacet
  facet normal 0 0 -1
    outer loop
      vertex 33.6371 124.687 16.2
      vertex 37.7 129.4 16.2
      vertex 33.85 124.845 16.2
    endloop
  endfacet
  facet normal 0 0 -1
    outer loop
      vertex 7.06286 124.687 16.2
      vertex 33.6371 124.687 16.2
      vertex 33.4408 124.509 16.2
    endloop
  endfacet
  facet normal 0 0 -1
    outer loop
      vertex 7.25919 124.509 16.2
      vertex 33.4408 124.509 16.2
      vertex 33.2629 124.313 16.2
    endloop
  endfacet
  facet normal 0 0 -1
    outer loop
      vertex 20.8 112.35 16.2
      vertex 32.663 122.865 16.2
      vertex 32.65 122.6 16.2
    endloop
  endfacet
  facet normal 0 0 -1
    outer loop
      vertex 20.8 112.35 16.2
      vertex 32.7019 123.127 16.2
      vertex 32.663 122.865 16.2
    endloop
  endfacet
  facet normal 0 0 -1
    outer loop
      vertex 7.99812 123.127 16.2
      vertex 32.7019 123.127 16.2
      vertex 20.8 112.35 16.2
    endloop
  endfacet
  facet normal 0 0 -1
    outer loop
      vertex 32.7019 123.127 16.2
      vertex 7.99812 123.127 16.2
      vertex 32.7663 123.384 16.2
    endloop
  endfacet
  facet normal 0 0 -1
    outer loop
      vertex 7.93374 123.384 16.2
      vertex 32.7663 123.384 16.2
      vertex 7.99812 123.127 16.2
    endloop
  endfacet
  facet normal 0 0 -1
    outer loop
      vertex 32.7663 123.384 16.2
      vertex 7.93374 123.384 16.2
      vertex 32.8555 123.633 16.2
    endloop
  endfacet
  facet normal 0 0 -1
    outer loop
      vertex 7.84447 123.633 16.2
      vertex 32.8555 123.633 16.2
      vertex 7.93374 123.384 16.2
    endloop
  endfacet
  facet normal 0 0 -1
    outer loop
      vertex 32.8555 123.633 16.2
      vertex 7.84447 123.633 16.2
      vertex 32.9688 123.873 16.2
    endloop
  endfacet
  facet normal 0 0 -1
    outer loop
      vertex 32.7019 52.0733 16.2
      vertex 8.05 52.6 16.2
      vertex 32.663 52.3354 16.2
    endloop
  endfacet
  facet normal 0 0 -1
    outer loop
      vertex 32.663 52.3354 16.2
      vertex 8.05 52.6 16.2
      vertex 32.65 52.6 16.2
    endloop
  endfacet
  facet normal 0 0 -1
    outer loop
      vertex 8.05 52.6 16.2
      vertex 20.35 35.6 16.2
      vertex 20.154 35.5904 16.2
    endloop
  endfacet
  facet normal 0 0 -1
    outer loop
      vertex 8.05 52.6 16.2
      vertex 20.154 35.5904 16.2
      vertex 19.9598 35.5616 16.2
    endloop
  endfacet
  facet normal 0 0 -1
    outer loop
      vertex 8.05 52.6 16.2
      vertex 19.9598 35.5616 16.2
      vertex 19.7694 35.5139 16.2
    endloop
  endfacet
  facet normal 0 0 -1
    outer loop
      vertex 8.05 52.6 16.2
      vertex 19.7694 35.5139 16.2
      vertex 19.5846 35.4478 16.2
    endloop
  endfacet
  facet normal 0 0 -1
    outer loop
      vertex 8.05 52.6 16.2
      vertex 19.5846 35.4478 16.2
      vertex 19.4072 35.3638 16.2
    endloop
  endfacet
  facet normal 0 0 -1
    outer loop
      vertex 8.05 52.6 16.2
      vertex 19.4072 35.3638 16.2
      vertex 19.2389 35.2629 16.2
    endloop
  endfacet
  facet normal 0 0 -1
    outer loop
      vertex 8.05 52.6 16.2
      vertex 19.2389 35.2629 16.2
      vertex 19.0812 35.146 16.2
    endloop
  endfacet
  facet normal 0 0 -1
    outer loop
      vertex 8.05 52.6 16.2
      vertex 19.0812 35.146 16.2
      vertex 18.9358 35.0142 16.2
    endloop
  endfacet
  facet normal 0 0 -1
    outer loop
      vertex 8.05 52.6 16.2
      vertex 18.9358 35.0142 16.2
      vertex 18.804 34.8688 16.2
    endloop
  endfacet
  facet normal 0 0 -1
    outer loop
      vertex 8.05 52.6 16.2
      vertex 18.804 34.8688 16.2
      vertex 18.6871 34.7111 16.2
    endloop
  endfacet
  facet normal 0 0 -1
    outer loop
      vertex 8.05 52.6 16.2
      vertex 18.6871 34.7111 16.2
      vertex 18.5862 34.5428 16.2
    endloop
  endfacet
  facet normal 0 0 -1
    outer loop
      vertex 8.05 52.6 16.2
      vertex 18.5862 34.5428 16.2
      vertex 18.5022 34.3654 16.2
    endloop
  endfacet
  facet normal 0 0 -1
    outer loop
      vertex 8.05 52.6 16.2
      vertex 18.5022 34.3654 16.2
      vertex 18.4361 34.1806 16.2
    endloop
  endfacet
  facet normal 0 0 -1
    outer loop
      vertex 8.05 52.6 16.2
      vertex 18.4361 34.1806 16.2
      vertex 18.3884 33.9902 16.2
    endloop
  endfacet
  facet normal 0 0 -1
    outer loop
      vertex 8.05 52.6 16.2
      vertex 18.3884 33.9902 16.2
      vertex 18.3596 33.796 16.2
    endloop
  endfacet
  facet normal 0 0 -1
    outer loop
      vertex 5.08535 49.913 16.2
      vertex 18.3596 33.796 16.2
      vertex 18.35 33.6 16.2
    endloop
  endfacet
  facet normal 0 0 -1
    outer loop
      vertex 20.8 102.25 16.2
      vertex 18 102.25 16.2
      vertex 20.8 112.35 16.2
    endloop
  endfacet
  facet normal 0 0 -1
    outer loop
      vertex 18 112.35 16.2
      vertex 20.8 112.35 16.2
      vertex 18 102.25 16.2
    endloop
  endfacet
  facet normal 0 0 -1
    outer loop
      vertex 8.037 122.865 16.2
      vertex 20.8 112.35 16.2
      vertex 18 112.35 16.2
    endloop
  endfacet
  facet normal 0 0 -1
    outer loop
      vertex 8.037 122.865 16.2
      vertex 18 112.35 16.2
      vertex 8.05 122.6 16.2
    endloop
  endfacet
  facet normal 0 0 -1
    outer loop
      vertex 20.8 112.35 16.2
      vertex 8.037 122.865 16.2
      vertex 7.99812 123.127 16.2
    endloop
  endfacet
  facet normal 0 0 -1
    outer loop
      vertex 7.73119 123.873 16.2
      vertex 32.9688 123.873 16.2
      vertex 7.84447 123.633 16.2
    endloop
  endfacet
  facet normal 0 0 -1
    outer loop
      vertex 32.9688 123.873 16.2
      vertex 7.73119 123.873 16.2
      vertex 33.105 124.1 16.2
    endloop
  endfacet
  facet normal 0 0 -1
    outer loop
      vertex 7.59497 124.1 16.2
      vertex 33.105 124.1 16.2
      vertex 7.73119 123.873 16.2
    endloop
  endfacet
  facet normal 0 0 -1
    outer loop
      vertex 33.105 124.1 16.2
      vertex 7.59497 124.1 16.2
      vertex 33.2629 124.313 16.2
    endloop
  endfacet
  facet normal 0 0 -1
    outer loop
      vertex 7.43713 124.313 16.2
      vertex 33.2629 124.313 16.2
      vertex 7.59497 124.1 16.2
    endloop
  endfacet
  facet normal 0 0 -1
    outer loop
      vertex 7.25919 124.509 16.2
      vertex 33.2629 124.313 16.2
      vertex 7.43713 124.313 16.2
    endloop
  endfacet
  facet normal 0 0 -1
    outer loop
      vertex 33.4408 124.509 16.2
      vertex 7.25919 124.509 16.2
      vertex 7.06286 124.687 16.2
    endloop
  endfacet
  facet normal 0 0 -1
    outer loop
      vertex 33.6371 124.687 16.2
      vertex 7.06286 124.687 16.2
      vertex 37.7 129.4 16.2
    endloop
  endfacet
  facet normal 0 0 -1
    outer loop
      vertex 3 129.4 16.2
      vertex 7.06286 124.687 16.2
      vertex 6.85004 124.845 16.2
    endloop
  endfacet
  facet normal 0 0 -1
    outer loop
      vertex 3 129.4 16.2
      vertex 6.85004 124.845 16.2
      vertex 6.62277 124.981 16.2
    endloop
  endfacet
  facet normal 0 0 -1
    outer loop
      vertex 3 129.4 16.2
      vertex 6.62277 124.981 16.2
      vertex 6.38324 125.094 16.2
    endloop
  endfacet
  facet normal 0 0 -1
    outer loop
      vertex 3 129.4 16.2
      vertex 6.38324 125.094 16.2
      vertex 6.13377 125.184 16.2
    endloop
  endfacet
  facet normal 0 0 -1
    outer loop
      vertex 3 129.4 16.2
      vertex 6.13377 125.184 16.2
      vertex 5.87674 125.248 16.2
    endloop
  endfacet
  facet normal 0 0 -1
    outer loop
      vertex 3 129.4 16.2
      vertex 5.87674 125.248 16.2
      vertex 5.61465 125.287 16.2
    endloop
  endfacet
  facet normal 0 0 -1
    outer loop
      vertex 3 129.4 16.2
      vertex 5.61465 125.287 16.2
      vertex 5.35 125.3 16.2
    endloop
  endfacet
  facet normal 0 0 -1
    outer loop
      vertex 3 129.4 16.2
      vertex 5.35 125.3 16.2
      vertex 5.08535 125.287 16.2
    endloop
  endfacet
  facet normal 0 0 -1
    outer loop
      vertex 7.06286 124.687 16.2
      vertex 3 129.4 16.2
      vertex 37.7 129.4 16.2
    endloop
  endfacet
  facet normal 0 0 -1
    outer loop
      vertex 4.82326 125.248 16.2
      vertex 3 129.4 16.2
      vertex 5.08535 125.287 16.2
    endloop
  endfacet
  facet normal 0 0 -1
    outer loop
      vertex 4.56623 125.184 16.2
      vertex 3 129.4 16.2
      vertex 4.82326 125.248 16.2
    endloop
  endfacet
  facet normal 0 0 -1
    outer loop
      vertex 1.8 128.2 16.2
      vertex 4.56623 125.184 16.2
      vertex 4.31675 125.094 16.2
    endloop
  endfacet
  facet normal 0 0 -1
    outer loop
      vertex 1.8 128.2 16.2
      vertex 4.31675 125.094 16.2
      vertex 4.07723 124.981 16.2
    endloop
  endfacet
  facet normal 0 0 -1
    outer loop
      vertex 1.8 128.2 16.2
      vertex 4.07723 124.981 16.2
      vertex 3.84996 124.845 16.2
    endloop
  endfacet
  facet normal 0 0 -1
    outer loop
      vertex 1.8 128.2 16.2
      vertex 3.84996 124.845 16.2
      vertex 3.63714 124.687 16.2
    endloop
  endfacet
  facet normal 0 0 -1
    outer loop
      vertex 1.8 128.2 16.2
      vertex 3.63714 124.687 16.2
      vertex 3.44081 124.509 16.2
    endloop
  endfacet
  facet normal 0 0 -1
    outer loop
      vertex 1.8 128.2 16.2
      vertex 3.44081 124.509 16.2
      vertex 3.26287 124.313 16.2
    endloop
  endfacet
  facet normal 0 0 -1
    outer loop
      vertex 1.8 128.2 16.2
      vertex 3.26287 124.313 16.2
      vertex 3.10503 124.1 16.2
    endloop
  endfacet
  facet normal 0 0 -1
    outer loop
      vertex 1.8 128.2 16.2
      vertex 3.10503 124.1 16.2
      vertex 2.96881 123.873 16.2
    endloop
  endfacet
  facet normal 0 0 -1
    outer loop
      vertex 4.56623 125.184 16.2
      vertex 1.8 128.2 16.2
      vertex 3 129.4 16.2
    endloop
  endfacet
  facet normal 0 0 -1
    outer loop
      vertex 1.8 128.2 16.2
      vertex 2.96881 123.873 16.2
      vertex 2.85553 123.633 16.2
    endloop
  endfacet
  facet normal 0 0 -1
    outer loop
      vertex 1.8 128.2 16.2
      vertex 2.85553 123.633 16.2
      vertex 2.76626 123.384 16.2
    endloop
  endfacet
  facet normal 0 0 -1
    outer loop
      vertex 3 129.4 16.2
      vertex 1.8 128.2 16.2
      vertex 2.88239 129.394 16.2
    endloop
  endfacet
  facet normal 0 0 -1
    outer loop
      vertex 1.8 128.2 16.2
      vertex 2.76626 123.384 16.2
      vertex 2.70188 123.127 16.2
    endloop
  endfacet
  facet normal 0 0 -1
    outer loop
      vertex 1.8 128.2 16.2
      vertex 2.70188 123.127 16.2
      vertex 2.663 122.865 16.2
    endloop
  endfacet
  facet normal 0 0 -1
    outer loop
      vertex 2.88239 129.394 16.2
      vertex 1.8 128.2 16.2
      vertex 2.76588 129.377 16.2
    endloop
  endfacet
  facet normal 0 0 -1
    outer loop
      vertex 1.8 128.2 16.2
      vertex 2.663 122.865 16.2
      vertex 2.65 122.6 16.2
    endloop
  endfacet
  facet normal 0 0 -1
    outer loop
      vertex 1.8 128.2 16.2
      vertex 2.65 52.6 16.2
      vertex 1.8 3 16.2
    endloop
  endfacet
  facet normal 0 0 -1
    outer loop
      vertex 2.663 122.335 16.2
      vertex 1.8 128.2 16.2
      vertex 2.65 122.6 16.2
    endloop
  endfacet
  facet normal 0 0 -1
    outer loop
      vertex 1.8 3 16.2
      vertex 2.54079 1.89134 16.2
      vertex 2.43433 1.9417 16.2
    endloop
  endfacet
  facet normal 0 0 -1
    outer loop
      vertex 2.76588 129.377 16.2
      vertex 1.8 128.2 16.2
      vertex 2.65166 129.348 16.2
    endloop
  endfacet
  facet normal 0 0 -1
    outer loop
      vertex 1.8 3 16.2
      vertex 2.43433 1.9417 16.2
      vertex 2.33331 2.00224 16.2
    endloop
  endfacet
  facet normal 0 0 -1
    outer loop
      vertex 2.65166 129.348 16.2
      vertex 1.8 128.2 16.2
      vertex 2.54079 129.309 16.2
    endloop
  endfacet
  facet normal 0 0 -1
    outer loop
      vertex 1.8 3 16.2
      vertex 2.33331 2.00224 16.2
      vertex 2.23872 2.07239 16.2
    endloop
  endfacet
  facet normal 0 0 -1
    outer loop
      vertex 2.54079 129.309 16.2
      vertex 1.8 128.2 16.2
      vertex 2.43433 129.258 16.2
    endloop
  endfacet
  facet normal 0 0 -1
    outer loop
      vertex 1.8 3 16.2
      vertex 2.23872 2.07239 16.2
      vertex 2.15147 2.15147 16.2
    endloop
  endfacet
  facet normal 0 0 -1
    outer loop
      vertex 2.43433 129.258 16.2
      vertex 1.8 128.2 16.2
      vertex 2.33331 129.198 16.2
    endloop
  endfacet
  facet normal 0 0 -1
    outer loop
      vertex 1.8 3 16.2
      vertex 2.15147 2.15147 16.2
      vertex 2.07239 2.23872 16.2
    endloop
  endfacet
  facet normal 0 0 -1
    outer loop
      vertex 2.33331 129.198 16.2
      vertex 1.8 128.2 16.2
      vertex 2.23872 129.128 16.2
    endloop
  endfacet
  facet normal 0 0 -1
    outer loop
      vertex 1.8 3 16.2
      vertex 2.07239 2.23872 16.2
      vertex 2.00224 2.33331 16.2
    endloop
  endfacet
  facet normal 0 0 -1
    outer loop
      vertex 2.23872 129.128 16.2
      vertex 1.8 128.2 16.2
      vertex 2.15147 129.049 16.2
    endloop
  endfacet
  facet normal 0 0 -1
    outer loop
      vertex 1.8 3 16.2
      vertex 2.00224 2.33331 16.2
      vertex 1.9417 2.43433 16.2
    endloop
  endfacet
  facet normal 0 0 -1
    outer loop
      vertex 2.15147 129.049 16.2
      vertex 1.8 128.2 16.2
      vertex 2.07239 128.961 16.2
    endloop
  endfacet
  facet normal 0 0 -1
    outer loop
      vertex 1.8 3 16.2
      vertex 1.9417 2.43433 16.2
      vertex 1.89134 2.54079 16.2
    endloop
  endfacet
  facet normal 0 0 -1
    outer loop
      vertex 2.07239 128.961 16.2
      vertex 1.8 128.2 16.2
      vertex 2.00224 128.867 16.2
    endloop
  endfacet
  facet normal 0 0 -1
    outer loop
      vertex 1.8 3 16.2
      vertex 1.89134 2.54079 16.2
      vertex 1.85167 2.65166 16.2
    endloop
  endfacet
  facet normal 0 0 -1
    outer loop
      vertex 2.00224 128.867 16.2
      vertex 1.8 128.2 16.2
      vertex 1.9417 128.766 16.2
    endloop
  endfacet
  facet normal 0 0 -1
    outer loop
      vertex 1.8 3 16.2
      vertex 1.85167 2.65166 16.2
      vertex 1.82306 2.76588 16.2
    endloop
  endfacet
  facet normal 0 0 -1
    outer loop
      vertex 1.9417 128.766 16.2
      vertex 1.8 128.2 16.2
      vertex 1.89134 128.659 16.2
    endloop
  endfacet
  facet normal 0 0 -1
    outer loop
      vertex 1.8 3 16.2
      vertex 1.82306 2.76588 16.2
      vertex 1.80577 2.88239 16.2
    endloop
  endfacet
  facet normal 0 0 -1
    outer loop
      vertex 1.89134 128.659 16.2
      vertex 1.8 128.2 16.2
      vertex 1.85167 128.548 16.2
    endloop
  endfacet
  facet normal 0 0 -1
    outer loop
      vertex 1.85167 128.548 16.2
      vertex 1.8 128.2 16.2
      vertex 1.82306 128.434 16.2
    endloop
  endfacet
  facet normal 0 0 -1
    outer loop
      vertex 1.82306 128.434 16.2
      vertex 1.8 128.2 16.2
      vertex 1.80577 128.318 16.2
    endloop
  endfacet
  facet normal -0 0 -1
    outer loop
      vertex 35.35 119.9 16.2
      vertex 35 112.35 16.2
      vertex 35.0854 119.913 16.2
    endloop
  endfacet
  facet normal 0 0 -1
    outer loop
      vertex 35 112.35 16.2
      vertex 34.8233 119.952 16.2
      vertex 35.0854 119.913 16.2
    endloop
  endfacet
  facet normal 0 0 -1
    outer loop
      vertex 35 112.35 16.2
      vertex 34.5662 120.016 16.2
      vertex 34.8233 119.952 16.2
    endloop
  endfacet
  facet normal 0 0 -1
    outer loop
      vertex 35 112.35 16.2
      vertex 34.3168 120.106 16.2
      vertex 34.5662 120.016 16.2
    endloop
  endfacet
  facet normal 0 0 -1
    outer loop
      vertex 35 112.35 16.2
      vertex 34.0772 120.219 16.2
      vertex 34.3168 120.106 16.2
    endloop
  endfacet
  facet normal 0 0 -1
    outer loop
      vertex 35 112.35 16.2
      vertex 33.85 120.355 16.2
      vertex 34.0772 120.219 16.2
    endloop
  endfacet
  facet normal 0 0 -1
    outer loop
      vertex 35 112.35 16.2
      vertex 33.6371 120.513 16.2
      vertex 33.85 120.355 16.2
    endloop
  endfacet
  facet normal 0 0 -1
    outer loop
      vertex 35 112.35 16.2
      vertex 33.4408 120.691 16.2
      vertex 33.6371 120.513 16.2
    endloop
  endfacet
  facet normal 0 0 -1
    outer loop
      vertex 20.8 112.35 16.2
      vertex 33.4408 120.691 16.2
      vertex 35 112.35 16.2
    endloop
  endfacet
  facet normal -0 0 -1
    outer loop
      vertex 33.4408 120.691 16.2
      vertex 20.8 112.35 16.2
      vertex 33.2629 120.887 16.2
    endloop
  endfacet
  facet normal -0 0 -1
    outer loop
      vertex 33.2629 120.887 16.2
      vertex 20.8 112.35 16.2
      vertex 33.105 121.1 16.2
    endloop
  endfacet
  facet normal -0 0 -1
    outer loop
      vertex 33.105 121.1 16.2
      vertex 20.8 112.35 16.2
      vertex 32.9688 121.327 16.2
    endloop
  endfacet
  facet normal -0 0 -1
    outer loop
      vertex 32.9688 121.327 16.2
      vertex 20.8 112.35 16.2
      vertex 32.8555 121.567 16.2
    endloop
  endfacet
  facet normal -0 0 -1
    outer loop
      vertex 32.8555 121.567 16.2
      vertex 20.8 112.35 16.2
      vertex 32.7663 121.816 16.2
    endloop
  endfacet
  facet normal -0 0 -1
    outer loop
      vertex 32.663 122.335 16.2
      vertex 20.8 112.35 16.2
      vertex 32.65 122.6 16.2
    endloop
  endfacet
  facet normal -0 0 -1
    outer loop
      vertex 32.7019 122.073 16.2
      vertex 20.8 112.35 16.2
      vertex 32.663 122.335 16.2
    endloop
  endfacet
  facet normal -0 0 -1
    outer loop
      vertex 32.7663 121.816 16.2
      vertex 20.8 112.35 16.2
      vertex 32.7019 122.073 16.2
    endloop
  endfacet
  facet normal 0.0509498 -0.998701 0
    outer loop
      vertex 2.88239 129.394 2
      vertex 3 129.4 16.2
      vertex 2.88239 129.394 16.2
    endloop
  endfacet
  facet normal 0.0509498 -0.998701 0
    outer loop
      vertex 3 129.4 16.2
      vertex 2.88239 129.394 2
      vertex 3 129.4 2
    endloop
  endfacet
  facet normal -0.0509541 -0.998701 0
    outer loop
      vertex 37.7 129.4 2
      vertex 37.8176 129.394 16.2
      vertex 37.7 129.4 16.2
    endloop
  endfacet
  facet normal -0.0509541 -0.998701 -0
    outer loop
      vertex 37.8176 129.394 16.2
      vertex 37.7 129.4 2
      vertex 37.8176 129.394 2
    endloop
  endfacet
  facet normal 0 -1 0
    outer loop
      vertex 3 129.4 2
      vertex 37.7 129.4 16.2
      vertex 3 129.4 16.2
    endloop
  endfacet
  facet normal 0 -1 -0
    outer loop
      vertex 37.7 129.4 16.2
      vertex 3 129.4 2
      vertex 37.7 129.4 2
    endloop
  endfacet
  facet normal 0.80143 -0.598088 0
    outer loop
      vertex 2.00224 128.867 16.2
      vertex 2.07239 128.961 2
      vertex 2.07239 128.961 16.2
    endloop
  endfacet
  facet normal 0.80143 -0.598088 0
    outer loop
      vertex 2.07239 128.961 2
      vertex 2.00224 128.867 16.2
      vertex 2.00224 128.867 2
    endloop
  endfacet
  facet normal 0.941544 0.33689 0
    outer loop
      vertex 1.89134 2.54079 16.2
      vertex 1.85167 2.65166 2
      vertex 1.85167 2.65166 16.2
    endloop
  endfacet
  facet normal 0.941544 0.33689 0
    outer loop
      vertex 1.85167 2.65166 2
      vertex 1.89134 2.54079 16.2
      vertex 1.89134 2.54079 2
    endloop
  endfacet
  facet normal 1 -0 0
    outer loop
      vertex 1.8 3 16.2
      vertex 1.8 128.2 2
      vertex 1.8 128.2 16.2
    endloop
  endfacet
  facet normal 1 0 0
    outer loop
      vertex 1.8 128.2 2
      vertex 1.8 3 16.2
      vertex 1.8 3 2
    endloop
  endfacet
  facet normal 0.595684 0.803219 -0
    outer loop
      vertex 2.33331 2.00224 2
      vertex 2.23872 2.07239 16.2
      vertex 2.33331 2.00224 16.2
    endloop
  endfacet
  facet normal 0.595684 0.803219 0
    outer loop
      vertex 2.23872 2.07239 16.2
      vertex 2.33331 2.00224 2
      vertex 2.23872 2.07239 2
    endloop
  endfacet
  facet normal -1 0 0
    outer loop
      vertex 38.9 3 2
      vertex 38.9 128.2 16.2
      vertex 38.9 128.2 2
    endloop
  endfacet
  facet normal -1 -0 0
    outer loop
      vertex 38.9 128.2 16.2
      vertex 38.9 3 2
      vertex 38.9 3 16.2
    endloop
  endfacet
  facet normal -0.969942 -0.243336 0
    outer loop
      vertex 38.8769 128.434 2
      vertex 38.8483 128.548 16.2
      vertex 38.8483 128.548 2
    endloop
  endfacet
  facet normal -0.969942 -0.243336 0
    outer loop
      vertex 38.8483 128.548 16.2
      vertex 38.8769 128.434 2
      vertex 38.8769 128.434 16.2
    endloop
  endfacet
  facet normal 0.969922 -0.243416 0
    outer loop
      vertex 1.82306 128.434 16.2
      vertex 1.85167 128.548 2
      vertex 1.85167 128.548 16.2
    endloop
  endfacet
  facet normal 0.969922 -0.243416 0
    outer loop
      vertex 1.85167 128.548 2
      vertex 1.82306 128.434 16.2
      vertex 1.82306 128.434 2
    endloop
  endfacet
  facet normal 0.970032 0.242975 0
    outer loop
      vertex 1.85167 2.65166 16.2
      vertex 1.82306 2.76588 2
      vertex 1.82306 2.76588 16.2
    endloop
  endfacet
  facet normal 0.970032 0.242975 0
    outer loop
      vertex 1.82306 2.76588 2
      vertex 1.85167 2.65166 16.2
      vertex 1.85167 2.65166 2
    endloop
  endfacet
  facet normal -0.970053 0.242895 0
    outer loop
      vertex 38.8483 2.65166 2
      vertex 38.8769 2.76588 16.2
      vertex 38.8769 2.76588 2
    endloop
  endfacet
  facet normal -0.970053 0.242895 0
    outer loop
      vertex 38.8769 2.76588 16.2
      vertex 38.8483 2.65166 2
      vertex 38.8483 2.65166 16.2
    endloop
  endfacet
  facet normal -0.857867 -0.513871 0
    outer loop
      vertex 38.7583 128.766 2
      vertex 38.6978 128.867 16.2
      vertex 38.6978 128.867 2
    endloop
  endfacet
  facet normal -0.857867 -0.513871 0
    outer loop
      vertex 38.6978 128.867 16.2
      vertex 38.7583 128.766 2
      vertex 38.7583 128.766 16.2
    endloop
  endfacet
  facet normal -0.331752 -0.943367 0
    outer loop
      vertex 38.0483 129.348 2
      vertex 38.1592 129.309 16.2
      vertex 38.0483 129.348 16.2
    endloop
  endfacet
  facet normal -0.331752 -0.943367 -0
    outer loop
      vertex 38.1592 129.309 16.2
      vertex 38.0483 129.348 2
      vertex 38.1592 129.309 2
    endloop
  endfacet
  facet normal -0.801226 -0.598362 0
    outer loop
      vertex 38.6978 128.867 2
      vertex 38.6276 128.961 16.2
      vertex 38.6276 128.961 2
    endloop
  endfacet
  facet normal -0.801226 -0.598362 0
    outer loop
      vertex 38.6276 128.961 16.2
      vertex 38.6978 128.867 2
      vertex 38.6978 128.867 16.2
    endloop
  endfacet
  facet normal 0.594862 -0.803828 0
    outer loop
      vertex 2.23872 129.128 2
      vertex 2.33331 129.198 16.2
      vertex 2.23872 129.128 16.2
    endloop
  endfacet
  facet normal 0.594862 -0.803828 0
    outer loop
      vertex 2.33331 129.198 16.2
      vertex 2.23872 129.128 2
      vertex 2.33331 129.198 2
    endloop
  endfacet
  facet normal 0.331832 -0.943339 0
    outer loop
      vertex 2.54079 129.309 2
      vertex 2.65166 129.348 16.2
      vertex 2.54079 129.309 16.2
    endloop
  endfacet
  facet normal 0.331832 -0.943339 0
    outer loop
      vertex 2.65166 129.348 16.2
      vertex 2.54079 129.309 2
      vertex 2.65166 129.348 2
    endloop
  endfacet
  facet normal 0.998807 -0.04884 0
    outer loop
      vertex 1.8 128.2 16.2
      vertex 1.80577 128.318 2
      vertex 1.80577 128.318 16.2
    endloop
  endfacet
  facet normal 0.998807 -0.04884 0
    outer loop
      vertex 1.80577 128.318 2
      vertex 1.8 128.2 16.2
      vertex 1.8 128.2 2
    endloop
  endfacet
  facet normal 0.941669 -0.336541 0
    outer loop
      vertex 1.85167 128.548 16.2
      vertex 1.89134 128.659 2
      vertex 1.89134 128.659 16.2
    endloop
  endfacet
  facet normal 0.941669 -0.336541 0
    outer loop
      vertex 1.89134 128.659 2
      vertex 1.85167 128.548 16.2
      vertex 1.85167 128.548 2
    endloop
  endfacet
  facet normal 0.989074 -0.147423 0
    outer loop
      vertex 1.80577 128.318 16.2
      vertex 1.82306 128.434 2
      vertex 1.82306 128.434 16.2
    endloop
  endfacet
  facet normal 0.989074 -0.147423 0
    outer loop
      vertex 1.82306 128.434 2
      vertex 1.80577 128.318 16.2
      vertex 1.80577 128.318 2
    endloop
  endfacet
  facet normal 0.998799 0.0490015 0
    outer loop
      vertex 1.80577 2.88239 16.2
      vertex 1.8 3 2
      vertex 1.8 3 16.2
    endloop
  endfacet
  facet normal 0.998799 0.0490015 0
    outer loop
      vertex 1.8 3 2
      vertex 1.80577 2.88239 16.2
      vertex 1.80577 2.88239 2
    endloop
  endfacet
  facet normal 0.989167 0.146792 0
    outer loop
      vertex 1.82306 2.76588 16.2
      vertex 1.80577 2.88239 2
      vertex 1.80577 2.88239 16.2
    endloop
  endfacet
  facet normal 0.989167 0.146792 0
    outer loop
      vertex 1.80577 2.88239 2
      vertex 1.82306 2.76588 16.2
      vertex 1.82306 2.76588 2
    endloop
  endfacet
  facet normal 0.0490015 0.998799 -0
    outer loop
      vertex 3 1.8 2
      vertex 2.88239 1.80577 16.2
      vertex 3 1.8 16.2
    endloop
  endfacet
  facet normal 0.0490015 0.998799 0
    outer loop
      vertex 2.88239 1.80577 16.2
      vertex 3 1.8 2
      vertex 2.88239 1.80577 2
    endloop
  endfacet
  facet normal 0.242975 0.970032 -0
    outer loop
      vertex 2.76588 1.82306 2
      vertex 2.65166 1.85167 16.2
      vertex 2.76588 1.82306 16.2
    endloop
  endfacet
  facet normal 0.242975 0.970032 0
    outer loop
      vertex 2.65166 1.85167 16.2
      vertex 2.76588 1.82306 2
      vertex 2.65166 1.85167 2
    endloop
  endfacet
  facet normal 0.146792 0.989167 -0
    outer loop
      vertex 2.88239 1.80577 2
      vertex 2.76588 1.82306 16.2
      vertex 2.88239 1.80577 16.2
    endloop
  endfacet
  facet normal 0.146792 0.989167 0
    outer loop
      vertex 2.76588 1.82306 16.2
      vertex 2.88239 1.80577 2
      vertex 2.76588 1.82306 2
    endloop
  endfacet
  facet normal 0.427612 0.903962 -0
    outer loop
      vertex 2.54079 1.89134 2
      vertex 2.43433 1.9417 16.2
      vertex 2.54079 1.89134 16.2
    endloop
  endfacet
  facet normal 0.427612 0.903962 0
    outer loop
      vertex 2.43433 1.9417 16.2
      vertex 2.54079 1.89134 2
      vertex 2.43433 1.9417 2
    endloop
  endfacet
  facet normal 0.33689 0.941544 -0
    outer loop
      vertex 2.65166 1.85167 2
      vertex 2.54079 1.89134 16.2
      vertex 2.65166 1.85167 16.2
    endloop
  endfacet
  facet normal 0.33689 0.941544 0
    outer loop
      vertex 2.54079 1.89134 16.2
      vertex 2.65166 1.85167 2
      vertex 2.54079 1.89134 2
    endloop
  endfacet
  facet normal -0.998794 -0.0490933 0
    outer loop
      vertex 38.9 128.2 2
      vertex 38.8942 128.318 16.2
      vertex 38.8942 128.318 2
    endloop
  endfacet
  facet normal -0.998794 -0.0490933 0
    outer loop
      vertex 38.8942 128.318 16.2
      vertex 38.9 128.2 2
      vertex 38.9 128.2 16.2
    endloop
  endfacet
  facet normal -0.514121 0.857718 0
    outer loop
      vertex 38.3667 2.00224 2
      vertex 38.2657 1.9417 16.2
      vertex 38.3667 2.00224 16.2
    endloop
  endfacet
  facet normal -0.514121 0.857718 0
    outer loop
      vertex 38.2657 1.9417 16.2
      vertex 38.3667 2.00224 2
      vertex 38.2657 1.9417 2
    endloop
  endfacet
  facet normal -0.740862 0.671658 0
    outer loop
      vertex 38.5485 2.15147 2
      vertex 38.6276 2.23872 16.2
      vertex 38.6276 2.23872 2
    endloop
  endfacet
  facet normal -0.740862 0.671658 0
    outer loop
      vertex 38.6276 2.23872 16.2
      vertex 38.5485 2.15147 2
      vertex 38.5485 2.15147 16.2
    endloop
  endfacet
  facet normal -0.243015 0.970022 0
    outer loop
      vertex 38.0483 1.85167 2
      vertex 37.9341 1.82306 16.2
      vertex 38.0483 1.85167 16.2
    endloop
  endfacet
  facet normal -0.243015 0.970022 0
    outer loop
      vertex 37.9341 1.82306 16.2
      vertex 38.0483 1.85167 2
      vertex 37.9341 1.82306 2
    endloop
  endfacet
  facet normal -0.510735 -0.859738 0
    outer loop
      vertex 38.2657 129.258 2
      vertex 38.3667 129.198 16.2
      vertex 38.2657 129.258 16.2
    endloop
  endfacet
  facet normal -0.510735 -0.859738 -0
    outer loop
      vertex 38.3667 129.198 16.2
      vertex 38.2657 129.258 2
      vertex 38.3667 129.198 2
    endloop
  endfacet
  facet normal -0.743714 -0.668498 0
    outer loop
      vertex 38.6276 128.961 2
      vertex 38.5485 129.049 16.2
      vertex 38.5485 129.049 2
    endloop
  endfacet
  facet normal -0.743714 -0.668498 0
    outer loop
      vertex 38.5485 129.049 16.2
      vertex 38.6276 128.961 2
      vertex 38.6276 128.961 16.2
    endloop
  endfacet
  facet normal 0.432037 -0.901856 0
    outer loop
      vertex 2.43433 129.258 2
      vertex 2.54079 129.309 16.2
      vertex 2.43433 129.258 16.2
    endloop
  endfacet
  facet normal 0.432037 -0.901856 0
    outer loop
      vertex 2.54079 129.309 16.2
      vertex 2.43433 129.258 2
      vertex 2.54079 129.309 2
    endloop
  endfacet
  facet normal 0.904796 -0.425846 0
    outer loop
      vertex 1.89134 128.659 16.2
      vertex 1.9417 128.766 2
      vertex 1.9417 128.766 16.2
    endloop
  endfacet
  facet normal 0.904796 -0.425846 0
    outer loop
      vertex 1.9417 128.766 2
      vertex 1.89134 128.659 16.2
      vertex 1.89134 128.659 2
    endloop
  endfacet
  facet normal 0.740946 0.671565 0
    outer loop
      vertex 2.15147 2.15147 16.2
      vertex 2.07239 2.23872 2
      vertex 2.07239 2.23872 16.2
    endloop
  endfacet
  facet normal 0.740946 0.671565 0
    outer loop
      vertex 2.07239 2.23872 2
      vertex 2.15147 2.15147 16.2
      vertex 2.15147 2.15147 2
    endloop
  endfacet
  facet normal 0.857763 0.514046 0
    outer loop
      vertex 2.00224 2.33331 16.2
      vertex 1.9417 2.43433 2
      vertex 1.9417 2.43433 16.2
    endloop
  endfacet
  facet normal 0.857763 0.514046 0
    outer loop
      vertex 1.9417 2.43433 2
      vertex 2.00224 2.33331 16.2
      vertex 2.00224 2.33331 2
    endloop
  endfacet
  facet normal 0.903962 0.427612 0
    outer loop
      vertex 1.9417 2.43433 16.2
      vertex 1.89134 2.54079 2
      vertex 1.89134 2.54079 16.2
    endloop
  endfacet
  facet normal 0.903962 0.427612 0
    outer loop
      vertex 1.89134 2.54079 2
      vertex 1.9417 2.43433 16.2
      vertex 1.9417 2.43433 2
    endloop
  endfacet
  facet normal 0.514046 0.857763 -0
    outer loop
      vertex 2.43433 1.9417 2
      vertex 2.33331 2.00224 16.2
      vertex 2.43433 1.9417 16.2
    endloop
  endfacet
  facet normal 0.514046 0.857763 0
    outer loop
      vertex 2.33331 2.00224 16.2
      vertex 2.43433 1.9417 2
      vertex 2.33331 2.00224 2
    endloop
  endfacet
  facet normal -0.989061 -0.147507 0
    outer loop
      vertex 38.8942 128.318 2
      vertex 38.8769 128.434 16.2
      vertex 38.8769 128.434 2
    endloop
  endfacet
  facet normal -0.989061 -0.147507 0
    outer loop
      vertex 38.8769 128.434 16.2
      vertex 38.8942 128.318 2
      vertex 38.8942 128.318 16.2
    endloop
  endfacet
  facet normal -0.998786 0.0492557 0
    outer loop
      vertex 38.8942 2.88239 2
      vertex 38.9 3 16.2
      vertex 38.9 3 2
    endloop
  endfacet
  facet normal -0.998786 0.0492557 0
    outer loop
      vertex 38.9 3 16.2
      vertex 38.8942 2.88239 2
      vertex 38.8942 2.88239 16.2
    endloop
  endfacet
  facet normal -0.903831 0.427889 0
    outer loop
      vertex 38.7583 2.43433 2
      vertex 38.8087 2.54079 16.2
      vertex 38.8087 2.54079 2
    endloop
  endfacet
  facet normal -0.903831 0.427889 0
    outer loop
      vertex 38.8087 2.54079 16.2
      vertex 38.7583 2.43433 2
      vertex 38.7583 2.43433 16.2
    endloop
  endfacet
  facet normal -0.941732 0.336363 0
    outer loop
      vertex 38.8087 2.54079 2
      vertex 38.8483 2.65166 16.2
      vertex 38.8483 2.65166 2
    endloop
  endfacet
  facet normal -0.941732 0.336363 0
    outer loop
      vertex 38.8483 2.65166 16.2
      vertex 38.8087 2.54079 2
      vertex 38.8087 2.54079 16.2
    endloop
  endfacet
  facet normal -0.803015 0.595958 0
    outer loop
      vertex 38.6276 2.23872 2
      vertex 38.6978 2.33331 16.2
      vertex 38.6978 2.33331 2
    endloop
  endfacet
  facet normal -0.803015 0.595958 0
    outer loop
      vertex 38.6978 2.33331 16.2
      vertex 38.6276 2.23872 2
      vertex 38.6276 2.23872 16.2
    endloop
  endfacet
  facet normal -0.671776 0.740754 0
    outer loop
      vertex 38.5485 2.15147 2
      vertex 38.4613 2.07239 16.2
      vertex 38.5485 2.15147 16.2
    endloop
  endfacet
  facet normal -0.671776 0.740754 0
    outer loop
      vertex 38.4613 2.07239 16.2
      vertex 38.5485 2.15147 2
      vertex 38.4613 2.07239 2
    endloop
  endfacet
  facet normal -0.33681 0.941573 0
    outer loop
      vertex 38.1592 1.89134 2
      vertex 38.0483 1.85167 16.2
      vertex 38.1592 1.89134 16.2
    endloop
  endfacet
  facet normal -0.33681 0.941573 0
    outer loop
      vertex 38.0483 1.85167 16.2
      vertex 38.1592 1.89134 2
      vertex 38.0483 1.85167 2
    endloop
  endfacet
  facet normal -0.427481 0.904025 0
    outer loop
      vertex 38.2657 1.9417 2
      vertex 38.1592 1.89134 16.2
      vertex 38.2657 1.9417 16.2
    endloop
  endfacet
  facet normal -0.427481 0.904025 0
    outer loop
      vertex 38.1592 1.89134 16.2
      vertex 38.2657 1.9417 2
      vertex 38.1592 1.89134 2
    endloop
  endfacet
  facet normal -0.246129 -0.969237 0
    outer loop
      vertex 37.9341 129.377 2
      vertex 38.0483 129.348 16.2
      vertex 37.9341 129.377 16.2
    endloop
  endfacet
  facet normal -0.246129 -0.969237 -0
    outer loop
      vertex 38.0483 129.348 16.2
      vertex 37.9341 129.377 2
      vertex 38.0483 129.348 2
    endloop
  endfacet
  facet normal -0.144394 -0.98952 0
    outer loop
      vertex 37.8176 129.394 2
      vertex 37.9341 129.377 16.2
      vertex 37.8176 129.394 16.2
    endloop
  endfacet
  facet normal -0.144394 -0.98952 -0
    outer loop
      vertex 37.9341 129.377 16.2
      vertex 37.8176 129.394 2
      vertex 37.9341 129.377 2
    endloop
  endfacet
  facet normal -0.431905 -0.901919 0
    outer loop
      vertex 38.1592 129.309 2
      vertex 38.2657 129.258 16.2
      vertex 38.1592 129.309 16.2
    endloop
  endfacet
  facet normal -0.431905 -0.901919 -0
    outer loop
      vertex 38.2657 129.258 16.2
      vertex 38.1592 129.309 2
      vertex 38.2657 129.258 2
    endloop
  endfacet
  facet normal -0.594821 -0.803858 0
    outer loop
      vertex 38.3667 129.198 2
      vertex 38.4613 129.128 16.2
      vertex 38.3667 129.198 16.2
    endloop
  endfacet
  facet normal -0.594821 -0.803858 -0
    outer loop
      vertex 38.4613 129.128 16.2
      vertex 38.3667 129.198 2
      vertex 38.4613 129.128 2
    endloop
  endfacet
  facet normal -0.671403 -0.741093 0
    outer loop
      vertex 38.4613 129.128 2
      vertex 38.5485 129.049 16.2
      vertex 38.4613 129.128 16.2
    endloop
  endfacet
  facet normal -0.671403 -0.741093 -0
    outer loop
      vertex 38.5485 129.049 16.2
      vertex 38.4613 129.128 2
      vertex 38.5485 129.049 2
    endloop
  endfacet
  facet normal -0.904665 -0.426123 0
    outer loop
      vertex 38.8087 128.659 2
      vertex 38.7583 128.766 16.2
      vertex 38.7583 128.766 2
    endloop
  endfacet
  facet normal -0.904665 -0.426123 0
    outer loop
      vertex 38.7583 128.766 16.2
      vertex 38.8087 128.659 2
      vertex 38.8087 128.659 16.2
    endloop
  endfacet
  facet normal -0.941857 -0.336014 0
    outer loop
      vertex 38.8483 128.548 2
      vertex 38.8087 128.659 16.2
      vertex 38.8087 128.659 2
    endloop
  endfacet
  facet normal -0.941857 -0.336014 0
    outer loop
      vertex 38.8087 128.659 16.2
      vertex 38.8483 128.548 2
      vertex 38.8483 128.548 16.2
    endloop
  endfacet
  facet normal 0.510661 -0.859782 0
    outer loop
      vertex 2.33331 129.198 2
      vertex 2.43433 129.258 16.2
      vertex 2.33331 129.198 16.2
    endloop
  endfacet
  facet normal 0.510661 -0.859782 0
    outer loop
      vertex 2.43433 129.258 16.2
      vertex 2.33331 129.198 2
      vertex 2.43433 129.258 2
    endloop
  endfacet
  facet normal 0.743798 -0.668404 0
    outer loop
      vertex 2.07239 128.961 16.2
      vertex 2.15147 129.049 2
      vertex 2.15147 129.049 16.2
    endloop
  endfacet
  facet normal 0.743798 -0.668404 0
    outer loop
      vertex 2.15147 129.049 2
      vertex 2.07239 128.961 16.2
      vertex 2.07239 128.961 2
    endloop
  endfacet
  facet normal 0.671191 -0.741284 0
    outer loop
      vertex 2.15147 129.049 2
      vertex 2.23872 129.128 16.2
      vertex 2.15147 129.049 16.2
    endloop
  endfacet
  facet normal 0.671191 -0.741284 0
    outer loop
      vertex 2.23872 129.128 16.2
      vertex 2.15147 129.049 2
      vertex 2.23872 129.128 2
    endloop
  endfacet
  facet normal 0.857718 -0.514121 0
    outer loop
      vertex 1.9417 128.766 16.2
      vertex 2.00224 128.867 2
      vertex 2.00224 128.867 16.2
    endloop
  endfacet
  facet normal 0.857718 -0.514121 0
    outer loop
      vertex 2.00224 128.867 2
      vertex 1.9417 128.766 16.2
      vertex 1.9417 128.766 2
    endloop
  endfacet
  facet normal 0.671565 0.740946 -0
    outer loop
      vertex 2.23872 2.07239 2
      vertex 2.15147 2.15147 16.2
      vertex 2.23872 2.07239 16.2
    endloop
  endfacet
  facet normal 0.671565 0.740946 0
    outer loop
      vertex 2.15147 2.15147 16.2
      vertex 2.23872 2.07239 2
      vertex 2.15147 2.15147 2
    endloop
  endfacet
  facet normal 0.803219 0.595684 0
    outer loop
      vertex 2.07239 2.23872 16.2
      vertex 2.00224 2.33331 2
      vertex 2.00224 2.33331 16.2
    endloop
  endfacet
  facet normal 0.803219 0.595684 0
    outer loop
      vertex 2.00224 2.33331 2
      vertex 2.07239 2.23872 16.2
      vertex 2.07239 2.23872 2
    endloop
  endfacet
  facet normal -0.989155 0.146875 0
    outer loop
      vertex 38.8769 2.76588 2
      vertex 38.8942 2.88239 16.2
      vertex 38.8942 2.88239 2
    endloop
  endfacet
  facet normal -0.989155 0.146875 0
    outer loop
      vertex 38.8942 2.88239 16.2
      vertex 38.8769 2.76588 2
      vertex 38.8769 2.76588 16.2
    endloop
  endfacet
  facet normal -0.857912 0.513796 0
    outer loop
      vertex 38.6978 2.33331 2
      vertex 38.7583 2.43433 16.2
      vertex 38.7583 2.43433 2
    endloop
  endfacet
  facet normal -0.857912 0.513796 0
    outer loop
      vertex 38.7583 2.43433 16.2
      vertex 38.6978 2.33331 2
      vertex 38.6978 2.33331 16.2
    endloop
  endfacet
  facet normal -0.595644 0.803249 0
    outer loop
      vertex 38.4613 2.07239 2
      vertex 38.3667 2.00224 16.2
      vertex 38.4613 2.07239 16.2
    endloop
  endfacet
  facet normal -0.595644 0.803249 0
    outer loop
      vertex 38.3667 2.00224 16.2
      vertex 38.4613 2.07239 2
      vertex 38.3667 2.00224 2
    endloop
  endfacet
  facet normal 0.246088 -0.969247 0
    outer loop
      vertex 2.65166 129.348 2
      vertex 2.76588 129.377 16.2
      vertex 2.65166 129.348 16.2
    endloop
  endfacet
  facet normal 0.246088 -0.969247 0
    outer loop
      vertex 2.76588 129.377 16.2
      vertex 2.65166 129.348 2
      vertex 2.76588 129.377 2
    endloop
  endfacet
  facet normal 0.144381 -0.989522 0
    outer loop
      vertex 2.76588 129.377 2
      vertex 2.88239 129.394 16.2
      vertex 2.76588 129.377 16.2
    endloop
  endfacet
  facet normal 0.144381 -0.989522 0
    outer loop
      vertex 2.88239 129.394 16.2
      vertex 2.76588 129.377 2
      vertex 2.88239 129.394 2
    endloop
  endfacet
  facet normal 0.998795 0.0490716 0
    outer loop
      vertex 8.05 52.6 16.2
      vertex 8.037 52.8646 5.6
      vertex 8.037 52.8646 16.2
    endloop
  endfacet
  facet normal 0.998795 0.0490716 0
    outer loop
      vertex 8.037 52.8646 5.6
      vertex 8.05 52.6 16.2
      vertex 8.05 52.6 5.6
    endloop
  endfacet
  facet normal -0.998795 0.0490716 0
    outer loop
      vertex 2.65 52.6 5.6
      vertex 2.663 52.8646 16.2
      vertex 2.663 52.8646 5.6
    endloop
  endfacet
  facet normal -0.998795 0.0490716 0
    outer loop
      vertex 2.663 52.8646 16.2
      vertex 2.65 52.6 5.6
      vertex 2.65 52.6 16.2
    endloop
  endfacet
  facet normal -0.0490623 0.998796 0
    outer loop
      vertex 5.35 55.3 5.6
      vertex 5.08535 55.287 16.2
      vertex 5.35 55.3 16.2
    endloop
  endfacet
  facet normal -0.0490623 0.998796 0
    outer loop
      vertex 5.08535 55.287 16.2
      vertex 5.35 55.3 5.6
      vertex 5.08535 55.287 5.6
    endloop
  endfacet
  facet normal -0.0490623 -0.998796 0
    outer loop
      vertex 5.08535 49.913 5.6
      vertex 5.35 49.9 16.2
      vertex 5.08535 49.913 16.2
    endloop
  endfacet
  facet normal -0.0490623 -0.998796 -0
    outer loop
      vertex 5.35 49.9 16.2
      vertex 5.08535 49.913 5.6
      vertex 5.35 49.9 5.6
    endloop
  endfacet
  facet normal 0.67147 0.741032 -0
    outer loop
      vertex 7.25919 54.5092 5.6
      vertex 7.06286 54.6871 16.2
      vertex 7.25919 54.5092 16.2
    endloop
  endfacet
  facet normal 0.67147 0.741032 0
    outer loop
      vertex 7.06286 54.6871 16.2
      vertex 7.25919 54.5092 5.6
      vertex 7.06286 54.6871 5.6
    endloop
  endfacet
  facet normal -0.67147 0.741032 0
    outer loop
      vertex 3.63714 54.6871 5.6
      vertex 3.44081 54.5092 16.2
      vertex 3.63714 54.6871 16.2
    endloop
  endfacet
  facet normal -0.67147 0.741032 0
    outer loop
      vertex 3.44081 54.5092 16.2
      vertex 3.63714 54.6871 5.6
      vertex 3.44081 54.5092 5.6
    endloop
  endfacet
  facet normal -0.427603 0.903967 0
    outer loop
      vertex 4.31675 55.0945 5.6
      vertex 4.07723 54.9812 16.2
      vertex 4.31675 55.0945 16.2
    endloop
  endfacet
  facet normal -0.427603 0.903967 0
    outer loop
      vertex 4.07723 54.9812 16.2
      vertex 4.31675 55.0945 5.6
      vertex 4.07723 54.9812 5.6
    endloop
  endfacet
  facet normal 0.904051 0.427424 0
    outer loop
      vertex 7.84447 53.6332 16.2
      vertex 7.73119 53.8728 5.6
      vertex 7.73119 53.8728 16.2
    endloop
  endfacet
  facet normal 0.904051 0.427424 0
    outer loop
      vertex 7.73119 53.8728 5.6
      vertex 7.84447 53.6332 16.2
      vertex 7.84447 53.6332 5.6
    endloop
  endfacet
  facet normal 0.336683 0.941618 -0
    outer loop
      vertex 6.38324 55.0945 5.6
      vertex 6.13377 55.1837 16.2
      vertex 6.38324 55.0945 16.2
    endloop
  endfacet
  facet normal 0.336683 0.941618 0
    outer loop
      vertex 6.13377 55.1837 16.2
      vertex 6.38324 55.0945 5.6
      vertex 6.13377 55.1837 5.6
    endloop
  endfacet
  facet normal 0.514046 0.857763 -0
    outer loop
      vertex 6.85004 54.845 5.6
      vertex 6.62277 54.9812 16.2
      vertex 6.85004 54.845 16.2
    endloop
  endfacet
  facet normal 0.514046 0.857763 0
    outer loop
      vertex 6.62277 54.9812 16.2
      vertex 6.85004 54.845 5.6
      vertex 6.62277 54.9812 5.6
    endloop
  endfacet
  facet normal -0.904051 0.427424 0
    outer loop
      vertex 2.85553 53.6332 5.6
      vertex 2.96881 53.8728 16.2
      vertex 2.96881 53.8728 5.6
    endloop
  endfacet
  facet normal -0.904051 0.427424 0
    outer loop
      vertex 2.96881 53.8728 16.2
      vertex 2.85553 53.6332 5.6
      vertex 2.85553 53.6332 16.2
    endloop
  endfacet
  facet normal -0.243042 0.970016 0
    outer loop
      vertex 4.82326 55.2481 5.6
      vertex 4.56623 55.1837 16.2
      vertex 4.82326 55.2481 16.2
    endloop
  endfacet
  facet normal -0.243042 0.970016 0
    outer loop
      vertex 4.56623 55.1837 16.2
      vertex 4.82326 55.2481 5.6
      vertex 4.56623 55.1837 5.6
    endloop
  endfacet
  facet normal 0.941504 -0.337001 0
    outer loop
      vertex 7.84447 51.5668 16.2
      vertex 7.93374 51.8162 5.6
      vertex 7.93374 51.8162 16.2
    endloop
  endfacet
  facet normal 0.941504 -0.337001 0
    outer loop
      vertex 7.93374 51.8162 5.6
      vertex 7.84447 51.5668 16.2
      vertex 7.84447 51.5668 5.6
    endloop
  endfacet
  facet normal 0.970049 -0.242908 0
    outer loop
      vertex 7.93374 51.8162 16.2
      vertex 7.99812 52.0733 5.6
      vertex 7.99812 52.0733 16.2
    endloop
  endfacet
  facet normal 0.970049 -0.242908 0
    outer loop
      vertex 7.99812 52.0733 5.6
      vertex 7.93374 51.8162 16.2
      vertex 7.93374 51.8162 5.6
    endloop
  endfacet
  facet normal 0 0 -1
    outer loop
      vertex 6.45 52.6 5.6
      vertex 8.05 52.6 5.6
      vertex 8.037 52.3354 5.6
    endloop
  endfacet
  facet normal 0 0 -1
    outer loop
      vertex 6.4447 52.4922 5.6
      vertex 8.037 52.3354 5.6
      vertex 7.99812 52.0733 5.6
    endloop
  endfacet
  facet normal 0 0 -1
    outer loop
      vertex 8.05 52.6 5.6
      vertex 6.45 52.6 5.6
      vertex 8.037 52.8646 5.6
    endloop
  endfacet
  facet normal 0 0 -1
    outer loop
      vertex 6.42886 52.3854 5.6
      vertex 7.99812 52.0733 5.6
      vertex 7.93374 51.8162 5.6
    endloop
  endfacet
  facet normal 0 0 -1
    outer loop
      vertex 6.4447 52.7078 5.6
      vertex 8.037 52.8646 5.6
      vertex 6.45 52.6 5.6
    endloop
  endfacet
  facet normal 0 0 -1
    outer loop
      vertex 6.40263 52.2807 5.6
      vertex 7.93374 51.8162 5.6
      vertex 7.84447 51.5668 5.6
    endloop
  endfacet
  facet normal -0 0 -1
    outer loop
      vertex 8.037 52.8646 5.6
      vertex 6.4447 52.7078 5.6
      vertex 7.99812 53.1267 5.6
    endloop
  endfacet
  facet normal 0 0 -1
    outer loop
      vertex 6.36627 52.1791 5.6
      vertex 7.84447 51.5668 5.6
      vertex 7.73119 51.3272 5.6
    endloop
  endfacet
  facet normal 0 0 -1
    outer loop
      vertex 6.42886 52.8146 5.6
      vertex 7.99812 53.1267 5.6
      vertex 6.4447 52.7078 5.6
    endloop
  endfacet
  facet normal 0 0 -1
    outer loop
      vertex 6.32011 52.0815 5.6
      vertex 7.73119 51.3272 5.6
      vertex 7.59497 51.1 5.6
    endloop
  endfacet
  facet normal -0 0 -1
    outer loop
      vertex 7.99812 53.1267 5.6
      vertex 6.42886 52.8146 5.6
      vertex 7.93374 53.3838 5.6
    endloop
  endfacet
  facet normal 0 0 -1
    outer loop
      vertex 6.26462 51.9889 5.6
      vertex 7.59497 51.1 5.6
      vertex 7.43713 50.8871 5.6
    endloop
  endfacet
  facet normal 0 0 -1
    outer loop
      vertex 6.40263 52.9193 5.6
      vertex 7.93374 53.3838 5.6
      vertex 6.42886 52.8146 5.6
    endloop
  endfacet
  facet normal 0 0 -1
    outer loop
      vertex 6.20031 51.9022 5.6
      vertex 7.43713 50.8871 5.6
      vertex 7.25919 50.6908 5.6
    endloop
  endfacet
  facet normal -0 0 -1
    outer loop
      vertex 7.93374 53.3838 5.6
      vertex 6.40263 52.9193 5.6
      vertex 7.84447 53.6332 5.6
    endloop
  endfacet
  facet normal 0 0 -1
    outer loop
      vertex 6.12782 51.8222 5.6
      vertex 7.25919 50.6908 5.6
      vertex 7.06286 50.5129 5.6
    endloop
  endfacet
  facet normal 0 0 -1
    outer loop
      vertex 6.36627 53.021 5.6
      vertex 7.84447 53.6332 5.6
      vertex 6.40263 52.9193 5.6
    endloop
  endfacet
  facet normal 0 0 -1
    outer loop
      vertex 6.04783 51.7497 5.6
      vertex 7.06286 50.5129 5.6
      vertex 6.85004 50.355 5.6
    endloop
  endfacet
  facet normal -0 0 -1
    outer loop
      vertex 7.84447 53.6332 5.6
      vertex 6.36627 53.021 5.6
      vertex 7.73119 53.8728 5.6
    endloop
  endfacet
  facet normal 0 0 -1
    outer loop
      vertex 5.96113 51.6854 5.6
      vertex 6.85004 50.355 5.6
      vertex 6.62277 50.2188 5.6
    endloop
  endfacet
  facet normal 0 0 -1
    outer loop
      vertex 6.32011 53.1185 5.6
      vertex 7.73119 53.8728 5.6
      vertex 6.36627 53.021 5.6
    endloop
  endfacet
  facet normal -0 0 -1
    outer loop
      vertex 7.73119 53.8728 5.6
      vertex 6.32011 53.1185 5.6
      vertex 7.59497 54.1 5.6
    endloop
  endfacet
  facet normal 0 0 -1
    outer loop
      vertex 8.037 52.3354 5.6
      vertex 6.4447 52.4922 5.6
      vertex 6.45 52.6 5.6
    endloop
  endfacet
  facet normal 0 0 -1
    outer loop
      vertex 7.99812 52.0733 5.6
      vertex 6.42886 52.3854 5.6
      vertex 6.4447 52.4922 5.6
    endloop
  endfacet
  facet normal 0 0 -1
    outer loop
      vertex 7.93374 51.8162 5.6
      vertex 6.40263 52.2807 5.6
      vertex 6.42886 52.3854 5.6
    endloop
  endfacet
  facet normal 0 0 -1
    outer loop
      vertex 5.86854 51.6299 5.6
      vertex 6.62277 50.2188 5.6
      vertex 6.38324 50.1055 5.6
    endloop
  endfacet
  facet normal 0 0 -1
    outer loop
      vertex 7.84447 51.5668 5.6
      vertex 6.36627 52.1791 5.6
      vertex 6.40263 52.2807 5.6
    endloop
  endfacet
  facet normal 0 0 -1
    outer loop
      vertex 7.73119 51.3272 5.6
      vertex 6.32011 52.0815 5.6
      vertex 6.36627 52.1791 5.6
    endloop
  endfacet
  facet normal 0 0 -1
    outer loop
      vertex 7.59497 51.1 5.6
      vertex 6.26462 51.9889 5.6
      vertex 6.32011 52.0815 5.6
    endloop
  endfacet
  facet normal 0 0 -1
    outer loop
      vertex 7.43713 50.8871 5.6
      vertex 6.20031 51.9022 5.6
      vertex 6.26462 51.9889 5.6
    endloop
  endfacet
  facet normal 0 0 -1
    outer loop
      vertex 5.77095 51.5837 5.6
      vertex 6.38324 50.1055 5.6
      vertex 6.13377 50.0163 5.6
    endloop
  endfacet
  facet normal 0 0 -1
    outer loop
      vertex 7.25919 50.6908 5.6
      vertex 6.12782 51.8222 5.6
      vertex 6.20031 51.9022 5.6
    endloop
  endfacet
  facet normal 0 0 -1
    outer loop
      vertex 7.06286 50.5129 5.6
      vertex 6.04783 51.7497 5.6
      vertex 6.12782 51.8222 5.6
    endloop
  endfacet
  facet normal 0 0 -1
    outer loop
      vertex 6.85004 50.355 5.6
      vertex 5.96113 51.6854 5.6
      vertex 6.04783 51.7497 5.6
    endloop
  endfacet
  facet normal 0 0 -1
    outer loop
      vertex 5.66931 51.5474 5.6
      vertex 6.13377 50.0163 5.6
      vertex 5.87674 49.9519 5.6
    endloop
  endfacet
  facet normal 0 0 -1
    outer loop
      vertex 6.62277 50.2188 5.6
      vertex 5.86854 51.6299 5.6
      vertex 5.96113 51.6854 5.6
    endloop
  endfacet
  facet normal 0 0 -1
    outer loop
      vertex 6.38324 50.1055 5.6
      vertex 5.77095 51.5837 5.6
      vertex 5.86854 51.6299 5.6
    endloop
  endfacet
  facet normal 0 0 -1
    outer loop
      vertex 6.13377 50.0163 5.6
      vertex 5.66931 51.5474 5.6
      vertex 5.77095 51.5837 5.6
    endloop
  endfacet
  facet normal 0 0 -1
    outer loop
      vertex 5.5646 51.5211 5.6
      vertex 5.87674 49.9519 5.6
      vertex 5.61465 49.913 5.6
    endloop
  endfacet
  facet normal 0 0 -1
    outer loop
      vertex 5.87674 49.9519 5.6
      vertex 5.5646 51.5211 5.6
      vertex 5.66931 51.5474 5.6
    endloop
  endfacet
  facet normal 0 0 -1
    outer loop
      vertex 5.61465 49.913 5.6
      vertex 5.45782 51.5053 5.6
      vertex 5.5646 51.5211 5.6
    endloop
  endfacet
  facet normal 0 0 -1
    outer loop
      vertex 5.61465 49.913 5.6
      vertex 5.35 51.5 5.6
      vertex 5.45782 51.5053 5.6
    endloop
  endfacet
  facet normal 0 0 -1
    outer loop
      vertex 5.35 49.9 5.6
      vertex 5.35 51.5 5.6
      vertex 5.61465 49.913 5.6
    endloop
  endfacet
  facet normal 0 0 -1
    outer loop
      vertex 5.35 49.9 5.6
      vertex 5.24218 51.5053 5.6
      vertex 5.35 51.5 5.6
    endloop
  endfacet
  facet normal 0 0 -1
    outer loop
      vertex 5.08535 49.913 5.6
      vertex 5.24218 51.5053 5.6
      vertex 5.35 49.9 5.6
    endloop
  endfacet
  facet normal -0 0 -1
    outer loop
      vertex 5.24218 51.5053 5.6
      vertex 5.08535 49.913 5.6
      vertex 5.1354 51.5211 5.6
    endloop
  endfacet
  facet normal 0 0 -1
    outer loop
      vertex 4.82326 49.9519 5.6
      vertex 5.1354 51.5211 5.6
      vertex 5.08535 49.913 5.6
    endloop
  endfacet
  facet normal -0 0 -1
    outer loop
      vertex 5.1354 51.5211 5.6
      vertex 4.82326 49.9519 5.6
      vertex 5.03069 51.5474 5.6
    endloop
  endfacet
  facet normal 0 0 -1
    outer loop
      vertex 4.56623 50.0163 5.6
      vertex 5.03069 51.5474 5.6
      vertex 4.82326 49.9519 5.6
    endloop
  endfacet
  facet normal -0 0 -1
    outer loop
      vertex 5.03069 51.5474 5.6
      vertex 4.56623 50.0163 5.6
      vertex 4.92905 51.5837 5.6
    endloop
  endfacet
  facet normal 0 0 -1
    outer loop
      vertex 4.31675 50.1055 5.6
      vertex 4.92905 51.5837 5.6
      vertex 4.56623 50.0163 5.6
    endloop
  endfacet
  facet normal -0 0 -1
    outer loop
      vertex 4.92905 51.5837 5.6
      vertex 4.31675 50.1055 5.6
      vertex 4.83146 51.6299 5.6
    endloop
  endfacet
  facet normal 0 0 -1
    outer loop
      vertex 4.07723 50.2188 5.6
      vertex 4.83146 51.6299 5.6
      vertex 4.31675 50.1055 5.6
    endloop
  endfacet
  facet normal -0 0 -1
    outer loop
      vertex 4.83146 51.6299 5.6
      vertex 4.07723 50.2188 5.6
      vertex 4.73887 51.6854 5.6
    endloop
  endfacet
  facet normal 0 0 -1
    outer loop
      vertex 3.84996 50.355 5.6
      vertex 4.73887 51.6854 5.6
      vertex 4.07723 50.2188 5.6
    endloop
  endfacet
  facet normal -0 0 -1
    outer loop
      vertex 4.73887 51.6854 5.6
      vertex 3.84996 50.355 5.6
      vertex 4.65217 51.7497 5.6
    endloop
  endfacet
  facet normal 0 0 -1
    outer loop
      vertex 3.63714 50.5129 5.6
      vertex 4.65217 51.7497 5.6
      vertex 3.84996 50.355 5.6
    endloop
  endfacet
  facet normal -0 0 -1
    outer loop
      vertex 4.65217 51.7497 5.6
      vertex 3.63714 50.5129 5.6
      vertex 4.57218 51.8222 5.6
    endloop
  endfacet
  facet normal 0 0 -1
    outer loop
      vertex 3.44081 50.6908 5.6
      vertex 4.57218 51.8222 5.6
      vertex 3.63714 50.5129 5.6
    endloop
  endfacet
  facet normal -0 0 -1
    outer loop
      vertex 4.57218 51.8222 5.6
      vertex 3.44081 50.6908 5.6
      vertex 4.49969 51.9022 5.6
    endloop
  endfacet
  facet normal 0 0 -1
    outer loop
      vertex 3.26287 50.8871 5.6
      vertex 4.49969 51.9022 5.6
      vertex 3.44081 50.6908 5.6
    endloop
  endfacet
  facet normal -0 0 -1
    outer loop
      vertex 4.49969 51.9022 5.6
      vertex 3.26287 50.8871 5.6
      vertex 4.43538 51.9889 5.6
    endloop
  endfacet
  facet normal 0 0 -1
    outer loop
      vertex 3.10503 51.1 5.6
      vertex 4.43538 51.9889 5.6
      vertex 3.26287 50.8871 5.6
    endloop
  endfacet
  facet normal -0 0 -1
    outer loop
      vertex 4.43538 51.9889 5.6
      vertex 3.10503 51.1 5.6
      vertex 4.37989 52.0815 5.6
    endloop
  endfacet
  facet normal 0 0 -1
    outer loop
      vertex 6.26462 53.2111 5.6
      vertex 7.59497 54.1 5.6
      vertex 6.32011 53.1185 5.6
    endloop
  endfacet
  facet normal -0 0 -1
    outer loop
      vertex 7.59497 54.1 5.6
      vertex 6.26462 53.2111 5.6
      vertex 7.43713 54.3129 5.6
    endloop
  endfacet
  facet normal 0 0 -1
    outer loop
      vertex 6.20031 53.2978 5.6
      vertex 7.43713 54.3129 5.6
      vertex 6.26462 53.2111 5.6
    endloop
  endfacet
  facet normal -0 0 -1
    outer loop
      vertex 7.43713 54.3129 5.6
      vertex 6.20031 53.2978 5.6
      vertex 7.25919 54.5092 5.6
    endloop
  endfacet
  facet normal 0 0 -1
    outer loop
      vertex 6.12782 53.3778 5.6
      vertex 7.25919 54.5092 5.6
      vertex 6.20031 53.2978 5.6
    endloop
  endfacet
  facet normal -0 0 -1
    outer loop
      vertex 7.25919 54.5092 5.6
      vertex 6.12782 53.3778 5.6
      vertex 7.06286 54.6871 5.6
    endloop
  endfacet
  facet normal 0 0 -1
    outer loop
      vertex 6.04783 53.4503 5.6
      vertex 7.06286 54.6871 5.6
      vertex 6.12782 53.3778 5.6
    endloop
  endfacet
  facet normal -0 0 -1
    outer loop
      vertex 7.06286 54.6871 5.6
      vertex 6.04783 53.4503 5.6
      vertex 6.85004 54.845 5.6
    endloop
  endfacet
  facet normal 0 0 -1
    outer loop
      vertex 5.96113 53.5146 5.6
      vertex 6.85004 54.845 5.6
      vertex 6.04783 53.4503 5.6
    endloop
  endfacet
  facet normal -0 0 -1
    outer loop
      vertex 6.85004 54.845 5.6
      vertex 5.96113 53.5146 5.6
      vertex 6.62277 54.9812 5.6
    endloop
  endfacet
  facet normal 0 0 -1
    outer loop
      vertex 5.86854 53.5701 5.6
      vertex 6.62277 54.9812 5.6
      vertex 5.96113 53.5146 5.6
    endloop
  endfacet
  facet normal -0 0 -1
    outer loop
      vertex 6.62277 54.9812 5.6
      vertex 5.86854 53.5701 5.6
      vertex 6.38324 55.0945 5.6
    endloop
  endfacet
  facet normal 0 0 -1
    outer loop
      vertex 5.77095 53.6163 5.6
      vertex 6.38324 55.0945 5.6
      vertex 5.86854 53.5701 5.6
    endloop
  endfacet
  facet normal -0 0 -1
    outer loop
      vertex 6.38324 55.0945 5.6
      vertex 5.77095 53.6163 5.6
      vertex 6.13377 55.1837 5.6
    endloop
  endfacet
  facet normal 0 0 -1
    outer loop
      vertex 5.66931 53.6526 5.6
      vertex 6.13377 55.1837 5.6
      vertex 5.77095 53.6163 5.6
    endloop
  endfacet
  facet normal -0 0 -1
    outer loop
      vertex 6.13377 55.1837 5.6
      vertex 5.66931 53.6526 5.6
      vertex 5.87674 55.2481 5.6
    endloop
  endfacet
  facet normal 0 0 -1
    outer loop
      vertex 5.5646 53.6789 5.6
      vertex 5.87674 55.2481 5.6
      vertex 5.66931 53.6526 5.6
    endloop
  endfacet
  facet normal -0 0 -1
    outer loop
      vertex 5.87674 55.2481 5.6
      vertex 5.5646 53.6789 5.6
      vertex 5.61465 55.287 5.6
    endloop
  endfacet
  facet normal 0 0 -1
    outer loop
      vertex 5.45782 53.6947 5.6
      vertex 5.61465 55.287 5.6
      vertex 5.5646 53.6789 5.6
    endloop
  endfacet
  facet normal 0 0 -1
    outer loop
      vertex 5.35 53.7 5.6
      vertex 5.61465 55.287 5.6
      vertex 5.45782 53.6947 5.6
    endloop
  endfacet
  facet normal 0 0 -1
    outer loop
      vertex 5.35 53.7 5.6
      vertex 5.35 55.3 5.6
      vertex 5.61465 55.287 5.6
    endloop
  endfacet
  facet normal 0 0 -1
    outer loop
      vertex 5.24218 53.6947 5.6
      vertex 5.35 55.3 5.6
      vertex 5.35 53.7 5.6
    endloop
  endfacet
  facet normal 0 0 -1
    outer loop
      vertex 5.08535 55.287 5.6
      vertex 5.24218 53.6947 5.6
      vertex 5.1354 53.6789 5.6
    endloop
  endfacet
  facet normal 0 0 -1
    outer loop
      vertex 5.24218 53.6947 5.6
      vertex 5.08535 55.287 5.6
      vertex 5.35 55.3 5.6
    endloop
  endfacet
  facet normal 0 0 -1
    outer loop
      vertex 4.82326 55.2481 5.6
      vertex 5.1354 53.6789 5.6
      vertex 5.03069 53.6526 5.6
    endloop
  endfacet
  facet normal 0 0 -1
    outer loop
      vertex 4.56623 55.1837 5.6
      vertex 5.03069 53.6526 5.6
      vertex 4.92905 53.6163 5.6
    endloop
  endfacet
  facet normal 0 0 -1
    outer loop
      vertex 4.31675 55.0945 5.6
      vertex 4.92905 53.6163 5.6
      vertex 4.83146 53.5701 5.6
    endloop
  endfacet
  facet normal 0 0 -1
    outer loop
      vertex 5.1354 53.6789 5.6
      vertex 4.82326 55.2481 5.6
      vertex 5.08535 55.287 5.6
    endloop
  endfacet
  facet normal 0 0 -1
    outer loop
      vertex 4.07723 54.9812 5.6
      vertex 4.83146 53.5701 5.6
      vertex 4.73887 53.5146 5.6
    endloop
  endfacet
  facet normal 0 0 -1
    outer loop
      vertex 3.84996 54.845 5.6
      vertex 4.73887 53.5146 5.6
      vertex 4.65217 53.4503 5.6
    endloop
  endfacet
  facet normal 0 0 -1
    outer loop
      vertex 3.63714 54.6871 5.6
      vertex 4.65217 53.4503 5.6
      vertex 4.57218 53.3778 5.6
    endloop
  endfacet
  facet normal 0 0 -1
    outer loop
      vertex 5.03069 53.6526 5.6
      vertex 4.56623 55.1837 5.6
      vertex 4.82326 55.2481 5.6
    endloop
  endfacet
  facet normal 0 0 -1
    outer loop
      vertex 3.44081 54.5092 5.6
      vertex 4.57218 53.3778 5.6
      vertex 4.49969 53.2978 5.6
    endloop
  endfacet
  facet normal 0 0 -1
    outer loop
      vertex 3.26287 54.3129 5.6
      vertex 4.49969 53.2978 5.6
      vertex 4.43538 53.2111 5.6
    endloop
  endfacet
  facet normal 0 0 -1
    outer loop
      vertex 3.10503 54.1 5.6
      vertex 4.43538 53.2111 5.6
      vertex 4.37989 53.1185 5.6
    endloop
  endfacet
  facet normal 0 0 -1
    outer loop
      vertex 2.96881 53.8728 5.6
      vertex 4.37989 53.1185 5.6
      vertex 4.33373 53.021 5.6
    endloop
  endfacet
  facet normal 0 0 -1
    outer loop
      vertex 4.92905 53.6163 5.6
      vertex 4.31675 55.0945 5.6
      vertex 4.56623 55.1837 5.6
    endloop
  endfacet
  facet normal 0 0 -1
    outer loop
      vertex 2.85553 53.6332 5.6
      vertex 4.33373 53.021 5.6
      vertex 4.29737 52.9193 5.6
    endloop
  endfacet
  facet normal 0 0 -1
    outer loop
      vertex 2.76626 53.3838 5.6
      vertex 4.29737 52.9193 5.6
      vertex 4.27114 52.8146 5.6
    endloop
  endfacet
  facet normal 0 0 -1
    outer loop
      vertex 2.70188 53.1267 5.6
      vertex 4.27114 52.8146 5.6
      vertex 4.2553 52.7078 5.6
    endloop
  endfacet
  facet normal 0 0 -1
    outer loop
      vertex 2.663 52.8646 5.6
      vertex 4.2553 52.7078 5.6
      vertex 4.25 52.6 5.6
    endloop
  endfacet
  facet normal 0 0 -1
    outer loop
      vertex 2.96881 51.3272 5.6
      vertex 4.37989 52.0815 5.6
      vertex 3.10503 51.1 5.6
    endloop
  endfacet
  facet normal 0 0 -1
    outer loop
      vertex 4.83146 53.5701 5.6
      vertex 4.07723 54.9812 5.6
      vertex 4.31675 55.0945 5.6
    endloop
  endfacet
  facet normal -0 0 -1
    outer loop
      vertex 4.37989 52.0815 5.6
      vertex 2.96881 51.3272 5.6
      vertex 4.33373 52.1791 5.6
    endloop
  endfacet
  facet normal 0 0 -1
    outer loop
      vertex 4.73887 53.5146 5.6
      vertex 3.84996 54.845 5.6
      vertex 4.07723 54.9812 5.6
    endloop
  endfacet
  facet normal 0 0 -1
    outer loop
      vertex 2.85553 51.5668 5.6
      vertex 4.33373 52.1791 5.6
      vertex 2.96881 51.3272 5.6
    endloop
  endfacet
  facet normal 0 0 -1
    outer loop
      vertex 4.65217 53.4503 5.6
      vertex 3.63714 54.6871 5.6
      vertex 3.84996 54.845 5.6
    endloop
  endfacet
  facet normal -0 0 -1
    outer loop
      vertex 4.33373 52.1791 5.6
      vertex 2.85553 51.5668 5.6
      vertex 4.29737 52.2807 5.6
    endloop
  endfacet
  facet normal 0 0 -1
    outer loop
      vertex 4.57218 53.3778 5.6
      vertex 3.44081 54.5092 5.6
      vertex 3.63714 54.6871 5.6
    endloop
  endfacet
  facet normal 0 0 -1
    outer loop
      vertex 2.76626 51.8162 5.6
      vertex 4.29737 52.2807 5.6
      vertex 2.85553 51.5668 5.6
    endloop
  endfacet
  facet normal 0 0 -1
    outer loop
      vertex 4.49969 53.2978 5.6
      vertex 3.26287 54.3129 5.6
      vertex 3.44081 54.5092 5.6
    endloop
  endfacet
  facet normal -0 0 -1
    outer loop
      vertex 4.29737 52.2807 5.6
      vertex 2.76626 51.8162 5.6
      vertex 4.27114 52.3854 5.6
    endloop
  endfacet
  facet normal 0 0 -1
    outer loop
      vertex 4.43538 53.2111 5.6
      vertex 3.10503 54.1 5.6
      vertex 3.26287 54.3129 5.6
    endloop
  endfacet
  facet normal 0 0 -1
    outer loop
      vertex 2.70188 52.0733 5.6
      vertex 4.27114 52.3854 5.6
      vertex 2.76626 51.8162 5.6
    endloop
  endfacet
  facet normal 0 0 -1
    outer loop
      vertex 4.37989 53.1185 5.6
      vertex 2.96881 53.8728 5.6
      vertex 3.10503 54.1 5.6
    endloop
  endfacet
  facet normal -0 0 -1
    outer loop
      vertex 4.27114 52.3854 5.6
      vertex 2.70188 52.0733 5.6
      vertex 4.2553 52.4922 5.6
    endloop
  endfacet
  facet normal 0 0 -1
    outer loop
      vertex 4.33373 53.021 5.6
      vertex 2.85553 53.6332 5.6
      vertex 2.96881 53.8728 5.6
    endloop
  endfacet
  facet normal 0 0 -1
    outer loop
      vertex 2.663 52.3354 5.6
      vertex 4.2553 52.4922 5.6
      vertex 2.70188 52.0733 5.6
    endloop
  endfacet
  facet normal 0 0 -1
    outer loop
      vertex 4.29737 52.9193 5.6
      vertex 2.76626 53.3838 5.6
      vertex 2.85553 53.6332 5.6
    endloop
  endfacet
  facet normal -0 0 -1
    outer loop
      vertex 4.2553 52.4922 5.6
      vertex 2.663 52.3354 5.6
      vertex 4.25 52.6 5.6
    endloop
  endfacet
  facet normal 0 0 -1
    outer loop
      vertex 4.27114 52.8146 5.6
      vertex 2.70188 53.1267 5.6
      vertex 2.76626 53.3838 5.6
    endloop
  endfacet
  facet normal 0 0 -1
    outer loop
      vertex 2.65 52.6 5.6
      vertex 4.25 52.6 5.6
      vertex 2.663 52.3354 5.6
    endloop
  endfacet
  facet normal 0 0 -1
    outer loop
      vertex 4.2553 52.7078 5.6
      vertex 2.663 52.8646 5.6
      vertex 2.70188 53.1267 5.6
    endloop
  endfacet
  facet normal 0 0 -1
    outer loop
      vertex 4.25 52.6 5.6
      vertex 2.65 52.6 5.6
      vertex 2.663 52.8646 5.6
    endloop
  endfacet
  facet normal 0.970049 0.242908 0
    outer loop
      vertex 7.99812 53.1267 16.2
      vertex 7.93374 53.3838 5.6
      vertex 7.93374 53.3838 16.2
    endloop
  endfacet
  facet normal 0.970049 0.242908 0
    outer loop
      vertex 7.93374 53.3838 5.6
      vertex 7.99812 53.1267 16.2
      vertex 7.99812 53.1267 5.6
    endloop
  endfacet
  facet normal 0.989176 0.146735 0
    outer loop
      vertex 8.037 52.8646 16.2
      vertex 7.99812 53.1267 5.6
      vertex 7.99812 53.1267 16.2
    endloop
  endfacet
  facet normal 0.989176 0.146735 0
    outer loop
      vertex 7.99812 53.1267 5.6
      vertex 8.037 52.8646 16.2
      vertex 8.037 52.8646 5.6
    endloop
  endfacet
  facet normal 0.941504 0.337001 0
    outer loop
      vertex 7.93374 53.3838 16.2
      vertex 7.84447 53.6332 5.6
      vertex 7.84447 53.6332 16.2
    endloop
  endfacet
  facet normal 0.941504 0.337001 0
    outer loop
      vertex 7.84447 53.6332 5.6
      vertex 7.93374 53.3838 16.2
      vertex 7.93374 53.3838 5.6
    endloop
  endfacet
  facet normal 0.803311 0.59556 0
    outer loop
      vertex 7.59497 54.1 16.2
      vertex 7.43713 54.3129 5.6
      vertex 7.43713 54.3129 16.2
    endloop
  endfacet
  facet normal 0.803311 0.59556 0
    outer loop
      vertex 7.43713 54.3129 5.6
      vertex 7.59497 54.1 16.2
      vertex 7.59497 54.1 5.6
    endloop
  endfacet
  facet normal 0.740906 0.671609 0
    outer loop
      vertex 7.43713 54.3129 16.2
      vertex 7.25919 54.5092 5.6
      vertex 7.25919 54.5092 16.2
    endloop
  endfacet
  facet normal 0.740906 0.671609 0
    outer loop
      vertex 7.25919 54.5092 5.6
      vertex 7.43713 54.3129 16.2
      vertex 7.43713 54.3129 5.6
    endloop
  endfacet
  facet normal 0.857659 0.514218 0
    outer loop
      vertex 7.73119 53.8728 16.2
      vertex 7.59497 54.1 5.6
      vertex 7.59497 54.1 16.2
    endloop
  endfacet
  facet normal 0.857659 0.514218 0
    outer loop
      vertex 7.59497 54.1 5.6
      vertex 7.73119 53.8728 16.2
      vertex 7.73119 53.8728 5.6
    endloop
  endfacet
  facet normal 0.146814 0.989164 -0
    outer loop
      vertex 5.87674 55.2481 5.6
      vertex 5.61465 55.287 16.2
      vertex 5.87674 55.2481 16.2
    endloop
  endfacet
  facet normal 0.146814 0.989164 0
    outer loop
      vertex 5.61465 55.287 16.2
      vertex 5.87674 55.2481 5.6
      vertex 5.61465 55.287 5.6
    endloop
  endfacet
  facet normal 0.243042 0.970016 -0
    outer loop
      vertex 6.13377 55.1837 5.6
      vertex 5.87674 55.2481 16.2
      vertex 6.13377 55.1837 16.2
    endloop
  endfacet
  facet normal 0.243042 0.970016 0
    outer loop
      vertex 5.87674 55.2481 16.2
      vertex 6.13377 55.1837 5.6
      vertex 5.87674 55.2481 5.6
    endloop
  endfacet
  facet normal 0.0490623 0.998796 -0
    outer loop
      vertex 5.61465 55.287 5.6
      vertex 5.35 55.3 16.2
      vertex 5.61465 55.287 16.2
    endloop
  endfacet
  facet normal 0.0490623 0.998796 0
    outer loop
      vertex 5.35 55.3 16.2
      vertex 5.61465 55.287 5.6
      vertex 5.35 55.3 5.6
    endloop
  endfacet
  facet normal 0.427588 0.903974 -0
    outer loop
      vertex 6.62277 54.9812 5.6
      vertex 6.38324 55.0945 16.2
      vertex 6.62277 54.9812 16.2
    endloop
  endfacet
  facet normal 0.427588 0.903974 0
    outer loop
      vertex 6.38324 55.0945 16.2
      vertex 6.62277 54.9812 5.6
      vertex 6.38324 55.0945 5.6
    endloop
  endfacet
  facet normal 0.59585 0.803096 -0
    outer loop
      vertex 7.06286 54.6871 5.6
      vertex 6.85004 54.845 16.2
      vertex 7.06286 54.6871 16.2
    endloop
  endfacet
  facet normal 0.59585 0.803096 0
    outer loop
      vertex 6.85004 54.845 16.2
      vertex 7.06286 54.6871 5.6
      vertex 6.85004 54.845 5.6
    endloop
  endfacet
  facet normal -0.970049 0.242908 0
    outer loop
      vertex 2.70188 53.1267 5.6
      vertex 2.76626 53.3838 16.2
      vertex 2.76626 53.3838 5.6
    endloop
  endfacet
  facet normal -0.970049 0.242908 0
    outer loop
      vertex 2.76626 53.3838 16.2
      vertex 2.70188 53.1267 5.6
      vertex 2.70188 53.1267 16.2
    endloop
  endfacet
  facet normal -0.803311 0.59556 0
    outer loop
      vertex 3.10503 54.1 5.6
      vertex 3.26287 54.3129 16.2
      vertex 3.26287 54.3129 5.6
    endloop
  endfacet
  facet normal -0.803311 0.59556 0
    outer loop
      vertex 3.26287 54.3129 16.2
      vertex 3.10503 54.1 5.6
      vertex 3.10503 54.1 16.2
    endloop
  endfacet
  facet normal -0.740906 0.671609 0
    outer loop
      vertex 3.26287 54.3129 5.6
      vertex 3.44081 54.5092 16.2
      vertex 3.44081 54.5092 5.6
    endloop
  endfacet
  facet normal -0.740906 0.671609 0
    outer loop
      vertex 3.44081 54.5092 16.2
      vertex 3.26287 54.3129 5.6
      vertex 3.26287 54.3129 16.2
    endloop
  endfacet
  facet normal -0.857659 0.514218 0
    outer loop
      vertex 2.96881 53.8728 5.6
      vertex 3.10503 54.1 16.2
      vertex 3.10503 54.1 5.6
    endloop
  endfacet
  facet normal -0.857659 0.514218 0
    outer loop
      vertex 3.10503 54.1 16.2
      vertex 2.96881 53.8728 5.6
      vertex 2.96881 53.8728 16.2
    endloop
  endfacet
  facet normal -0.941504 0.337001 0
    outer loop
      vertex 2.76626 53.3838 5.6
      vertex 2.85553 53.6332 16.2
      vertex 2.85553 53.6332 5.6
    endloop
  endfacet
  facet normal -0.941504 0.337001 0
    outer loop
      vertex 2.85553 53.6332 16.2
      vertex 2.76626 53.3838 5.6
      vertex 2.76626 53.3838 16.2
    endloop
  endfacet
  facet normal -0.989176 0.146735 0
    outer loop
      vertex 2.663 52.8646 5.6
      vertex 2.70188 53.1267 16.2
      vertex 2.70188 53.1267 5.6
    endloop
  endfacet
  facet normal -0.989176 0.146735 0
    outer loop
      vertex 2.70188 53.1267 16.2
      vertex 2.663 52.8646 5.6
      vertex 2.663 52.8646 16.2
    endloop
  endfacet
  facet normal -0.514046 0.857763 0
    outer loop
      vertex 4.07723 54.9812 5.6
      vertex 3.84996 54.845 16.2
      vertex 4.07723 54.9812 16.2
    endloop
  endfacet
  facet normal -0.514046 0.857763 0
    outer loop
      vertex 3.84996 54.845 16.2
      vertex 4.07723 54.9812 5.6
      vertex 3.84996 54.845 5.6
    endloop
  endfacet
  facet normal -0.59585 0.803096 0
    outer loop
      vertex 3.84996 54.845 5.6
      vertex 3.63714 54.6871 16.2
      vertex 3.84996 54.845 16.2
    endloop
  endfacet
  facet normal -0.59585 0.803096 0
    outer loop
      vertex 3.63714 54.6871 16.2
      vertex 3.84996 54.845 5.6
      vertex 3.63714 54.6871 5.6
    endloop
  endfacet
  facet normal -0.336671 0.941622 0
    outer loop
      vertex 4.56623 55.1837 5.6
      vertex 4.31675 55.0945 16.2
      vertex 4.56623 55.1837 16.2
    endloop
  endfacet
  facet normal -0.336671 0.941622 0
    outer loop
      vertex 4.31675 55.0945 16.2
      vertex 4.56623 55.1837 5.6
      vertex 4.31675 55.0945 5.6
    endloop
  endfacet
  facet normal -0.146814 0.989164 0
    outer loop
      vertex 5.08535 55.287 5.6
      vertex 4.82326 55.2481 16.2
      vertex 5.08535 55.287 16.2
    endloop
  endfacet
  facet normal -0.146814 0.989164 0
    outer loop
      vertex 4.82326 55.2481 16.2
      vertex 5.08535 55.287 5.6
      vertex 4.82326 55.2481 5.6
    endloop
  endfacet
  facet normal 0.998795 -0.0490716 0
    outer loop
      vertex 8.037 52.3354 16.2
      vertex 8.05 52.6 5.6
      vertex 8.05 52.6 16.2
    endloop
  endfacet
  facet normal 0.998795 -0.0490716 0
    outer loop
      vertex 8.05 52.6 5.6
      vertex 8.037 52.3354 16.2
      vertex 8.037 52.3354 5.6
    endloop
  endfacet
  facet normal 0.146814 -0.989164 0
    outer loop
      vertex 5.61465 49.913 5.6
      vertex 5.87674 49.9519 16.2
      vertex 5.61465 49.913 16.2
    endloop
  endfacet
  facet normal 0.146814 -0.989164 0
    outer loop
      vertex 5.87674 49.9519 16.2
      vertex 5.61465 49.913 5.6
      vertex 5.87674 49.9519 5.6
    endloop
  endfacet
  facet normal 0.0490623 -0.998796 0
    outer loop
      vertex 5.35 49.9 5.6
      vertex 5.61465 49.913 16.2
      vertex 5.35 49.9 16.2
    endloop
  endfacet
  facet normal 0.0490623 -0.998796 0
    outer loop
      vertex 5.61465 49.913 16.2
      vertex 5.35 49.9 5.6
      vertex 5.61465 49.913 5.6
    endloop
  endfacet
  facet normal 0.336683 -0.941618 0
    outer loop
      vertex 6.13377 50.0163 5.6
      vertex 6.38324 50.1055 16.2
      vertex 6.13377 50.0163 16.2
    endloop
  endfacet
  facet normal 0.336683 -0.941618 0
    outer loop
      vertex 6.38324 50.1055 16.2
      vertex 6.13377 50.0163 5.6
      vertex 6.38324 50.1055 5.6
    endloop
  endfacet
  facet normal 0.67147 -0.741032 0
    outer loop
      vertex 7.06286 50.5129 5.6
      vertex 7.25919 50.6908 16.2
      vertex 7.06286 50.5129 16.2
    endloop
  endfacet
  facet normal 0.67147 -0.741032 0
    outer loop
      vertex 7.25919 50.6908 16.2
      vertex 7.06286 50.5129 5.6
      vertex 7.25919 50.6908 5.6
    endloop
  endfacet
  facet normal 0.514046 -0.857763 0
    outer loop
      vertex 6.62277 50.2188 5.6
      vertex 6.85004 50.355 16.2
      vertex 6.62277 50.2188 16.2
    endloop
  endfacet
  facet normal 0.514046 -0.857763 0
    outer loop
      vertex 6.85004 50.355 16.2
      vertex 6.62277 50.2188 5.6
      vertex 6.85004 50.355 5.6
    endloop
  endfacet
  facet normal 0.803311 -0.59556 0
    outer loop
      vertex 7.43713 50.8871 16.2
      vertex 7.59497 51.1 5.6
      vertex 7.59497 51.1 16.2
    endloop
  endfacet
  facet normal 0.803311 -0.59556 0
    outer loop
      vertex 7.59497 51.1 5.6
      vertex 7.43713 50.8871 16.2
      vertex 7.43713 50.8871 5.6
    endloop
  endfacet
  facet normal 0.904051 -0.427424 0
    outer loop
      vertex 7.73119 51.3272 16.2
      vertex 7.84447 51.5668 5.6
      vertex 7.84447 51.5668 16.2
    endloop
  endfacet
  facet normal 0.904051 -0.427424 0
    outer loop
      vertex 7.84447 51.5668 5.6
      vertex 7.73119 51.3272 16.2
      vertex 7.73119 51.3272 5.6
    endloop
  endfacet
  facet normal -0.67147 -0.741032 0
    outer loop
      vertex 3.44081 50.6908 5.6
      vertex 3.63714 50.5129 16.2
      vertex 3.44081 50.6908 16.2
    endloop
  endfacet
  facet normal -0.67147 -0.741032 -0
    outer loop
      vertex 3.63714 50.5129 16.2
      vertex 3.44081 50.6908 5.6
      vertex 3.63714 50.5129 5.6
    endloop
  endfacet
  facet normal -0.514046 -0.857763 0
    outer loop
      vertex 3.84996 50.355 5.6
      vertex 4.07723 50.2188 16.2
      vertex 3.84996 50.355 16.2
    endloop
  endfacet
  facet normal -0.514046 -0.857763 -0
    outer loop
      vertex 4.07723 50.2188 16.2
      vertex 3.84996 50.355 5.6
      vertex 4.07723 50.2188 5.6
    endloop
  endfacet
  facet normal -0.336671 -0.941622 0
    outer loop
      vertex 4.31675 50.1055 5.6
      vertex 4.56623 50.0163 16.2
      vertex 4.31675 50.1055 16.2
    endloop
  endfacet
  facet normal -0.336671 -0.941622 -0
    outer loop
      vertex 4.56623 50.0163 16.2
      vertex 4.31675 50.1055 5.6
      vertex 4.56623 50.0163 5.6
    endloop
  endfacet
  facet normal -0.146814 -0.989164 0
    outer loop
      vertex 4.82326 49.9519 5.6
      vertex 5.08535 49.913 16.2
      vertex 4.82326 49.9519 16.2
    endloop
  endfacet
  facet normal -0.146814 -0.989164 -0
    outer loop
      vertex 5.08535 49.913 16.2
      vertex 4.82326 49.9519 5.6
      vertex 5.08535 49.913 5.6
    endloop
  endfacet
  facet normal -0.803311 -0.59556 0
    outer loop
      vertex 3.26287 50.8871 5.6
      vertex 3.10503 51.1 16.2
      vertex 3.10503 51.1 5.6
    endloop
  endfacet
  facet normal -0.803311 -0.59556 0
    outer loop
      vertex 3.10503 51.1 16.2
      vertex 3.26287 50.8871 5.6
      vertex 3.26287 50.8871 16.2
    endloop
  endfacet
  facet normal -0.904051 -0.427424 0
    outer loop
      vertex 2.96881 51.3272 5.6
      vertex 2.85553 51.5668 16.2
      vertex 2.85553 51.5668 5.6
    endloop
  endfacet
  facet normal -0.904051 -0.427424 0
    outer loop
      vertex 2.85553 51.5668 16.2
      vertex 2.96881 51.3272 5.6
      vertex 2.96881 51.3272 16.2
    endloop
  endfacet
  facet normal -0.857659 -0.514218 0
    outer loop
      vertex 3.10503 51.1 5.6
      vertex 2.96881 51.3272 16.2
      vertex 2.96881 51.3272 5.6
    endloop
  endfacet
  facet normal -0.857659 -0.514218 0
    outer loop
      vertex 2.96881 51.3272 16.2
      vertex 3.10503 51.1 5.6
      vertex 3.10503 51.1 16.2
    endloop
  endfacet
  facet normal -0.970049 -0.242908 0
    outer loop
      vertex 2.76626 51.8162 5.6
      vertex 2.70188 52.0733 16.2
      vertex 2.70188 52.0733 5.6
    endloop
  endfacet
  facet normal -0.970049 -0.242908 0
    outer loop
      vertex 2.70188 52.0733 16.2
      vertex 2.76626 51.8162 5.6
      vertex 2.76626 51.8162 16.2
    endloop
  endfacet
  facet normal -0.941504 -0.337001 0
    outer loop
      vertex 2.85553 51.5668 5.6
      vertex 2.76626 51.8162 16.2
      vertex 2.76626 51.8162 5.6
    endloop
  endfacet
  facet normal -0.941504 -0.337001 0
    outer loop
      vertex 2.76626 51.8162 16.2
      vertex 2.85553 51.5668 5.6
      vertex 2.85553 51.5668 16.2
    endloop
  endfacet
  facet normal -0.998795 -0.0490716 0
    outer loop
      vertex 2.663 52.3354 5.6
      vertex 2.65 52.6 16.2
      vertex 2.65 52.6 5.6
    endloop
  endfacet
  facet normal -0.998795 -0.0490716 0
    outer loop
      vertex 2.65 52.6 16.2
      vertex 2.663 52.3354 5.6
      vertex 2.663 52.3354 16.2
    endloop
  endfacet
  facet normal 0.427588 -0.903974 0
    outer loop
      vertex 6.38324 50.1055 5.6
      vertex 6.62277 50.2188 16.2
      vertex 6.38324 50.1055 16.2
    endloop
  endfacet
  facet normal 0.427588 -0.903974 0
    outer loop
      vertex 6.62277 50.2188 16.2
      vertex 6.38324 50.1055 5.6
      vertex 6.62277 50.2188 5.6
    endloop
  endfacet
  facet normal 0.740906 -0.671609 0
    outer loop
      vertex 7.25919 50.6908 16.2
      vertex 7.43713 50.8871 5.6
      vertex 7.43713 50.8871 16.2
    endloop
  endfacet
  facet normal 0.740906 -0.671609 0
    outer loop
      vertex 7.43713 50.8871 5.6
      vertex 7.25919 50.6908 16.2
      vertex 7.25919 50.6908 5.6
    endloop
  endfacet
  facet normal 0.59585 -0.803096 0
    outer loop
      vertex 6.85004 50.355 5.6
      vertex 7.06286 50.5129 16.2
      vertex 6.85004 50.355 16.2
    endloop
  endfacet
  facet normal 0.59585 -0.803096 0
    outer loop
      vertex 7.06286 50.5129 16.2
      vertex 6.85004 50.355 5.6
      vertex 7.06286 50.5129 5.6
    endloop
  endfacet
  facet normal 0.857659 -0.514218 0
    outer loop
      vertex 7.59497 51.1 16.2
      vertex 7.73119 51.3272 5.6
      vertex 7.73119 51.3272 16.2
    endloop
  endfacet
  facet normal 0.857659 -0.514218 0
    outer loop
      vertex 7.73119 51.3272 5.6
      vertex 7.59497 51.1 16.2
      vertex 7.59497 51.1 5.6
    endloop
  endfacet
  facet normal 0.989176 -0.146735 0
    outer loop
      vertex 7.99812 52.0733 16.2
      vertex 8.037 52.3354 5.6
      vertex 8.037 52.3354 16.2
    endloop
  endfacet
  facet normal 0.989176 -0.146735 0
    outer loop
      vertex 8.037 52.3354 5.6
      vertex 7.99812 52.0733 16.2
      vertex 7.99812 52.0733 5.6
    endloop
  endfacet
  facet normal -0.59585 -0.803096 0
    outer loop
      vertex 3.63714 50.5129 5.6
      vertex 3.84996 50.355 16.2
      vertex 3.63714 50.5129 16.2
    endloop
  endfacet
  facet normal -0.59585 -0.803096 -0
    outer loop
      vertex 3.84996 50.355 16.2
      vertex 3.63714 50.5129 5.6
      vertex 3.84996 50.355 5.6
    endloop
  endfacet
  facet normal -0.427603 -0.903967 0
    outer loop
      vertex 4.07723 50.2188 5.6
      vertex 4.31675 50.1055 16.2
      vertex 4.07723 50.2188 16.2
    endloop
  endfacet
  facet normal -0.427603 -0.903967 -0
    outer loop
      vertex 4.31675 50.1055 16.2
      vertex 4.07723 50.2188 5.6
      vertex 4.31675 50.1055 5.6
    endloop
  endfacet
  facet normal -0.243042 -0.970016 0
    outer loop
      vertex 4.56623 50.0163 5.6
      vertex 4.82326 49.9519 16.2
      vertex 4.56623 50.0163 16.2
    endloop
  endfacet
  facet normal -0.243042 -0.970016 -0
    outer loop
      vertex 4.82326 49.9519 16.2
      vertex 4.56623 50.0163 5.6
      vertex 4.82326 49.9519 5.6
    endloop
  endfacet
  facet normal -0.740906 -0.671609 0
    outer loop
      vertex 3.44081 50.6908 5.6
      vertex 3.26287 50.8871 16.2
      vertex 3.26287 50.8871 5.6
    endloop
  endfacet
  facet normal -0.740906 -0.671609 0
    outer loop
      vertex 3.26287 50.8871 16.2
      vertex 3.44081 50.6908 5.6
      vertex 3.44081 50.6908 16.2
    endloop
  endfacet
  facet normal -0.989176 -0.146735 0
    outer loop
      vertex 2.70188 52.0733 5.6
      vertex 2.663 52.3354 16.2
      vertex 2.663 52.3354 5.6
    endloop
  endfacet
  facet normal -0.989176 -0.146735 0
    outer loop
      vertex 2.663 52.3354 16.2
      vertex 2.70188 52.0733 5.6
      vertex 2.70188 52.0733 16.2
    endloop
  endfacet
  facet normal 0.243042 -0.970016 0
    outer loop
      vertex 5.87674 49.9519 5.6
      vertex 6.13377 50.0163 16.2
      vertex 5.87674 49.9519 16.2
    endloop
  endfacet
  facet normal 0.243042 -0.970016 0
    outer loop
      vertex 6.13377 50.0163 16.2
      vertex 5.87674 49.9519 5.6
      vertex 6.13377 50.0163 5.6
    endloop
  endfacet
  facet normal 0.595706 0.803203 -0
    outer loop
      vertex 37.0629 54.6871 5.6
      vertex 36.85 54.845 16.2
      vertex 37.0629 54.6871 16.2
    endloop
  endfacet
  facet normal 0.595706 0.803203 0
    outer loop
      vertex 36.85 54.845 16.2
      vertex 37.0629 54.6871 5.6
      vertex 36.85 54.845 5.6
    endloop
  endfacet
  facet normal -0.427486 0.904022 0
    outer loop
      vertex 34.3168 55.0945 5.6
      vertex 34.0772 54.9812 16.2
      vertex 34.3168 55.0945 16.2
    endloop
  endfacet
  facet normal -0.427486 0.904022 0
    outer loop
      vertex 34.0772 54.9812 16.2
      vertex 34.3168 55.0945 5.6
      vertex 34.0772 54.9812 5.6
    endloop
  endfacet
  facet normal -0.904022 0.427486 0
    outer loop
      vertex 32.8555 53.6332 5.6
      vertex 32.9688 53.8728 16.2
      vertex 32.9688 53.8728 5.6
    endloop
  endfacet
  facet normal -0.904022 0.427486 0
    outer loop
      vertex 32.9688 53.8728 16.2
      vertex 32.8555 53.6332 5.6
      vertex 32.8555 53.6332 16.2
    endloop
  endfacet
  facet normal 0.941588 -0.336767 0
    outer loop
      vertex 37.8445 51.5668 16.2
      vertex 37.9337 51.8162 5.6
      vertex 37.9337 51.8162 16.2
    endloop
  endfacet
  facet normal 0.941588 -0.336767 0
    outer loop
      vertex 37.9337 51.8162 5.6
      vertex 37.8445 51.5668 16.2
      vertex 37.8445 51.5668 5.6
    endloop
  endfacet
  facet normal -0.427486 -0.904022 0
    outer loop
      vertex 34.0772 50.2188 5.6
      vertex 34.3168 50.1055 16.2
      vertex 34.0772 50.2188 16.2
    endloop
  endfacet
  facet normal -0.427486 -0.904022 -0
    outer loop
      vertex 34.3168 50.1055 16.2
      vertex 34.0772 50.2188 5.6
      vertex 34.3168 50.1055 5.6
    endloop
  endfacet
  facet normal 0.904022 0.427486 0
    outer loop
      vertex 37.8445 53.6332 16.2
      vertex 37.7312 53.8728 5.6
      vertex 37.7312 53.8728 16.2
    endloop
  endfacet
  facet normal 0.904022 0.427486 0
    outer loop
      vertex 37.7312 53.8728 5.6
      vertex 37.8445 53.6332 16.2
      vertex 37.8445 53.6332 5.6
    endloop
  endfacet
  facet normal 0.857693 0.514163 0
    outer loop
      vertex 37.7312 53.8728 16.2
      vertex 37.595 54.1 5.6
      vertex 37.595 54.1 16.2
    endloop
  endfacet
  facet normal 0.857693 0.514163 0
    outer loop
      vertex 37.595 54.1 5.6
      vertex 37.7312 53.8728 16.2
      vertex 37.7312 53.8728 5.6
    endloop
  endfacet
  facet normal 0.336767 0.941588 -0
    outer loop
      vertex 36.3832 55.0945 5.6
      vertex 36.1338 55.1837 16.2
      vertex 36.3832 55.0945 16.2
    endloop
  endfacet
  facet normal 0.336767 0.941588 0
    outer loop
      vertex 36.1338 55.1837 16.2
      vertex 36.3832 55.0945 5.6
      vertex 36.1338 55.1837 5.6
    endloop
  endfacet
  facet normal -0.740981 0.671526 0
    outer loop
      vertex 33.2629 54.3129 5.6
      vertex 33.4408 54.5092 16.2
      vertex 33.4408 54.5092 5.6
    endloop
  endfacet
  facet normal -0.740981 0.671526 0
    outer loop
      vertex 33.4408 54.5092 16.2
      vertex 33.2629 54.3129 5.6
      vertex 33.2629 54.3129 16.2
    endloop
  endfacet
  facet normal -0.242979 0.970031 0
    outer loop
      vertex 34.8233 55.2481 5.6
      vertex 34.5662 55.1837 16.2
      vertex 34.8233 55.2481 16.2
    endloop
  endfacet
  facet normal -0.242979 0.970031 0
    outer loop
      vertex 34.5662 55.1837 16.2
      vertex 34.8233 55.2481 5.6
      vertex 34.5662 55.1837 5.6
    endloop
  endfacet
  facet normal -0.671526 0.740981 0
    outer loop
      vertex 33.6371 54.6871 5.6
      vertex 33.4408 54.5092 16.2
      vertex 33.6371 54.6871 16.2
    endloop
  endfacet
  facet normal -0.671526 0.740981 0
    outer loop
      vertex 33.4408 54.5092 16.2
      vertex 33.6371 54.6871 5.6
      vertex 33.4408 54.5092 5.6
    endloop
  endfacet
  facet normal 0.998795 -0.0490716 0
    outer loop
      vertex 38.037 52.3354 16.2
      vertex 38.05 52.6 5.6
      vertex 38.05 52.6 16.2
    endloop
  endfacet
  facet normal 0.998795 -0.0490716 0
    outer loop
      vertex 38.05 52.6 5.6
      vertex 38.037 52.3354 16.2
      vertex 38.037 52.3354 5.6
    endloop
  endfacet
  facet normal 0.803203 -0.595706 0
    outer loop
      vertex 37.4371 50.8871 16.2
      vertex 37.595 51.1 5.6
      vertex 37.595 51.1 16.2
    endloop
  endfacet
  facet normal 0.803203 -0.595706 0
    outer loop
      vertex 37.595 51.1 5.6
      vertex 37.4371 50.8871 16.2
      vertex 37.4371 50.8871 5.6
    endloop
  endfacet
  facet normal -0.146809 -0.989165 0
    outer loop
      vertex 34.8233 49.9519 5.6
      vertex 35.0854 49.913 16.2
      vertex 34.8233 49.9519 16.2
    endloop
  endfacet
  facet normal -0.146809 -0.989165 -0
    outer loop
      vertex 35.0854 49.913 16.2
      vertex 34.8233 49.9519 5.6
      vertex 35.0854 49.913 5.6
    endloop
  endfacet
  facet normal -0.671526 -0.740981 0
    outer loop
      vertex 33.4408 50.6908 5.6
      vertex 33.6371 50.5129 16.2
      vertex 33.4408 50.6908 16.2
    endloop
  endfacet
  facet normal -0.671526 -0.740981 -0
    outer loop
      vertex 33.6371 50.5129 16.2
      vertex 33.4408 50.6908 5.6
      vertex 33.6371 50.5129 5.6
    endloop
  endfacet
  facet normal 0.989165 0.146809 0
    outer loop
      vertex 38.037 52.8646 16.2
      vertex 37.9981 53.1267 5.6
      vertex 37.9981 53.1267 16.2
    endloop
  endfacet
  facet normal 0.989165 0.146809 0
    outer loop
      vertex 37.9981 53.1267 5.6
      vertex 38.037 52.8646 16.2
      vertex 38.037 52.8646 5.6
    endloop
  endfacet
  facet normal 0.970031 0.242979 0
    outer loop
      vertex 37.9981 53.1267 16.2
      vertex 37.9337 53.3838 5.6
      vertex 37.9337 53.3838 16.2
    endloop
  endfacet
  facet normal 0.970031 0.242979 0
    outer loop
      vertex 37.9337 53.3838 5.6
      vertex 37.9981 53.1267 16.2
      vertex 37.9981 53.1267 5.6
    endloop
  endfacet
  facet normal 0.941588 0.336767 0
    outer loop
      vertex 37.9337 53.3838 16.2
      vertex 37.8445 53.6332 5.6
      vertex 37.8445 53.6332 16.2
    endloop
  endfacet
  facet normal 0.941588 0.336767 0
    outer loop
      vertex 37.8445 53.6332 5.6
      vertex 37.9337 53.3838 16.2
      vertex 37.9337 53.3838 5.6
    endloop
  endfacet
  facet normal 0.740981 0.671526 0
    outer loop
      vertex 37.4371 54.3129 16.2
      vertex 37.2592 54.5092 5.6
      vertex 37.2592 54.5092 16.2
    endloop
  endfacet
  facet normal 0.740981 0.671526 0
    outer loop
      vertex 37.2592 54.5092 5.6
      vertex 37.4371 54.3129 16.2
      vertex 37.4371 54.3129 5.6
    endloop
  endfacet
  facet normal 0.803203 0.595706 0
    outer loop
      vertex 37.595 54.1 16.2
      vertex 37.4371 54.3129 5.6
      vertex 37.4371 54.3129 16.2
    endloop
  endfacet
  facet normal 0.803203 0.595706 0
    outer loop
      vertex 37.4371 54.3129 5.6
      vertex 37.595 54.1 16.2
      vertex 37.595 54.1 5.6
    endloop
  endfacet
  facet normal 0.671526 0.740981 -0
    outer loop
      vertex 37.2592 54.5092 5.6
      vertex 37.0629 54.6871 16.2
      vertex 37.2592 54.5092 16.2
    endloop
  endfacet
  facet normal 0.671526 0.740981 0
    outer loop
      vertex 37.0629 54.6871 16.2
      vertex 37.2592 54.5092 5.6
      vertex 37.0629 54.6871 5.6
    endloop
  endfacet
  facet normal 0.514163 0.857693 -0
    outer loop
      vertex 36.85 54.845 5.6
      vertex 36.6228 54.9812 16.2
      vertex 36.85 54.845 16.2
    endloop
  endfacet
  facet normal 0.514163 0.857693 0
    outer loop
      vertex 36.6228 54.9812 16.2
      vertex 36.85 54.845 5.6
      vertex 36.6228 54.9812 5.6
    endloop
  endfacet
  facet normal -0.0490716 0.998795 0
    outer loop
      vertex 35.35 55.3 5.6
      vertex 35.0854 55.287 16.2
      vertex 35.35 55.3 16.2
    endloop
  endfacet
  facet normal -0.0490716 0.998795 0
    outer loop
      vertex 35.0854 55.287 16.2
      vertex 35.35 55.3 5.6
      vertex 35.0854 55.287 5.6
    endloop
  endfacet
  facet normal 0.427486 0.904022 -0
    outer loop
      vertex 36.6228 54.9812 5.6
      vertex 36.3832 55.0945 16.2
      vertex 36.6228 54.9812 16.2
    endloop
  endfacet
  facet normal 0.427486 0.904022 0
    outer loop
      vertex 36.3832 55.0945 16.2
      vertex 36.6228 54.9812 5.6
      vertex 36.3832 55.0945 5.6
    endloop
  endfacet
  facet normal 0.242979 0.970031 -0
    outer loop
      vertex 36.1338 55.1837 5.6
      vertex 35.8767 55.2481 16.2
      vertex 36.1338 55.1837 16.2
    endloop
  endfacet
  facet normal 0.242979 0.970031 0
    outer loop
      vertex 35.8767 55.2481 16.2
      vertex 36.1338 55.1837 5.6
      vertex 35.8767 55.2481 5.6
    endloop
  endfacet
  facet normal 0.146809 0.989165 -0
    outer loop
      vertex 35.8767 55.2481 5.6
      vertex 35.6146 55.287 16.2
      vertex 35.8767 55.2481 16.2
    endloop
  endfacet
  facet normal 0.146809 0.989165 0
    outer loop
      vertex 35.6146 55.287 16.2
      vertex 35.8767 55.2481 5.6
      vertex 35.6146 55.287 5.6
    endloop
  endfacet
  facet normal -0.998795 0.0490716 0
    outer loop
      vertex 32.65 52.6 5.6
      vertex 32.663 52.8646 16.2
      vertex 32.663 52.8646 5.6
    endloop
  endfacet
  facet normal -0.998795 0.0490716 0
    outer loop
      vertex 32.663 52.8646 16.2
      vertex 32.65 52.6 5.6
      vertex 32.65 52.6 16.2
    endloop
  endfacet
  facet normal -0.941588 0.336767 0
    outer loop
      vertex 32.7663 53.3838 5.6
      vertex 32.8555 53.6332 16.2
      vertex 32.8555 53.6332 5.6
    endloop
  endfacet
  facet normal -0.941588 0.336767 0
    outer loop
      vertex 32.8555 53.6332 16.2
      vertex 32.7663 53.3838 5.6
      vertex 32.7663 53.3838 16.2
    endloop
  endfacet
  facet normal -0.970031 0.242979 0
    outer loop
      vertex 32.7019 53.1267 5.6
      vertex 32.7663 53.3838 16.2
      vertex 32.7663 53.3838 5.6
    endloop
  endfacet
  facet normal -0.970031 0.242979 0
    outer loop
      vertex 32.7663 53.3838 16.2
      vertex 32.7019 53.1267 5.6
      vertex 32.7019 53.1267 16.2
    endloop
  endfacet
  facet normal -0.857693 0.514163 0
    outer loop
      vertex 32.9688 53.8728 5.6
      vertex 33.105 54.1 16.2
      vertex 33.105 54.1 5.6
    endloop
  endfacet
  facet normal -0.857693 0.514163 0
    outer loop
      vertex 33.105 54.1 16.2
      vertex 32.9688 53.8728 5.6
      vertex 32.9688 53.8728 16.2
    endloop
  endfacet
  facet normal -0.803203 0.595706 0
    outer loop
      vertex 33.105 54.1 5.6
      vertex 33.2629 54.3129 16.2
      vertex 33.2629 54.3129 5.6
    endloop
  endfacet
  facet normal -0.803203 0.595706 0
    outer loop
      vertex 33.2629 54.3129 16.2
      vertex 33.105 54.1 5.6
      vertex 33.105 54.1 16.2
    endloop
  endfacet
  facet normal -0.336767 0.941588 0
    outer loop
      vertex 34.5662 55.1837 5.6
      vertex 34.3168 55.0945 16.2
      vertex 34.5662 55.1837 16.2
    endloop
  endfacet
  facet normal -0.336767 0.941588 0
    outer loop
      vertex 34.3168 55.0945 16.2
      vertex 34.5662 55.1837 5.6
      vertex 34.3168 55.0945 5.6
    endloop
  endfacet
  facet normal -0.146809 0.989165 0
    outer loop
      vertex 35.0854 55.287 5.6
      vertex 34.8233 55.2481 16.2
      vertex 35.0854 55.287 16.2
    endloop
  endfacet
  facet normal -0.146809 0.989165 0
    outer loop
      vertex 34.8233 55.2481 16.2
      vertex 35.0854 55.287 5.6
      vertex 34.8233 55.2481 5.6
    endloop
  endfacet
  facet normal -0.595706 0.803203 0
    outer loop
      vertex 33.85 54.845 5.6
      vertex 33.6371 54.6871 16.2
      vertex 33.85 54.845 16.2
    endloop
  endfacet
  facet normal -0.595706 0.803203 0
    outer loop
      vertex 33.6371 54.6871 16.2
      vertex 33.85 54.845 5.6
      vertex 33.6371 54.6871 5.6
    endloop
  endfacet
  facet normal -0.514163 0.857693 0
    outer loop
      vertex 34.0772 54.9812 5.6
      vertex 33.85 54.845 16.2
      vertex 34.0772 54.9812 16.2
    endloop
  endfacet
  facet normal -0.514163 0.857693 0
    outer loop
      vertex 33.85 54.845 16.2
      vertex 34.0772 54.9812 5.6
      vertex 33.85 54.845 5.6
    endloop
  endfacet
  facet normal 0.998795 0.0490716 0
    outer loop
      vertex 38.05 52.6 16.2
      vertex 38.037 52.8646 5.6
      vertex 38.037 52.8646 16.2
    endloop
  endfacet
  facet normal 0.998795 0.0490716 0
    outer loop
      vertex 38.037 52.8646 5.6
      vertex 38.05 52.6 16.2
      vertex 38.05 52.6 5.6
    endloop
  endfacet
  facet normal 0.0490716 -0.998795 0
    outer loop
      vertex 35.35 49.9 5.6
      vertex 35.6146 49.913 16.2
      vertex 35.35 49.9 16.2
    endloop
  endfacet
  facet normal 0.0490716 -0.998795 0
    outer loop
      vertex 35.6146 49.913 16.2
      vertex 35.35 49.9 5.6
      vertex 35.6146 49.913 5.6
    endloop
  endfacet
  facet normal 0.970031 -0.242979 0
    outer loop
      vertex 37.9337 51.8162 16.2
      vertex 37.9981 52.0733 5.6
      vertex 37.9981 52.0733 16.2
    endloop
  endfacet
  facet normal 0.970031 -0.242979 0
    outer loop
      vertex 37.9981 52.0733 5.6
      vertex 37.9337 51.8162 16.2
      vertex 37.9337 51.8162 5.6
    endloop
  endfacet
  facet normal 0.336767 -0.941588 0
    outer loop
      vertex 36.1338 50.0163 5.6
      vertex 36.3832 50.1055 16.2
      vertex 36.1338 50.0163 16.2
    endloop
  endfacet
  facet normal 0.336767 -0.941588 0
    outer loop
      vertex 36.3832 50.1055 16.2
      vertex 36.1338 50.0163 5.6
      vertex 36.3832 50.1055 5.6
    endloop
  endfacet
  facet normal 0.671526 -0.740981 0
    outer loop
      vertex 37.0629 50.5129 5.6
      vertex 37.2592 50.6908 16.2
      vertex 37.0629 50.5129 16.2
    endloop
  endfacet
  facet normal 0.671526 -0.740981 0
    outer loop
      vertex 37.2592 50.6908 16.2
      vertex 37.0629 50.5129 5.6
      vertex 37.2592 50.6908 5.6
    endloop
  endfacet
  facet normal 0.514163 -0.857693 0
    outer loop
      vertex 36.6228 50.2188 5.6
      vertex 36.85 50.355 16.2
      vertex 36.6228 50.2188 16.2
    endloop
  endfacet
  facet normal 0.514163 -0.857693 0
    outer loop
      vertex 36.85 50.355 16.2
      vertex 36.6228 50.2188 5.6
      vertex 36.85 50.355 5.6
    endloop
  endfacet
  facet normal 0.904022 -0.427486 0
    outer loop
      vertex 37.7312 51.3272 16.2
      vertex 37.8445 51.5668 5.6
      vertex 37.8445 51.5668 16.2
    endloop
  endfacet
  facet normal 0.904022 -0.427486 0
    outer loop
      vertex 37.8445 51.5668 5.6
      vertex 37.7312 51.3272 16.2
      vertex 37.7312 51.3272 5.6
    endloop
  endfacet
  facet normal -0.0490716 -0.998795 0
    outer loop
      vertex 35.0854 49.913 5.6
      vertex 35.35 49.9 16.2
      vertex 35.0854 49.913 16.2
    endloop
  endfacet
  facet normal -0.0490716 -0.998795 -0
    outer loop
      vertex 35.35 49.9 16.2
      vertex 35.0854 49.913 5.6
      vertex 35.35 49.9 5.6
    endloop
  endfacet
  facet normal -0.336767 -0.941588 0
    outer loop
      vertex 34.3168 50.1055 5.6
      vertex 34.5662 50.0163 16.2
      vertex 34.3168 50.1055 16.2
    endloop
  endfacet
  facet normal -0.336767 -0.941588 -0
    outer loop
      vertex 34.5662 50.0163 16.2
      vertex 34.3168 50.1055 5.6
      vertex 34.5662 50.0163 5.6
    endloop
  endfacet
  facet normal -0.514163 -0.857693 0
    outer loop
      vertex 33.85 50.355 5.6
      vertex 34.0772 50.2188 16.2
      vertex 33.85 50.355 16.2
    endloop
  endfacet
  facet normal -0.514163 -0.857693 -0
    outer loop
      vertex 34.0772 50.2188 16.2
      vertex 33.85 50.355 5.6
      vertex 34.0772 50.2188 5.6
    endloop
  endfacet
  facet normal -0.998795 -0.0490716 0
    outer loop
      vertex 32.663 52.3354 5.6
      vertex 32.65 52.6 16.2
      vertex 32.65 52.6 5.6
    endloop
  endfacet
  facet normal -0.998795 -0.0490716 0
    outer loop
      vertex 32.65 52.6 16.2
      vertex 32.663 52.3354 5.6
      vertex 32.663 52.3354 16.2
    endloop
  endfacet
  facet normal -0.970031 -0.242979 0
    outer loop
      vertex 32.7663 51.8162 5.6
      vertex 32.7019 52.0733 16.2
      vertex 32.7019 52.0733 5.6
    endloop
  endfacet
  facet normal -0.970031 -0.242979 0
    outer loop
      vertex 32.7019 52.0733 16.2
      vertex 32.7663 51.8162 5.6
      vertex 32.7663 51.8162 16.2
    endloop
  endfacet
  facet normal 0 0 -1
    outer loop
      vertex 36.45 52.6 5.6
      vertex 38.05 52.6 5.6
      vertex 38.037 52.3354 5.6
    endloop
  endfacet
  facet normal 0 0 -1
    outer loop
      vertex 36.4447 52.4922 5.6
      vertex 38.037 52.3354 5.6
      vertex 37.9981 52.0733 5.6
    endloop
  endfacet
  facet normal 0 0 -1
    outer loop
      vertex 38.05 52.6 5.6
      vertex 36.45 52.6 5.6
      vertex 38.037 52.8646 5.6
    endloop
  endfacet
  facet normal 0 0 -1
    outer loop
      vertex 36.4289 52.3854 5.6
      vertex 37.9981 52.0733 5.6
      vertex 37.9337 51.8162 5.6
    endloop
  endfacet
  facet normal 0 0 -1
    outer loop
      vertex 36.4447 52.7078 5.6
      vertex 38.037 52.8646 5.6
      vertex 36.45 52.6 5.6
    endloop
  endfacet
  facet normal 0 0 -1
    outer loop
      vertex 36.4026 52.2807 5.6
      vertex 37.9337 51.8162 5.6
      vertex 37.8445 51.5668 5.6
    endloop
  endfacet
  facet normal -0 0 -1
    outer loop
      vertex 38.037 52.8646 5.6
      vertex 36.4447 52.7078 5.6
      vertex 37.9981 53.1267 5.6
    endloop
  endfacet
  facet normal 0 0 -1
    outer loop
      vertex 36.3663 52.1791 5.6
      vertex 37.8445 51.5668 5.6
      vertex 37.7312 51.3272 5.6
    endloop
  endfacet
  facet normal 0 0 -1
    outer loop
      vertex 36.4289 52.8146 5.6
      vertex 37.9981 53.1267 5.6
      vertex 36.4447 52.7078 5.6
    endloop
  endfacet
  facet normal 0 0 -1
    outer loop
      vertex 36.3201 52.0815 5.6
      vertex 37.7312 51.3272 5.6
      vertex 37.595 51.1 5.6
    endloop
  endfacet
  facet normal -0 0 -1
    outer loop
      vertex 37.9981 53.1267 5.6
      vertex 36.4289 52.8146 5.6
      vertex 37.9337 53.3838 5.6
    endloop
  endfacet
  facet normal 0 0 -1
    outer loop
      vertex 36.2646 51.9889 5.6
      vertex 37.595 51.1 5.6
      vertex 37.4371 50.8871 5.6
    endloop
  endfacet
  facet normal 0 0 -1
    outer loop
      vertex 36.4026 52.9193 5.6
      vertex 37.9337 53.3838 5.6
      vertex 36.4289 52.8146 5.6
    endloop
  endfacet
  facet normal 0 0 -1
    outer loop
      vertex 36.2003 51.9022 5.6
      vertex 37.4371 50.8871 5.6
      vertex 37.2592 50.6908 5.6
    endloop
  endfacet
  facet normal -0 0 -1
    outer loop
      vertex 37.9337 53.3838 5.6
      vertex 36.4026 52.9193 5.6
      vertex 37.8445 53.6332 5.6
    endloop
  endfacet
  facet normal 0 0 -1
    outer loop
      vertex 36.1278 51.8222 5.6
      vertex 37.2592 50.6908 5.6
      vertex 37.0629 50.5129 5.6
    endloop
  endfacet
  facet normal 0 0 -1
    outer loop
      vertex 36.3663 53.021 5.6
      vertex 37.8445 53.6332 5.6
      vertex 36.4026 52.9193 5.6
    endloop
  endfacet
  facet normal 0 0 -1
    outer loop
      vertex 36.0478 51.7497 5.6
      vertex 37.0629 50.5129 5.6
      vertex 36.85 50.355 5.6
    endloop
  endfacet
  facet normal -0 0 -1
    outer loop
      vertex 37.8445 53.6332 5.6
      vertex 36.3663 53.021 5.6
      vertex 37.7312 53.8728 5.6
    endloop
  endfacet
  facet normal 0 0 -1
    outer loop
      vertex 35.9611 51.6854 5.6
      vertex 36.85 50.355 5.6
      vertex 36.6228 50.2188 5.6
    endloop
  endfacet
  facet normal 0 0 -1
    outer loop
      vertex 36.3201 53.1185 5.6
      vertex 37.7312 53.8728 5.6
      vertex 36.3663 53.021 5.6
    endloop
  endfacet
  facet normal -0 0 -1
    outer loop
      vertex 37.7312 53.8728 5.6
      vertex 36.3201 53.1185 5.6
      vertex 37.595 54.1 5.6
    endloop
  endfacet
  facet normal 0 0 -1
    outer loop
      vertex 38.037 52.3354 5.6
      vertex 36.4447 52.4922 5.6
      vertex 36.45 52.6 5.6
    endloop
  endfacet
  facet normal 0 0 -1
    outer loop
      vertex 37.9981 52.0733 5.6
      vertex 36.4289 52.3854 5.6
      vertex 36.4447 52.4922 5.6
    endloop
  endfacet
  facet normal 0 0 -1
    outer loop
      vertex 37.9337 51.8162 5.6
      vertex 36.4026 52.2807 5.6
      vertex 36.4289 52.3854 5.6
    endloop
  endfacet
  facet normal 0 0 -1
    outer loop
      vertex 35.8685 51.6299 5.6
      vertex 36.6228 50.2188 5.6
      vertex 36.3832 50.1055 5.6
    endloop
  endfacet
  facet normal 0 0 -1
    outer loop
      vertex 37.8445 51.5668 5.6
      vertex 36.3663 52.1791 5.6
      vertex 36.4026 52.2807 5.6
    endloop
  endfacet
  facet normal 0 0 -1
    outer loop
      vertex 37.7312 51.3272 5.6
      vertex 36.3201 52.0815 5.6
      vertex 36.3663 52.1791 5.6
    endloop
  endfacet
  facet normal 0 0 -1
    outer loop
      vertex 37.595 51.1 5.6
      vertex 36.2646 51.9889 5.6
      vertex 36.3201 52.0815 5.6
    endloop
  endfacet
  facet normal 0 0 -1
    outer loop
      vertex 37.4371 50.8871 5.6
      vertex 36.2003 51.9022 5.6
      vertex 36.2646 51.9889 5.6
    endloop
  endfacet
  facet normal 0 0 -1
    outer loop
      vertex 35.771 51.5837 5.6
      vertex 36.3832 50.1055 5.6
      vertex 36.1338 50.0163 5.6
    endloop
  endfacet
  facet normal 0 0 -1
    outer loop
      vertex 37.2592 50.6908 5.6
      vertex 36.1278 51.8222 5.6
      vertex 36.2003 51.9022 5.6
    endloop
  endfacet
  facet normal 0 0 -1
    outer loop
      vertex 37.0629 50.5129 5.6
      vertex 36.0478 51.7497 5.6
      vertex 36.1278 51.8222 5.6
    endloop
  endfacet
  facet normal 0 0 -1
    outer loop
      vertex 36.85 50.355 5.6
      vertex 35.9611 51.6854 5.6
      vertex 36.0478 51.7497 5.6
    endloop
  endfacet
  facet normal 0 0 -1
    outer loop
      vertex 35.6693 51.5474 5.6
      vertex 36.1338 50.0163 5.6
      vertex 35.8767 49.9519 5.6
    endloop
  endfacet
  facet normal 0 0 -1
    outer loop
      vertex 36.6228 50.2188 5.6
      vertex 35.8685 51.6299 5.6
      vertex 35.9611 51.6854 5.6
    endloop
  endfacet
  facet normal 0 0 -1
    outer loop
      vertex 36.3832 50.1055 5.6
      vertex 35.771 51.5837 5.6
      vertex 35.8685 51.6299 5.6
    endloop
  endfacet
  facet normal 0 0 -1
    outer loop
      vertex 36.1338 50.0163 5.6
      vertex 35.6693 51.5474 5.6
      vertex 35.771 51.5837 5.6
    endloop
  endfacet
  facet normal 0 0 -1
    outer loop
      vertex 35.5646 51.5211 5.6
      vertex 35.8767 49.9519 5.6
      vertex 35.6146 49.913 5.6
    endloop
  endfacet
  facet normal 0 0 -1
    outer loop
      vertex 35.8767 49.9519 5.6
      vertex 35.5646 51.5211 5.6
      vertex 35.6693 51.5474 5.6
    endloop
  endfacet
  facet normal 0 0 -1
    outer loop
      vertex 35.6146 49.913 5.6
      vertex 35.4578 51.5053 5.6
      vertex 35.5646 51.5211 5.6
    endloop
  endfacet
  facet normal 0 0 -1
    outer loop
      vertex 35.35 49.9 5.6
      vertex 35.4578 51.5053 5.6
      vertex 35.6146 49.913 5.6
    endloop
  endfacet
  facet normal 0 0 -1
    outer loop
      vertex 35.35 49.9 5.6
      vertex 35.35 51.5 5.6
      vertex 35.4578 51.5053 5.6
    endloop
  endfacet
  facet normal 0 0 -1
    outer loop
      vertex 35.35 49.9 5.6
      vertex 35.2422 51.5053 5.6
      vertex 35.35 51.5 5.6
    endloop
  endfacet
  facet normal 0 0 -1
    outer loop
      vertex 35.0854 49.913 5.6
      vertex 35.2422 51.5053 5.6
      vertex 35.35 49.9 5.6
    endloop
  endfacet
  facet normal -0 0 -1
    outer loop
      vertex 35.2422 51.5053 5.6
      vertex 35.0854 49.913 5.6
      vertex 35.1354 51.5211 5.6
    endloop
  endfacet
  facet normal 0 0 -1
    outer loop
      vertex 34.8233 49.9519 5.6
      vertex 35.1354 51.5211 5.6
      vertex 35.0854 49.913 5.6
    endloop
  endfacet
  facet normal -0 0 -1
    outer loop
      vertex 35.1354 51.5211 5.6
      vertex 34.8233 49.9519 5.6
      vertex 35.0307 51.5474 5.6
    endloop
  endfacet
  facet normal 0 0 -1
    outer loop
      vertex 34.5662 50.0163 5.6
      vertex 35.0307 51.5474 5.6
      vertex 34.8233 49.9519 5.6
    endloop
  endfacet
  facet normal -0 0 -1
    outer loop
      vertex 35.0307 51.5474 5.6
      vertex 34.5662 50.0163 5.6
      vertex 34.9291 51.5837 5.6
    endloop
  endfacet
  facet normal 0 0 -1
    outer loop
      vertex 34.3168 50.1055 5.6
      vertex 34.9291 51.5837 5.6
      vertex 34.5662 50.0163 5.6
    endloop
  endfacet
  facet normal -0 0 -1
    outer loop
      vertex 34.9291 51.5837 5.6
      vertex 34.3168 50.1055 5.6
      vertex 34.8315 51.6299 5.6
    endloop
  endfacet
  facet normal 0 0 -1
    outer loop
      vertex 34.0772 50.2188 5.6
      vertex 34.8315 51.6299 5.6
      vertex 34.3168 50.1055 5.6
    endloop
  endfacet
  facet normal -0 0 -1
    outer loop
      vertex 34.8315 51.6299 5.6
      vertex 34.0772 50.2188 5.6
      vertex 34.7389 51.6854 5.6
    endloop
  endfacet
  facet normal 0 0 -1
    outer loop
      vertex 33.85 50.355 5.6
      vertex 34.7389 51.6854 5.6
      vertex 34.0772 50.2188 5.6
    endloop
  endfacet
  facet normal -0 0 -1
    outer loop
      vertex 34.7389 51.6854 5.6
      vertex 33.85 50.355 5.6
      vertex 34.6522 51.7497 5.6
    endloop
  endfacet
  facet normal 0 0 -1
    outer loop
      vertex 33.6371 50.5129 5.6
      vertex 34.6522 51.7497 5.6
      vertex 33.85 50.355 5.6
    endloop
  endfacet
  facet normal -0 0 -1
    outer loop
      vertex 34.6522 51.7497 5.6
      vertex 33.6371 50.5129 5.6
      vertex 34.5722 51.8222 5.6
    endloop
  endfacet
  facet normal 0 0 -1
    outer loop
      vertex 33.4408 50.6908 5.6
      vertex 34.5722 51.8222 5.6
      vertex 33.6371 50.5129 5.6
    endloop
  endfacet
  facet normal -0 0 -1
    outer loop
      vertex 34.5722 51.8222 5.6
      vertex 33.4408 50.6908 5.6
      vertex 34.4997 51.9022 5.6
    endloop
  endfacet
  facet normal 0 0 -1
    outer loop
      vertex 33.2629 50.8871 5.6
      vertex 34.4997 51.9022 5.6
      vertex 33.4408 50.6908 5.6
    endloop
  endfacet
  facet normal -0 0 -1
    outer loop
      vertex 34.4997 51.9022 5.6
      vertex 33.2629 50.8871 5.6
      vertex 34.4354 51.9889 5.6
    endloop
  endfacet
  facet normal 0 0 -1
    outer loop
      vertex 33.105 51.1 5.6
      vertex 34.4354 51.9889 5.6
      vertex 33.2629 50.8871 5.6
    endloop
  endfacet
  facet normal -0 0 -1
    outer loop
      vertex 34.4354 51.9889 5.6
      vertex 33.105 51.1 5.6
      vertex 34.3799 52.0815 5.6
    endloop
  endfacet
  facet normal 0 0 -1
    outer loop
      vertex 36.2646 53.2111 5.6
      vertex 37.595 54.1 5.6
      vertex 36.3201 53.1185 5.6
    endloop
  endfacet
  facet normal -0 0 -1
    outer loop
      vertex 37.595 54.1 5.6
      vertex 36.2646 53.2111 5.6
      vertex 37.4371 54.3129 5.6
    endloop
  endfacet
  facet normal 0 0 -1
    outer loop
      vertex 36.2003 53.2978 5.6
      vertex 37.4371 54.3129 5.6
      vertex 36.2646 53.2111 5.6
    endloop
  endfacet
  facet normal -0 0 -1
    outer loop
      vertex 37.4371 54.3129 5.6
      vertex 36.2003 53.2978 5.6
      vertex 37.2592 54.5092 5.6
    endloop
  endfacet
  facet normal 0 0 -1
    outer loop
      vertex 36.1278 53.3778 5.6
      vertex 37.2592 54.5092 5.6
      vertex 36.2003 53.2978 5.6
    endloop
  endfacet
  facet normal -0 0 -1
    outer loop
      vertex 37.2592 54.5092 5.6
      vertex 36.1278 53.3778 5.6
      vertex 37.0629 54.6871 5.6
    endloop
  endfacet
  facet normal 0 0 -1
    outer loop
      vertex 36.0478 53.4503 5.6
      vertex 37.0629 54.6871 5.6
      vertex 36.1278 53.3778 5.6
    endloop
  endfacet
  facet normal -0 0 -1
    outer loop
      vertex 37.0629 54.6871 5.6
      vertex 36.0478 53.4503 5.6
      vertex 36.85 54.845 5.6
    endloop
  endfacet
  facet normal 0 0 -1
    outer loop
      vertex 35.9611 53.5146 5.6
      vertex 36.85 54.845 5.6
      vertex 36.0478 53.4503 5.6
    endloop
  endfacet
  facet normal -0 0 -1
    outer loop
      vertex 36.85 54.845 5.6
      vertex 35.9611 53.5146 5.6
      vertex 36.6228 54.9812 5.6
    endloop
  endfacet
  facet normal 0 0 -1
    outer loop
      vertex 35.8685 53.5701 5.6
      vertex 36.6228 54.9812 5.6
      vertex 35.9611 53.5146 5.6
    endloop
  endfacet
  facet normal -0 0 -1
    outer loop
      vertex 36.6228 54.9812 5.6
      vertex 35.8685 53.5701 5.6
      vertex 36.3832 55.0945 5.6
    endloop
  endfacet
  facet normal 0 0 -1
    outer loop
      vertex 35.771 53.6163 5.6
      vertex 36.3832 55.0945 5.6
      vertex 35.8685 53.5701 5.6
    endloop
  endfacet
  facet normal -0 0 -1
    outer loop
      vertex 36.3832 55.0945 5.6
      vertex 35.771 53.6163 5.6
      vertex 36.1338 55.1837 5.6
    endloop
  endfacet
  facet normal 0 0 -1
    outer loop
      vertex 35.6693 53.6526 5.6
      vertex 36.1338 55.1837 5.6
      vertex 35.771 53.6163 5.6
    endloop
  endfacet
  facet normal -0 0 -1
    outer loop
      vertex 36.1338 55.1837 5.6
      vertex 35.6693 53.6526 5.6
      vertex 35.8767 55.2481 5.6
    endloop
  endfacet
  facet normal 0 0 -1
    outer loop
      vertex 35.5646 53.6789 5.6
      vertex 35.8767 55.2481 5.6
      vertex 35.6693 53.6526 5.6
    endloop
  endfacet
  facet normal -0 0 -1
    outer loop
      vertex 35.8767 55.2481 5.6
      vertex 35.5646 53.6789 5.6
      vertex 35.6146 55.287 5.6
    endloop
  endfacet
  facet normal 0 0 -1
    outer loop
      vertex 35.4578 53.6947 5.6
      vertex 35.6146 55.287 5.6
      vertex 35.5646 53.6789 5.6
    endloop
  endfacet
  facet normal 0 0 -1
    outer loop
      vertex 35.35 53.7 5.6
      vertex 35.6146 55.287 5.6
      vertex 35.4578 53.6947 5.6
    endloop
  endfacet
  facet normal 0 0 -1
    outer loop
      vertex 35.35 53.7 5.6
      vertex 35.35 55.3 5.6
      vertex 35.6146 55.287 5.6
    endloop
  endfacet
  facet normal 0 0 -1
    outer loop
      vertex 35.2422 53.6947 5.6
      vertex 35.35 55.3 5.6
      vertex 35.35 53.7 5.6
    endloop
  endfacet
  facet normal 0 0 -1
    outer loop
      vertex 35.0854 55.287 5.6
      vertex 35.2422 53.6947 5.6
      vertex 35.1354 53.6789 5.6
    endloop
  endfacet
  facet normal 0 0 -1
    outer loop
      vertex 35.2422 53.6947 5.6
      vertex 35.0854 55.287 5.6
      vertex 35.35 55.3 5.6
    endloop
  endfacet
  facet normal 0 0 -1
    outer loop
      vertex 34.8233 55.2481 5.6
      vertex 35.1354 53.6789 5.6
      vertex 35.0307 53.6526 5.6
    endloop
  endfacet
  facet normal 0 0 -1
    outer loop
      vertex 34.5662 55.1837 5.6
      vertex 35.0307 53.6526 5.6
      vertex 34.9291 53.6163 5.6
    endloop
  endfacet
  facet normal 0 0 -1
    outer loop
      vertex 34.3168 55.0945 5.6
      vertex 34.9291 53.6163 5.6
      vertex 34.8315 53.5701 5.6
    endloop
  endfacet
  facet normal 0 0 -1
    outer loop
      vertex 35.1354 53.6789 5.6
      vertex 34.8233 55.2481 5.6
      vertex 35.0854 55.287 5.6
    endloop
  endfacet
  facet normal 0 0 -1
    outer loop
      vertex 34.0772 54.9812 5.6
      vertex 34.8315 53.5701 5.6
      vertex 34.7389 53.5146 5.6
    endloop
  endfacet
  facet normal 0 0 -1
    outer loop
      vertex 33.85 54.845 5.6
      vertex 34.7389 53.5146 5.6
      vertex 34.6522 53.4503 5.6
    endloop
  endfacet
  facet normal 0 0 -1
    outer loop
      vertex 33.6371 54.6871 5.6
      vertex 34.6522 53.4503 5.6
      vertex 34.5722 53.3778 5.6
    endloop
  endfacet
  facet normal 0 0 -1
    outer loop
      vertex 35.0307 53.6526 5.6
      vertex 34.5662 55.1837 5.6
      vertex 34.8233 55.2481 5.6
    endloop
  endfacet
  facet normal 0 0 -1
    outer loop
      vertex 33.4408 54.5092 5.6
      vertex 34.5722 53.3778 5.6
      vertex 34.4997 53.2978 5.6
    endloop
  endfacet
  facet normal 0 0 -1
    outer loop
      vertex 33.2629 54.3129 5.6
      vertex 34.4997 53.2978 5.6
      vertex 34.4354 53.2111 5.6
    endloop
  endfacet
  facet normal 0 0 -1
    outer loop
      vertex 33.105 54.1 5.6
      vertex 34.4354 53.2111 5.6
      vertex 34.3799 53.1185 5.6
    endloop
  endfacet
  facet normal 0 0 -1
    outer loop
      vertex 32.9688 53.8728 5.6
      vertex 34.3799 53.1185 5.6
      vertex 34.3337 53.021 5.6
    endloop
  endfacet
  facet normal 0 0 -1
    outer loop
      vertex 34.9291 53.6163 5.6
      vertex 34.3168 55.0945 5.6
      vertex 34.5662 55.1837 5.6
    endloop
  endfacet
  facet normal 0 0 -1
    outer loop
      vertex 32.8555 53.6332 5.6
      vertex 34.3337 53.021 5.6
      vertex 34.2974 52.9193 5.6
    endloop
  endfacet
  facet normal 0 0 -1
    outer loop
      vertex 32.7663 53.3838 5.6
      vertex 34.2974 52.9193 5.6
      vertex 34.2711 52.8146 5.6
    endloop
  endfacet
  facet normal 0 0 -1
    outer loop
      vertex 32.7019 53.1267 5.6
      vertex 34.2711 52.8146 5.6
      vertex 34.2553 52.7078 5.6
    endloop
  endfacet
  facet normal 0 0 -1
    outer loop
      vertex 32.663 52.8646 5.6
      vertex 34.2553 52.7078 5.6
      vertex 34.25 52.6 5.6
    endloop
  endfacet
  facet normal 0 0 -1
    outer loop
      vertex 32.9688 51.3272 5.6
      vertex 34.3799 52.0815 5.6
      vertex 33.105 51.1 5.6
    endloop
  endfacet
  facet normal 0 0 -1
    outer loop
      vertex 34.8315 53.5701 5.6
      vertex 34.0772 54.9812 5.6
      vertex 34.3168 55.0945 5.6
    endloop
  endfacet
  facet normal -0 0 -1
    outer loop
      vertex 34.3799 52.0815 5.6
      vertex 32.9688 51.3272 5.6
      vertex 34.3337 52.1791 5.6
    endloop
  endfacet
  facet normal 0 0 -1
    outer loop
      vertex 34.7389 53.5146 5.6
      vertex 33.85 54.845 5.6
      vertex 34.0772 54.9812 5.6
    endloop
  endfacet
  facet normal 0 0 -1
    outer loop
      vertex 32.8555 51.5668 5.6
      vertex 34.3337 52.1791 5.6
      vertex 32.9688 51.3272 5.6
    endloop
  endfacet
  facet normal 0 0 -1
    outer loop
      vertex 34.6522 53.4503 5.6
      vertex 33.6371 54.6871 5.6
      vertex 33.85 54.845 5.6
    endloop
  endfacet
  facet normal -0 0 -1
    outer loop
      vertex 34.3337 52.1791 5.6
      vertex 32.8555 51.5668 5.6
      vertex 34.2974 52.2807 5.6
    endloop
  endfacet
  facet normal 0 0 -1
    outer loop
      vertex 34.5722 53.3778 5.6
      vertex 33.4408 54.5092 5.6
      vertex 33.6371 54.6871 5.6
    endloop
  endfacet
  facet normal 0 0 -1
    outer loop
      vertex 32.7663 51.8162 5.6
      vertex 34.2974 52.2807 5.6
      vertex 32.8555 51.5668 5.6
    endloop
  endfacet
  facet normal 0 0 -1
    outer loop
      vertex 34.4997 53.2978 5.6
      vertex 33.2629 54.3129 5.6
      vertex 33.4408 54.5092 5.6
    endloop
  endfacet
  facet normal -0 0 -1
    outer loop
      vertex 34.2974 52.2807 5.6
      vertex 32.7663 51.8162 5.6
      vertex 34.2711 52.3854 5.6
    endloop
  endfacet
  facet normal 0 0 -1
    outer loop
      vertex 34.4354 53.2111 5.6
      vertex 33.105 54.1 5.6
      vertex 33.2629 54.3129 5.6
    endloop
  endfacet
  facet normal 0 0 -1
    outer loop
      vertex 32.7019 52.0733 5.6
      vertex 34.2711 52.3854 5.6
      vertex 32.7663 51.8162 5.6
    endloop
  endfacet
  facet normal 0 0 -1
    outer loop
      vertex 34.3799 53.1185 5.6
      vertex 32.9688 53.8728 5.6
      vertex 33.105 54.1 5.6
    endloop
  endfacet
  facet normal -0 0 -1
    outer loop
      vertex 34.2711 52.3854 5.6
      vertex 32.7019 52.0733 5.6
      vertex 34.2553 52.4922 5.6
    endloop
  endfacet
  facet normal 0 0 -1
    outer loop
      vertex 34.3337 53.021 5.6
      vertex 32.8555 53.6332 5.6
      vertex 32.9688 53.8728 5.6
    endloop
  endfacet
  facet normal 0 0 -1
    outer loop
      vertex 32.663 52.3354 5.6
      vertex 34.2553 52.4922 5.6
      vertex 32.7019 52.0733 5.6
    endloop
  endfacet
  facet normal 0 0 -1
    outer loop
      vertex 34.2974 52.9193 5.6
      vertex 32.7663 53.3838 5.6
      vertex 32.8555 53.6332 5.6
    endloop
  endfacet
  facet normal -0 0 -1
    outer loop
      vertex 34.2553 52.4922 5.6
      vertex 32.663 52.3354 5.6
      vertex 34.25 52.6 5.6
    endloop
  endfacet
  facet normal 0 0 -1
    outer loop
      vertex 34.2711 52.8146 5.6
      vertex 32.7019 53.1267 5.6
      vertex 32.7663 53.3838 5.6
    endloop
  endfacet
  facet normal 0 0 -1
    outer loop
      vertex 32.65 52.6 5.6
      vertex 34.25 52.6 5.6
      vertex 32.663 52.3354 5.6
    endloop
  endfacet
  facet normal 0 0 -1
    outer loop
      vertex 34.2553 52.7078 5.6
      vertex 32.663 52.8646 5.6
      vertex 32.7019 53.1267 5.6
    endloop
  endfacet
  facet normal 0 0 -1
    outer loop
      vertex 34.25 52.6 5.6
      vertex 32.65 52.6 5.6
      vertex 32.663 52.8646 5.6
    endloop
  endfacet
  facet normal -0.803203 -0.595706 0
    outer loop
      vertex 33.2629 50.8871 5.6
      vertex 33.105 51.1 16.2
      vertex 33.105 51.1 5.6
    endloop
  endfacet
  facet normal -0.803203 -0.595706 0
    outer loop
      vertex 33.105 51.1 16.2
      vertex 33.2629 50.8871 5.6
      vertex 33.2629 50.8871 16.2
    endloop
  endfacet
  facet normal -0.904022 -0.427486 0
    outer loop
      vertex 32.9688 51.3272 5.6
      vertex 32.8555 51.5668 16.2
      vertex 32.8555 51.5668 5.6
    endloop
  endfacet
  facet normal -0.904022 -0.427486 0
    outer loop
      vertex 32.8555 51.5668 16.2
      vertex 32.9688 51.3272 5.6
      vertex 32.9688 51.3272 16.2
    endloop
  endfacet
  facet normal 0.0490716 0.998795 -0
    outer loop
      vertex 35.6146 55.287 5.6
      vertex 35.35 55.3 16.2
      vertex 35.6146 55.287 16.2
    endloop
  endfacet
  facet normal 0.0490716 0.998795 0
    outer loop
      vertex 35.35 55.3 16.2
      vertex 35.6146 55.287 5.6
      vertex 35.35 55.3 5.6
    endloop
  endfacet
  facet normal -0.989165 0.146809 0
    outer loop
      vertex 32.663 52.8646 5.6
      vertex 32.7019 53.1267 16.2
      vertex 32.7019 53.1267 5.6
    endloop
  endfacet
  facet normal -0.989165 0.146809 0
    outer loop
      vertex 32.7019 53.1267 16.2
      vertex 32.663 52.8646 5.6
      vertex 32.663 52.8646 16.2
    endloop
  endfacet
  facet normal 0.989165 -0.146809 0
    outer loop
      vertex 37.9981 52.0733 16.2
      vertex 38.037 52.3354 5.6
      vertex 38.037 52.3354 16.2
    endloop
  endfacet
  facet normal 0.989165 -0.146809 0
    outer loop
      vertex 38.037 52.3354 5.6
      vertex 37.9981 52.0733 16.2
      vertex 37.9981 52.0733 5.6
    endloop
  endfacet
  facet normal 0.146809 -0.989165 0
    outer loop
      vertex 35.6146 49.913 5.6
      vertex 35.8767 49.9519 16.2
      vertex 35.6146 49.913 16.2
    endloop
  endfacet
  facet normal 0.146809 -0.989165 0
    outer loop
      vertex 35.8767 49.9519 16.2
      vertex 35.6146 49.913 5.6
      vertex 35.8767 49.9519 5.6
    endloop
  endfacet
  facet normal 0.427486 -0.904022 0
    outer loop
      vertex 36.3832 50.1055 5.6
      vertex 36.6228 50.2188 16.2
      vertex 36.3832 50.1055 16.2
    endloop
  endfacet
  facet normal 0.427486 -0.904022 0
    outer loop
      vertex 36.6228 50.2188 16.2
      vertex 36.3832 50.1055 5.6
      vertex 36.6228 50.2188 5.6
    endloop
  endfacet
  facet normal 0.740981 -0.671526 0
    outer loop
      vertex 37.2592 50.6908 16.2
      vertex 37.4371 50.8871 5.6
      vertex 37.4371 50.8871 16.2
    endloop
  endfacet
  facet normal 0.740981 -0.671526 0
    outer loop
      vertex 37.4371 50.8871 5.6
      vertex 37.2592 50.6908 16.2
      vertex 37.2592 50.6908 5.6
    endloop
  endfacet
  facet normal 0.595706 -0.803203 0
    outer loop
      vertex 36.85 50.355 5.6
      vertex 37.0629 50.5129 16.2
      vertex 36.85 50.355 16.2
    endloop
  endfacet
  facet normal 0.595706 -0.803203 0
    outer loop
      vertex 37.0629 50.5129 16.2
      vertex 36.85 50.355 5.6
      vertex 37.0629 50.5129 5.6
    endloop
  endfacet
  facet normal 0.857693 -0.514163 0
    outer loop
      vertex 37.595 51.1 16.2
      vertex 37.7312 51.3272 5.6
      vertex 37.7312 51.3272 16.2
    endloop
  endfacet
  facet normal 0.857693 -0.514163 0
    outer loop
      vertex 37.7312 51.3272 5.6
      vertex 37.595 51.1 16.2
      vertex 37.595 51.1 5.6
    endloop
  endfacet
  facet normal -0.242979 -0.970031 0
    outer loop
      vertex 34.5662 50.0163 5.6
      vertex 34.8233 49.9519 16.2
      vertex 34.5662 50.0163 16.2
    endloop
  endfacet
  facet normal -0.242979 -0.970031 -0
    outer loop
      vertex 34.8233 49.9519 16.2
      vertex 34.5662 50.0163 5.6
      vertex 34.8233 49.9519 5.6
    endloop
  endfacet
  facet normal -0.595706 -0.803203 0
    outer loop
      vertex 33.6371 50.5129 5.6
      vertex 33.85 50.355 16.2
      vertex 33.6371 50.5129 16.2
    endloop
  endfacet
  facet normal -0.595706 -0.803203 -0
    outer loop
      vertex 33.85 50.355 16.2
      vertex 33.6371 50.5129 5.6
      vertex 33.85 50.355 5.6
    endloop
  endfacet
  facet normal -0.941588 -0.336767 0
    outer loop
      vertex 32.8555 51.5668 5.6
      vertex 32.7663 51.8162 16.2
      vertex 32.7663 51.8162 5.6
    endloop
  endfacet
  facet normal -0.941588 -0.336767 0
    outer loop
      vertex 32.7663 51.8162 16.2
      vertex 32.8555 51.5668 5.6
      vertex 32.8555 51.5668 16.2
    endloop
  endfacet
  facet normal -0.989165 -0.146809 0
    outer loop
      vertex 32.7019 52.0733 5.6
      vertex 32.663 52.3354 16.2
      vertex 32.663 52.3354 5.6
    endloop
  endfacet
  facet normal -0.989165 -0.146809 0
    outer loop
      vertex 32.663 52.3354 16.2
      vertex 32.7019 52.0733 5.6
      vertex 32.7019 52.0733 16.2
    endloop
  endfacet
  facet normal -0.857693 -0.514163 0
    outer loop
      vertex 33.105 51.1 5.6
      vertex 32.9688 51.3272 16.2
      vertex 32.9688 51.3272 5.6
    endloop
  endfacet
  facet normal -0.857693 -0.514163 0
    outer loop
      vertex 32.9688 51.3272 16.2
      vertex 33.105 51.1 5.6
      vertex 33.105 51.1 16.2
    endloop
  endfacet
  facet normal -0.740981 -0.671526 0
    outer loop
      vertex 33.4408 50.6908 5.6
      vertex 33.2629 50.8871 16.2
      vertex 33.2629 50.8871 5.6
    endloop
  endfacet
  facet normal -0.740981 -0.671526 0
    outer loop
      vertex 33.2629 50.8871 16.2
      vertex 33.4408 50.6908 5.6
      vertex 33.4408 50.6908 16.2
    endloop
  endfacet
  facet normal 0.242979 -0.970031 0
    outer loop
      vertex 35.8767 49.9519 5.6
      vertex 36.1338 50.0163 16.2
      vertex 35.8767 49.9519 16.2
    endloop
  endfacet
  facet normal 0.242979 -0.970031 0
    outer loop
      vertex 36.1338 50.0163 16.2
      vertex 35.8767 49.9519 5.6
      vertex 36.1338 50.0163 5.6
    endloop
  endfacet
  facet normal 0.998799 0.0489977 0
    outer loop
      vertex 8.05 122.6 16.2
      vertex 8.037 122.865 5.6
      vertex 8.037 122.865 16.2
    endloop
  endfacet
  facet normal 0.998799 0.0489977 0
    outer loop
      vertex 8.037 122.865 5.6
      vertex 8.05 122.6 16.2
      vertex 8.05 122.6 5.6
    endloop
  endfacet
  facet normal -0.998799 0.0489977 0
    outer loop
      vertex 2.65 122.6 5.6
      vertex 2.663 122.865 16.2
      vertex 2.663 122.865 5.6
    endloop
  endfacet
  facet normal -0.998799 0.0489977 0
    outer loop
      vertex 2.663 122.865 16.2
      vertex 2.65 122.6 5.6
      vertex 2.65 122.6 16.2
    endloop
  endfacet
  facet normal -0.0490623 0.998796 0
    outer loop
      vertex 5.35 125.3 5.6
      vertex 5.08535 125.287 16.2
      vertex 5.35 125.3 16.2
    endloop
  endfacet
  facet normal -0.0490623 0.998796 0
    outer loop
      vertex 5.08535 125.287 16.2
      vertex 5.35 125.3 5.6
      vertex 5.08535 125.287 5.6
    endloop
  endfacet
  facet normal 0.671677 0.740844 -0
    outer loop
      vertex 7.25919 124.509 5.6
      vertex 7.06286 124.687 16.2
      vertex 7.25919 124.509 16.2
    endloop
  endfacet
  facet normal 0.671677 0.740844 0
    outer loop
      vertex 7.06286 124.687 16.2
      vertex 7.25919 124.509 5.6
      vertex 7.06286 124.687 5.6
    endloop
  endfacet
  facet normal -0.671677 0.740844 0
    outer loop
      vertex 3.63714 124.687 5.6
      vertex 3.44081 124.509 16.2
      vertex 3.63714 124.687 16.2
    endloop
  endfacet
  facet normal -0.671677 0.740844 0
    outer loop
      vertex 3.44081 124.509 16.2
      vertex 3.63714 124.687 5.6
      vertex 3.44081 124.509 5.6
    endloop
  endfacet
  facet normal -0.426677 0.904404 0
    outer loop
      vertex 4.31675 125.094 5.6
      vertex 4.07723 124.981 16.2
      vertex 4.31675 125.094 16.2
    endloop
  endfacet
  facet normal -0.426677 0.904404 0
    outer loop
      vertex 4.07723 124.981 16.2
      vertex 4.31675 125.094 5.6
      vertex 4.07723 124.981 5.6
    endloop
  endfacet
  facet normal 0.904326 0.426842 0
    outer loop
      vertex 7.84447 123.633 16.2
      vertex 7.73119 123.873 5.6
      vertex 7.73119 123.873 16.2
    endloop
  endfacet
  facet normal 0.904326 0.426842 0
    outer loop
      vertex 7.73119 123.873 5.6
      vertex 7.84447 123.633 16.2
      vertex 7.84447 123.633 5.6
    endloop
  endfacet
  facet normal 0.339356 0.940658 -0
    outer loop
      vertex 6.38324 125.094 5.6
      vertex 6.13377 125.184 16.2
      vertex 6.38324 125.094 16.2
    endloop
  endfacet
  facet normal 0.339356 0.940658 0
    outer loop
      vertex 6.13377 125.184 16.2
      vertex 6.38324 125.094 5.6
      vertex 6.13377 125.184 5.6
    endloop
  endfacet
  facet normal 0.51349 0.858095 -0
    outer loop
      vertex 6.85004 124.845 5.6
      vertex 6.62277 124.981 16.2
      vertex 6.85004 124.845 16.2
    endloop
  endfacet
  facet normal 0.51349 0.858095 0
    outer loop
      vertex 6.62277 124.981 16.2
      vertex 6.85004 124.845 5.6
      vertex 6.62277 124.981 5.6
    endloop
  endfacet
  facet normal -0.904326 0.426842 0
    outer loop
      vertex 2.85553 123.633 5.6
      vertex 2.96881 123.873 16.2
      vertex 2.96881 123.873 5.6
    endloop
  endfacet
  facet normal -0.904326 0.426842 0
    outer loop
      vertex 2.96881 123.873 16.2
      vertex 2.85553 123.633 5.6
      vertex 2.85553 123.633 16.2
    endloop
  endfacet
  facet normal -0.241621 0.970371 0
    outer loop
      vertex 4.82326 125.248 5.6
      vertex 4.56623 125.184 16.2
      vertex 4.82326 125.248 16.2
    endloop
  endfacet
  facet normal -0.241621 0.970371 0
    outer loop
      vertex 4.56623 125.184 16.2
      vertex 4.82326 125.248 5.6
      vertex 4.56623 125.184 5.6
    endloop
  endfacet
  facet normal 0.941332 -0.337481 0
    outer loop
      vertex 7.84447 121.567 16.2
      vertex 7.93374 121.816 5.6
      vertex 7.93374 121.816 16.2
    endloop
  endfacet
  facet normal 0.941332 -0.337481 0
    outer loop
      vertex 7.93374 121.816 5.6
      vertex 7.84447 121.567 16.2
      vertex 7.84447 121.567 5.6
    endloop
  endfacet
  facet normal -0.941332 -0.337481 0
    outer loop
      vertex 2.85553 121.567 5.6
      vertex 2.76626 121.816 16.2
      vertex 2.76626 121.816 5.6
    endloop
  endfacet
  facet normal -0.941332 -0.337481 0
    outer loop
      vertex 2.76626 121.816 16.2
      vertex 2.85553 121.567 5.6
      vertex 2.85553 121.567 16.2
    endloop
  endfacet
  facet normal 0.970027 0.242997 0
    outer loop
      vertex 7.99812 123.127 16.2
      vertex 7.93374 123.384 5.6
      vertex 7.93374 123.384 16.2
    endloop
  endfacet
  facet normal 0.970027 0.242997 0
    outer loop
      vertex 7.93374 123.384 5.6
      vertex 7.99812 123.127 16.2
      vertex 7.99812 123.127 5.6
    endloop
  endfacet
  facet normal 0.989168 0.146789 0
    outer loop
      vertex 8.037 122.865 16.2
      vertex 7.99812 123.127 5.6
      vertex 7.99812 123.127 16.2
    endloop
  endfacet
  facet normal 0.989168 0.146789 0
    outer loop
      vertex 7.99812 123.127 5.6
      vertex 8.037 122.865 16.2
      vertex 8.037 122.865 5.6
    endloop
  endfacet
  facet normal 0.941332 0.337481 0
    outer loop
      vertex 7.93374 123.384 16.2
      vertex 7.84447 123.633 5.6
      vertex 7.84447 123.633 16.2
    endloop
  endfacet
  facet normal 0.941332 0.337481 0
    outer loop
      vertex 7.84447 123.633 5.6
      vertex 7.93374 123.384 16.2
      vertex 7.93374 123.384 5.6
    endloop
  endfacet
  facet normal 0.803445 0.595379 0
    outer loop
      vertex 7.59497 124.1 16.2
      vertex 7.43713 124.313 5.6
      vertex 7.43713 124.313 16.2
    endloop
  endfacet
  facet normal 0.803445 0.595379 0
    outer loop
      vertex 7.43713 124.313 5.6
      vertex 7.59497 124.1 16.2
      vertex 7.59497 124.1 5.6
    endloop
  endfacet
  facet normal 0.740395 0.672173 0
    outer loop
      vertex 7.43713 124.313 16.2
      vertex 7.25919 124.509 5.6
      vertex 7.25919 124.509 16.2
    endloop
  endfacet
  facet normal 0.740395 0.672173 0
    outer loop
      vertex 7.25919 124.509 5.6
      vertex 7.43713 124.313 16.2
      vertex 7.43713 124.313 5.6
    endloop
  endfacet
  facet normal 0.85746 0.514551 0
    outer loop
      vertex 7.73119 123.873 16.2
      vertex 7.59497 124.1 5.6
      vertex 7.59497 124.1 16.2
    endloop
  endfacet
  facet normal 0.85746 0.514551 0
    outer loop
      vertex 7.59497 124.1 5.6
      vertex 7.73119 123.873 16.2
      vertex 7.73119 123.873 5.6
    endloop
  endfacet
  facet normal 0.147183 0.989109 -0
    outer loop
      vertex 5.87674 125.248 5.6
      vertex 5.61465 125.287 16.2
      vertex 5.87674 125.248 16.2
    endloop
  endfacet
  facet normal 0.147183 0.989109 0
    outer loop
      vertex 5.61465 125.287 16.2
      vertex 5.87674 125.248 5.6
      vertex 5.61465 125.287 5.6
    endloop
  endfacet
  facet normal 0.241621 0.970371 -0
    outer loop
      vertex 6.13377 125.184 5.6
      vertex 5.87674 125.248 16.2
      vertex 6.13377 125.184 16.2
    endloop
  endfacet
  facet normal 0.241621 0.970371 0
    outer loop
      vertex 5.87674 125.248 16.2
      vertex 6.13377 125.184 5.6
      vertex 5.87674 125.248 5.6
    endloop
  endfacet
  facet normal 0.0490623 0.998796 -0
    outer loop
      vertex 5.61465 125.287 5.6
      vertex 5.35 125.3 16.2
      vertex 5.61465 125.287 16.2
    endloop
  endfacet
  facet normal 0.0490623 0.998796 0
    outer loop
      vertex 5.35 125.3 16.2
      vertex 5.61465 125.287 5.6
      vertex 5.35 125.3 5.6
    endloop
  endfacet
  facet normal 0.426662 0.904411 -0
    outer loop
      vertex 6.62277 124.981 5.6
      vertex 6.38324 125.094 16.2
      vertex 6.62277 124.981 16.2
    endloop
  endfacet
  facet normal 0.426662 0.904411 0
    outer loop
      vertex 6.38324 125.094 16.2
      vertex 6.62277 124.981 5.6
      vertex 6.38324 125.094 5.6
    endloop
  endfacet
  facet normal 0.596093 0.802915 -0
    outer loop
      vertex 7.06286 124.687 5.6
      vertex 6.85004 124.845 16.2
      vertex 7.06286 124.687 16.2
    endloop
  endfacet
  facet normal 0.596093 0.802915 0
    outer loop
      vertex 6.85004 124.845 16.2
      vertex 7.06286 124.687 5.6
      vertex 6.85004 124.845 5.6
    endloop
  endfacet
  facet normal -0.970027 0.242997 0
    outer loop
      vertex 2.70188 123.127 5.6
      vertex 2.76626 123.384 16.2
      vertex 2.76626 123.384 5.6
    endloop
  endfacet
  facet normal -0.970027 0.242997 0
    outer loop
      vertex 2.76626 123.384 16.2
      vertex 2.70188 123.127 5.6
      vertex 2.70188 123.127 16.2
    endloop
  endfacet
  facet normal -0.803445 0.595379 0
    outer loop
      vertex 3.10503 124.1 5.6
      vertex 3.26287 124.313 16.2
      vertex 3.26287 124.313 5.6
    endloop
  endfacet
  facet normal -0.803445 0.595379 0
    outer loop
      vertex 3.26287 124.313 16.2
      vertex 3.10503 124.1 5.6
      vertex 3.10503 124.1 16.2
    endloop
  endfacet
  facet normal -0.740395 0.672173 0
    outer loop
      vertex 3.26287 124.313 5.6
      vertex 3.44081 124.509 16.2
      vertex 3.44081 124.509 5.6
    endloop
  endfacet
  facet normal -0.740395 0.672173 0
    outer loop
      vertex 3.44081 124.509 16.2
      vertex 3.26287 124.313 5.6
      vertex 3.26287 124.313 16.2
    endloop
  endfacet
  facet normal -0.85746 0.514551 0
    outer loop
      vertex 2.96881 123.873 5.6
      vertex 3.10503 124.1 16.2
      vertex 3.10503 124.1 5.6
    endloop
  endfacet
  facet normal -0.85746 0.514551 0
    outer loop
      vertex 3.10503 124.1 16.2
      vertex 2.96881 123.873 5.6
      vertex 2.96881 123.873 16.2
    endloop
  endfacet
  facet normal -0.941332 0.337481 0
    outer loop
      vertex 2.76626 123.384 5.6
      vertex 2.85553 123.633 16.2
      vertex 2.85553 123.633 5.6
    endloop
  endfacet
  facet normal -0.941332 0.337481 0
    outer loop
      vertex 2.85553 123.633 16.2
      vertex 2.76626 123.384 5.6
      vertex 2.76626 123.384 16.2
    endloop
  endfacet
  facet normal -0.989168 0.146789 0
    outer loop
      vertex 2.663 122.865 5.6
      vertex 2.70188 123.127 16.2
      vertex 2.70188 123.127 5.6
    endloop
  endfacet
  facet normal -0.989168 0.146789 0
    outer loop
      vertex 2.70188 123.127 16.2
      vertex 2.663 122.865 5.6
      vertex 2.663 122.865 16.2
    endloop
  endfacet
  facet normal -0.51349 0.858095 0
    outer loop
      vertex 4.07723 124.981 5.6
      vertex 3.84996 124.845 16.2
      vertex 4.07723 124.981 16.2
    endloop
  endfacet
  facet normal -0.51349 0.858095 0
    outer loop
      vertex 3.84996 124.845 16.2
      vertex 4.07723 124.981 5.6
      vertex 3.84996 124.845 5.6
    endloop
  endfacet
  facet normal -0.596093 0.802915 0
    outer loop
      vertex 3.84996 124.845 5.6
      vertex 3.63714 124.687 16.2
      vertex 3.84996 124.845 16.2
    endloop
  endfacet
  facet normal -0.596093 0.802915 0
    outer loop
      vertex 3.63714 124.687 16.2
      vertex 3.84996 124.845 5.6
      vertex 3.63714 124.687 5.6
    endloop
  endfacet
  facet normal -0.339344 0.940662 0
    outer loop
      vertex 4.56623 125.184 5.6
      vertex 4.31675 125.094 16.2
      vertex 4.56623 125.184 16.2
    endloop
  endfacet
  facet normal -0.339344 0.940662 0
    outer loop
      vertex 4.31675 125.094 16.2
      vertex 4.56623 125.184 5.6
      vertex 4.31675 125.094 5.6
    endloop
  endfacet
  facet normal -0.147183 0.989109 0
    outer loop
      vertex 5.08535 125.287 5.6
      vertex 4.82326 125.248 16.2
      vertex 5.08535 125.287 16.2
    endloop
  endfacet
  facet normal -0.147183 0.989109 0
    outer loop
      vertex 4.82326 125.248 16.2
      vertex 5.08535 125.287 5.6
      vertex 4.82326 125.248 5.6
    endloop
  endfacet
  facet normal 0.998799 -0.0489977 0
    outer loop
      vertex 8.037 122.335 16.2
      vertex 8.05 122.6 5.6
      vertex 8.05 122.6 16.2
    endloop
  endfacet
  facet normal 0.998799 -0.0489977 0
    outer loop
      vertex 8.05 122.6 5.6
      vertex 8.037 122.335 16.2
      vertex 8.037 122.335 5.6
    endloop
  endfacet
  facet normal 0.147183 -0.989109 0
    outer loop
      vertex 5.61465 119.913 5.6
      vertex 5.87674 119.952 16.2
      vertex 5.61465 119.913 16.2
    endloop
  endfacet
  facet normal 0.147183 -0.989109 0
    outer loop
      vertex 5.87674 119.952 16.2
      vertex 5.61465 119.913 5.6
      vertex 5.87674 119.952 5.6
    endloop
  endfacet
  facet normal 0.0490623 -0.998796 0
    outer loop
      vertex 5.35 119.9 5.6
      vertex 5.61465 119.913 16.2
      vertex 5.35 119.9 16.2
    endloop
  endfacet
  facet normal 0.0490623 -0.998796 0
    outer loop
      vertex 5.61465 119.913 16.2
      vertex 5.35 119.9 5.6
      vertex 5.61465 119.913 5.6
    endloop
  endfacet
  facet normal 0.339356 -0.940658 0
    outer loop
      vertex 6.13377 120.016 5.6
      vertex 6.38324 120.106 16.2
      vertex 6.13377 120.016 16.2
    endloop
  endfacet
  facet normal 0.339356 -0.940658 0
    outer loop
      vertex 6.38324 120.106 16.2
      vertex 6.13377 120.016 5.6
      vertex 6.38324 120.106 5.6
    endloop
  endfacet
  facet normal 0.671677 -0.740844 0
    outer loop
      vertex 7.06286 120.513 5.6
      vertex 7.25919 120.691 16.2
      vertex 7.06286 120.513 16.2
    endloop
  endfacet
  facet normal 0.671677 -0.740844 0
    outer loop
      vertex 7.25919 120.691 16.2
      vertex 7.06286 120.513 5.6
      vertex 7.25919 120.691 5.6
    endloop
  endfacet
  facet normal 0.51349 -0.858095 0
    outer loop
      vertex 6.62277 120.219 5.6
      vertex 6.85004 120.355 16.2
      vertex 6.62277 120.219 16.2
    endloop
  endfacet
  facet normal 0.51349 -0.858095 0
    outer loop
      vertex 6.85004 120.355 16.2
      vertex 6.62277 120.219 5.6
      vertex 6.85004 120.355 5.6
    endloop
  endfacet
  facet normal 0.803445 -0.595379 0
    outer loop
      vertex 7.43713 120.887 16.2
      vertex 7.59497 121.1 5.6
      vertex 7.59497 121.1 16.2
    endloop
  endfacet
  facet normal 0.803445 -0.595379 0
    outer loop
      vertex 7.59497 121.1 5.6
      vertex 7.43713 120.887 16.2
      vertex 7.43713 120.887 5.6
    endloop
  endfacet
  facet normal 0.904326 -0.426842 0
    outer loop
      vertex 7.73119 121.327 16.2
      vertex 7.84447 121.567 5.6
      vertex 7.84447 121.567 16.2
    endloop
  endfacet
  facet normal 0.904326 -0.426842 0
    outer loop
      vertex 7.84447 121.567 5.6
      vertex 7.73119 121.327 16.2
      vertex 7.73119 121.327 5.6
    endloop
  endfacet
  facet normal -0.671677 -0.740844 0
    outer loop
      vertex 3.44081 120.691 5.6
      vertex 3.63714 120.513 16.2
      vertex 3.44081 120.691 16.2
    endloop
  endfacet
  facet normal -0.671677 -0.740844 -0
    outer loop
      vertex 3.63714 120.513 16.2
      vertex 3.44081 120.691 5.6
      vertex 3.63714 120.513 5.6
    endloop
  endfacet
  facet normal -0.51349 -0.858095 0
    outer loop
      vertex 3.84996 120.355 5.6
      vertex 4.07723 120.219 16.2
      vertex 3.84996 120.355 16.2
    endloop
  endfacet
  facet normal -0.51349 -0.858095 -0
    outer loop
      vertex 4.07723 120.219 16.2
      vertex 3.84996 120.355 5.6
      vertex 4.07723 120.219 5.6
    endloop
  endfacet
  facet normal -0.339344 -0.940662 0
    outer loop
      vertex 4.31675 120.106 5.6
      vertex 4.56623 120.016 16.2
      vertex 4.31675 120.106 16.2
    endloop
  endfacet
  facet normal -0.339344 -0.940662 -0
    outer loop
      vertex 4.56623 120.016 16.2
      vertex 4.31675 120.106 5.6
      vertex 4.56623 120.016 5.6
    endloop
  endfacet
  facet normal -0.147183 -0.989109 0
    outer loop
      vertex 4.82326 119.952 5.6
      vertex 5.08535 119.913 16.2
      vertex 4.82326 119.952 16.2
    endloop
  endfacet
  facet normal -0.147183 -0.989109 -0
    outer loop
      vertex 5.08535 119.913 16.2
      vertex 4.82326 119.952 5.6
      vertex 5.08535 119.913 5.6
    endloop
  endfacet
  facet normal -0.803445 -0.595379 0
    outer loop
      vertex 3.26287 120.887 5.6
      vertex 3.10503 121.1 16.2
      vertex 3.10503 121.1 5.6
    endloop
  endfacet
  facet normal -0.803445 -0.595379 0
    outer loop
      vertex 3.10503 121.1 16.2
      vertex 3.26287 120.887 5.6
      vertex 3.26287 120.887 16.2
    endloop
  endfacet
  facet normal -0.904326 -0.426842 0
    outer loop
      vertex 2.96881 121.327 5.6
      vertex 2.85553 121.567 16.2
      vertex 2.85553 121.567 5.6
    endloop
  endfacet
  facet normal -0.904326 -0.426842 0
    outer loop
      vertex 2.85553 121.567 16.2
      vertex 2.96881 121.327 5.6
      vertex 2.96881 121.327 16.2
    endloop
  endfacet
  facet normal -0.85746 -0.514551 0
    outer loop
      vertex 3.10503 121.1 5.6
      vertex 2.96881 121.327 16.2
      vertex 2.96881 121.327 5.6
    endloop
  endfacet
  facet normal -0.85746 -0.514551 0
    outer loop
      vertex 2.96881 121.327 16.2
      vertex 3.10503 121.1 5.6
      vertex 3.10503 121.1 16.2
    endloop
  endfacet
  facet normal -0.998799 -0.0489977 0
    outer loop
      vertex 2.663 122.335 5.6
      vertex 2.65 122.6 16.2
      vertex 2.65 122.6 5.6
    endloop
  endfacet
  facet normal -0.998799 -0.0489977 0
    outer loop
      vertex 2.65 122.6 16.2
      vertex 2.663 122.335 5.6
      vertex 2.663 122.335 16.2
    endloop
  endfacet
  facet normal -0.970027 -0.242997 0
    outer loop
      vertex 2.76626 121.816 5.6
      vertex 2.70188 122.073 16.2
      vertex 2.70188 122.073 5.6
    endloop
  endfacet
  facet normal -0.970027 -0.242997 0
    outer loop
      vertex 2.70188 122.073 16.2
      vertex 2.76626 121.816 5.6
      vertex 2.76626 121.816 16.2
    endloop
  endfacet
  facet normal 0 0 -1
    outer loop
      vertex 6.45 122.6 5.6
      vertex 8.05 122.6 5.6
      vertex 8.037 122.335 5.6
    endloop
  endfacet
  facet normal 0 0 -1
    outer loop
      vertex 6.4447 122.492 5.6
      vertex 8.037 122.335 5.6
      vertex 7.99812 122.073 5.6
    endloop
  endfacet
  facet normal 0 0 -1
    outer loop
      vertex 8.05 122.6 5.6
      vertex 6.45 122.6 5.6
      vertex 8.037 122.865 5.6
    endloop
  endfacet
  facet normal 0 0 -1
    outer loop
      vertex 6.42886 122.385 5.6
      vertex 7.99812 122.073 5.6
      vertex 7.93374 121.816 5.6
    endloop
  endfacet
  facet normal 0 0 -1
    outer loop
      vertex 6.4447 122.708 5.6
      vertex 8.037 122.865 5.6
      vertex 6.45 122.6 5.6
    endloop
  endfacet
  facet normal 0 0 -1
    outer loop
      vertex 6.40263 122.281 5.6
      vertex 7.93374 121.816 5.6
      vertex 7.84447 121.567 5.6
    endloop
  endfacet
  facet normal -0 0 -1
    outer loop
      vertex 8.037 122.865 5.6
      vertex 6.4447 122.708 5.6
      vertex 7.99812 123.127 5.6
    endloop
  endfacet
  facet normal 0 0 -1
    outer loop
      vertex 6.36627 122.179 5.6
      vertex 7.84447 121.567 5.6
      vertex 7.73119 121.327 5.6
    endloop
  endfacet
  facet normal 0 0 -1
    outer loop
      vertex 6.42886 122.815 5.6
      vertex 7.99812 123.127 5.6
      vertex 6.4447 122.708 5.6
    endloop
  endfacet
  facet normal 0 0 -1
    outer loop
      vertex 6.32011 122.081 5.6
      vertex 7.73119 121.327 5.6
      vertex 7.59497 121.1 5.6
    endloop
  endfacet
  facet normal -0 0 -1
    outer loop
      vertex 7.99812 123.127 5.6
      vertex 6.42886 122.815 5.6
      vertex 7.93374 123.384 5.6
    endloop
  endfacet
  facet normal 0 0 -1
    outer loop
      vertex 6.26462 121.989 5.6
      vertex 7.59497 121.1 5.6
      vertex 7.43713 120.887 5.6
    endloop
  endfacet
  facet normal 0 0 -1
    outer loop
      vertex 6.40263 122.919 5.6
      vertex 7.93374 123.384 5.6
      vertex 6.42886 122.815 5.6
    endloop
  endfacet
  facet normal 0 0 -1
    outer loop
      vertex 6.20031 121.902 5.6
      vertex 7.43713 120.887 5.6
      vertex 7.25919 120.691 5.6
    endloop
  endfacet
  facet normal -0 0 -1
    outer loop
      vertex 7.93374 123.384 5.6
      vertex 6.40263 122.919 5.6
      vertex 7.84447 123.633 5.6
    endloop
  endfacet
  facet normal 0 0 -1
    outer loop
      vertex 6.12782 121.822 5.6
      vertex 7.25919 120.691 5.6
      vertex 7.06286 120.513 5.6
    endloop
  endfacet
  facet normal 0 0 -1
    outer loop
      vertex 6.36627 123.021 5.6
      vertex 7.84447 123.633 5.6
      vertex 6.40263 122.919 5.6
    endloop
  endfacet
  facet normal 0 0 -1
    outer loop
      vertex 6.04783 121.75 5.6
      vertex 7.06286 120.513 5.6
      vertex 6.85004 120.355 5.6
    endloop
  endfacet
  facet normal -0 0 -1
    outer loop
      vertex 7.84447 123.633 5.6
      vertex 6.36627 123.021 5.6
      vertex 7.73119 123.873 5.6
    endloop
  endfacet
  facet normal 0 0 -1
    outer loop
      vertex 5.96113 121.685 5.6
      vertex 6.85004 120.355 5.6
      vertex 6.62277 120.219 5.6
    endloop
  endfacet
  facet normal 0 0 -1
    outer loop
      vertex 6.32011 123.119 5.6
      vertex 7.73119 123.873 5.6
      vertex 6.36627 123.021 5.6
    endloop
  endfacet
  facet normal -0 0 -1
    outer loop
      vertex 7.73119 123.873 5.6
      vertex 6.32011 123.119 5.6
      vertex 7.59497 124.1 5.6
    endloop
  endfacet
  facet normal 0 0 -1
    outer loop
      vertex 8.037 122.335 5.6
      vertex 6.4447 122.492 5.6
      vertex 6.45 122.6 5.6
    endloop
  endfacet
  facet normal 0 0 -1
    outer loop
      vertex 7.99812 122.073 5.6
      vertex 6.42886 122.385 5.6
      vertex 6.4447 122.492 5.6
    endloop
  endfacet
  facet normal 0 0 -1
    outer loop
      vertex 7.93374 121.816 5.6
      vertex 6.40263 122.281 5.6
      vertex 6.42886 122.385 5.6
    endloop
  endfacet
  facet normal 0 0 -1
    outer loop
      vertex 5.86854 121.63 5.6
      vertex 6.62277 120.219 5.6
      vertex 6.38324 120.106 5.6
    endloop
  endfacet
  facet normal 0 0 -1
    outer loop
      vertex 7.84447 121.567 5.6
      vertex 6.36627 122.179 5.6
      vertex 6.40263 122.281 5.6
    endloop
  endfacet
  facet normal 0 0 -1
    outer loop
      vertex 7.73119 121.327 5.6
      vertex 6.32011 122.081 5.6
      vertex 6.36627 122.179 5.6
    endloop
  endfacet
  facet normal 0 0 -1
    outer loop
      vertex 7.59497 121.1 5.6
      vertex 6.26462 121.989 5.6
      vertex 6.32011 122.081 5.6
    endloop
  endfacet
  facet normal 0 0 -1
    outer loop
      vertex 7.43713 120.887 5.6
      vertex 6.20031 121.902 5.6
      vertex 6.26462 121.989 5.6
    endloop
  endfacet
  facet normal 0 0 -1
    outer loop
      vertex 5.77095 121.584 5.6
      vertex 6.38324 120.106 5.6
      vertex 6.13377 120.016 5.6
    endloop
  endfacet
  facet normal 0 0 -1
    outer loop
      vertex 7.25919 120.691 5.6
      vertex 6.12782 121.822 5.6
      vertex 6.20031 121.902 5.6
    endloop
  endfacet
  facet normal 0 0 -1
    outer loop
      vertex 7.06286 120.513 5.6
      vertex 6.04783 121.75 5.6
      vertex 6.12782 121.822 5.6
    endloop
  endfacet
  facet normal 0 0 -1
    outer loop
      vertex 6.85004 120.355 5.6
      vertex 5.96113 121.685 5.6
      vertex 6.04783 121.75 5.6
    endloop
  endfacet
  facet normal 0 0 -1
    outer loop
      vertex 5.66931 121.547 5.6
      vertex 6.13377 120.016 5.6
      vertex 5.87674 119.952 5.6
    endloop
  endfacet
  facet normal 0 0 -1
    outer loop
      vertex 6.62277 120.219 5.6
      vertex 5.86854 121.63 5.6
      vertex 5.96113 121.685 5.6
    endloop
  endfacet
  facet normal 0 0 -1
    outer loop
      vertex 6.38324 120.106 5.6
      vertex 5.77095 121.584 5.6
      vertex 5.86854 121.63 5.6
    endloop
  endfacet
  facet normal 0 0 -1
    outer loop
      vertex 6.13377 120.016 5.6
      vertex 5.66931 121.547 5.6
      vertex 5.77095 121.584 5.6
    endloop
  endfacet
  facet normal 0 0 -1
    outer loop
      vertex 5.5646 121.521 5.6
      vertex 5.87674 119.952 5.6
      vertex 5.61465 119.913 5.6
    endloop
  endfacet
  facet normal 0 0 -1
    outer loop
      vertex 5.87674 119.952 5.6
      vertex 5.5646 121.521 5.6
      vertex 5.66931 121.547 5.6
    endloop
  endfacet
  facet normal 0 0 -1
    outer loop
      vertex 5.61465 119.913 5.6
      vertex 5.45782 121.505 5.6
      vertex 5.5646 121.521 5.6
    endloop
  endfacet
  facet normal 0 0 -1
    outer loop
      vertex 5.61465 119.913 5.6
      vertex 5.35 121.5 5.6
      vertex 5.45782 121.505 5.6
    endloop
  endfacet
  facet normal 0 0 -1
    outer loop
      vertex 5.35 119.9 5.6
      vertex 5.35 121.5 5.6
      vertex 5.61465 119.913 5.6
    endloop
  endfacet
  facet normal 0 0 -1
    outer loop
      vertex 5.35 119.9 5.6
      vertex 5.24218 121.505 5.6
      vertex 5.35 121.5 5.6
    endloop
  endfacet
  facet normal 0 0 -1
    outer loop
      vertex 5.08535 119.913 5.6
      vertex 5.24218 121.505 5.6
      vertex 5.35 119.9 5.6
    endloop
  endfacet
  facet normal -0 0 -1
    outer loop
      vertex 5.24218 121.505 5.6
      vertex 5.08535 119.913 5.6
      vertex 5.1354 121.521 5.6
    endloop
  endfacet
  facet normal 0 0 -1
    outer loop
      vertex 4.82326 119.952 5.6
      vertex 5.1354 121.521 5.6
      vertex 5.08535 119.913 5.6
    endloop
  endfacet
  facet normal -0 0 -1
    outer loop
      vertex 5.1354 121.521 5.6
      vertex 4.82326 119.952 5.6
      vertex 5.03069 121.547 5.6
    endloop
  endfacet
  facet normal 0 0 -1
    outer loop
      vertex 4.56623 120.016 5.6
      vertex 5.03069 121.547 5.6
      vertex 4.82326 119.952 5.6
    endloop
  endfacet
  facet normal -0 0 -1
    outer loop
      vertex 5.03069 121.547 5.6
      vertex 4.56623 120.016 5.6
      vertex 4.92905 121.584 5.6
    endloop
  endfacet
  facet normal 0 0 -1
    outer loop
      vertex 4.31675 120.106 5.6
      vertex 4.92905 121.584 5.6
      vertex 4.56623 120.016 5.6
    endloop
  endfacet
  facet normal -0 0 -1
    outer loop
      vertex 4.92905 121.584 5.6
      vertex 4.31675 120.106 5.6
      vertex 4.83146 121.63 5.6
    endloop
  endfacet
  facet normal 0 0 -1
    outer loop
      vertex 4.07723 120.219 5.6
      vertex 4.83146 121.63 5.6
      vertex 4.31675 120.106 5.6
    endloop
  endfacet
  facet normal -0 0 -1
    outer loop
      vertex 4.83146 121.63 5.6
      vertex 4.07723 120.219 5.6
      vertex 4.73887 121.685 5.6
    endloop
  endfacet
  facet normal 0 0 -1
    outer loop
      vertex 3.84996 120.355 5.6
      vertex 4.73887 121.685 5.6
      vertex 4.07723 120.219 5.6
    endloop
  endfacet
  facet normal -0 0 -1
    outer loop
      vertex 4.73887 121.685 5.6
      vertex 3.84996 120.355 5.6
      vertex 4.65217 121.75 5.6
    endloop
  endfacet
  facet normal 0 0 -1
    outer loop
      vertex 3.63714 120.513 5.6
      vertex 4.65217 121.75 5.6
      vertex 3.84996 120.355 5.6
    endloop
  endfacet
  facet normal -0 0 -1
    outer loop
      vertex 4.65217 121.75 5.6
      vertex 3.63714 120.513 5.6
      vertex 4.57218 121.822 5.6
    endloop
  endfacet
  facet normal 0 0 -1
    outer loop
      vertex 3.44081 120.691 5.6
      vertex 4.57218 121.822 5.6
      vertex 3.63714 120.513 5.6
    endloop
  endfacet
  facet normal -0 0 -1
    outer loop
      vertex 4.57218 121.822 5.6
      vertex 3.44081 120.691 5.6
      vertex 4.49969 121.902 5.6
    endloop
  endfacet
  facet normal 0 0 -1
    outer loop
      vertex 3.26287 120.887 5.6
      vertex 4.49969 121.902 5.6
      vertex 3.44081 120.691 5.6
    endloop
  endfacet
  facet normal -0 0 -1
    outer loop
      vertex 4.49969 121.902 5.6
      vertex 3.26287 120.887 5.6
      vertex 4.43538 121.989 5.6
    endloop
  endfacet
  facet normal 0 0 -1
    outer loop
      vertex 3.10503 121.1 5.6
      vertex 4.43538 121.989 5.6
      vertex 3.26287 120.887 5.6
    endloop
  endfacet
  facet normal -0 0 -1
    outer loop
      vertex 4.43538 121.989 5.6
      vertex 3.10503 121.1 5.6
      vertex 4.37989 122.081 5.6
    endloop
  endfacet
  facet normal 0 0 -1
    outer loop
      vertex 6.26462 123.211 5.6
      vertex 7.59497 124.1 5.6
      vertex 6.32011 123.119 5.6
    endloop
  endfacet
  facet normal -0 0 -1
    outer loop
      vertex 7.59497 124.1 5.6
      vertex 6.26462 123.211 5.6
      vertex 7.43713 124.313 5.6
    endloop
  endfacet
  facet normal 0 0 -1
    outer loop
      vertex 6.20031 123.298 5.6
      vertex 7.43713 124.313 5.6
      vertex 6.26462 123.211 5.6
    endloop
  endfacet
  facet normal -0 0 -1
    outer loop
      vertex 7.43713 124.313 5.6
      vertex 6.20031 123.298 5.6
      vertex 7.25919 124.509 5.6
    endloop
  endfacet
  facet normal 0 0 -1
    outer loop
      vertex 6.12782 123.378 5.6
      vertex 7.25919 124.509 5.6
      vertex 6.20031 123.298 5.6
    endloop
  endfacet
  facet normal -0 0 -1
    outer loop
      vertex 7.25919 124.509 5.6
      vertex 6.12782 123.378 5.6
      vertex 7.06286 124.687 5.6
    endloop
  endfacet
  facet normal 0 0 -1
    outer loop
      vertex 6.04783 123.45 5.6
      vertex 7.06286 124.687 5.6
      vertex 6.12782 123.378 5.6
    endloop
  endfacet
  facet normal -0 0 -1
    outer loop
      vertex 7.06286 124.687 5.6
      vertex 6.04783 123.45 5.6
      vertex 6.85004 124.845 5.6
    endloop
  endfacet
  facet normal 0 0 -1
    outer loop
      vertex 5.96113 123.515 5.6
      vertex 6.85004 124.845 5.6
      vertex 6.04783 123.45 5.6
    endloop
  endfacet
  facet normal -0 0 -1
    outer loop
      vertex 6.85004 124.845 5.6
      vertex 5.96113 123.515 5.6
      vertex 6.62277 124.981 5.6
    endloop
  endfacet
  facet normal 0 0 -1
    outer loop
      vertex 5.86854 123.57 5.6
      vertex 6.62277 124.981 5.6
      vertex 5.96113 123.515 5.6
    endloop
  endfacet
  facet normal -0 0 -1
    outer loop
      vertex 6.62277 124.981 5.6
      vertex 5.86854 123.57 5.6
      vertex 6.38324 125.094 5.6
    endloop
  endfacet
  facet normal 0 0 -1
    outer loop
      vertex 5.77095 123.616 5.6
      vertex 6.38324 125.094 5.6
      vertex 5.86854 123.57 5.6
    endloop
  endfacet
  facet normal -0 0 -1
    outer loop
      vertex 6.38324 125.094 5.6
      vertex 5.77095 123.616 5.6
      vertex 6.13377 125.184 5.6
    endloop
  endfacet
  facet normal 0 0 -1
    outer loop
      vertex 5.66931 123.653 5.6
      vertex 6.13377 125.184 5.6
      vertex 5.77095 123.616 5.6
    endloop
  endfacet
  facet normal -0 0 -1
    outer loop
      vertex 6.13377 125.184 5.6
      vertex 5.66931 123.653 5.6
      vertex 5.87674 125.248 5.6
    endloop
  endfacet
  facet normal 0 0 -1
    outer loop
      vertex 5.5646 123.679 5.6
      vertex 5.87674 125.248 5.6
      vertex 5.66931 123.653 5.6
    endloop
  endfacet
  facet normal -0 0 -1
    outer loop
      vertex 5.87674 125.248 5.6
      vertex 5.5646 123.679 5.6
      vertex 5.61465 125.287 5.6
    endloop
  endfacet
  facet normal 0 0 -1
    outer loop
      vertex 5.45782 123.695 5.6
      vertex 5.61465 125.287 5.6
      vertex 5.5646 123.679 5.6
    endloop
  endfacet
  facet normal 0 0 -1
    outer loop
      vertex 5.35 123.7 5.6
      vertex 5.61465 125.287 5.6
      vertex 5.45782 123.695 5.6
    endloop
  endfacet
  facet normal 0 0 -1
    outer loop
      vertex 5.35 123.7 5.6
      vertex 5.35 125.3 5.6
      vertex 5.61465 125.287 5.6
    endloop
  endfacet
  facet normal 0 0 -1
    outer loop
      vertex 5.24218 123.695 5.6
      vertex 5.35 125.3 5.6
      vertex 5.35 123.7 5.6
    endloop
  endfacet
  facet normal 0 0 -1
    outer loop
      vertex 5.08535 125.287 5.6
      vertex 5.24218 123.695 5.6
      vertex 5.1354 123.679 5.6
    endloop
  endfacet
  facet normal 0 0 -1
    outer loop
      vertex 5.24218 123.695 5.6
      vertex 5.08535 125.287 5.6
      vertex 5.35 125.3 5.6
    endloop
  endfacet
  facet normal 0 0 -1
    outer loop
      vertex 4.82326 125.248 5.6
      vertex 5.1354 123.679 5.6
      vertex 5.03069 123.653 5.6
    endloop
  endfacet
  facet normal 0 0 -1
    outer loop
      vertex 4.56623 125.184 5.6
      vertex 5.03069 123.653 5.6
      vertex 4.92905 123.616 5.6
    endloop
  endfacet
  facet normal 0 0 -1
    outer loop
      vertex 4.31675 125.094 5.6
      vertex 4.92905 123.616 5.6
      vertex 4.83146 123.57 5.6
    endloop
  endfacet
  facet normal 0 0 -1
    outer loop
      vertex 5.1354 123.679 5.6
      vertex 4.82326 125.248 5.6
      vertex 5.08535 125.287 5.6
    endloop
  endfacet
  facet normal 0 0 -1
    outer loop
      vertex 4.07723 124.981 5.6
      vertex 4.83146 123.57 5.6
      vertex 4.73887 123.515 5.6
    endloop
  endfacet
  facet normal 0 0 -1
    outer loop
      vertex 3.84996 124.845 5.6
      vertex 4.73887 123.515 5.6
      vertex 4.65217 123.45 5.6
    endloop
  endfacet
  facet normal 0 0 -1
    outer loop
      vertex 3.63714 124.687 5.6
      vertex 4.65217 123.45 5.6
      vertex 4.57218 123.378 5.6
    endloop
  endfacet
  facet normal 0 0 -1
    outer loop
      vertex 5.03069 123.653 5.6
      vertex 4.56623 125.184 5.6
      vertex 4.82326 125.248 5.6
    endloop
  endfacet
  facet normal 0 0 -1
    outer loop
      vertex 3.44081 124.509 5.6
      vertex 4.57218 123.378 5.6
      vertex 4.49969 123.298 5.6
    endloop
  endfacet
  facet normal 0 0 -1
    outer loop
      vertex 3.26287 124.313 5.6
      vertex 4.49969 123.298 5.6
      vertex 4.43538 123.211 5.6
    endloop
  endfacet
  facet normal 0 0 -1
    outer loop
      vertex 3.10503 124.1 5.6
      vertex 4.43538 123.211 5.6
      vertex 4.37989 123.119 5.6
    endloop
  endfacet
  facet normal 0 0 -1
    outer loop
      vertex 2.96881 123.873 5.6
      vertex 4.37989 123.119 5.6
      vertex 4.33373 123.021 5.6
    endloop
  endfacet
  facet normal 0 0 -1
    outer loop
      vertex 4.92905 123.616 5.6
      vertex 4.31675 125.094 5.6
      vertex 4.56623 125.184 5.6
    endloop
  endfacet
  facet normal 0 0 -1
    outer loop
      vertex 2.85553 123.633 5.6
      vertex 4.33373 123.021 5.6
      vertex 4.29737 122.919 5.6
    endloop
  endfacet
  facet normal 0 0 -1
    outer loop
      vertex 2.76626 123.384 5.6
      vertex 4.29737 122.919 5.6
      vertex 4.27114 122.815 5.6
    endloop
  endfacet
  facet normal 0 0 -1
    outer loop
      vertex 2.70188 123.127 5.6
      vertex 4.27114 122.815 5.6
      vertex 4.2553 122.708 5.6
    endloop
  endfacet
  facet normal 0 0 -1
    outer loop
      vertex 2.663 122.865 5.6
      vertex 4.2553 122.708 5.6
      vertex 4.25 122.6 5.6
    endloop
  endfacet
  facet normal 0 0 -1
    outer loop
      vertex 2.96881 121.327 5.6
      vertex 4.37989 122.081 5.6
      vertex 3.10503 121.1 5.6
    endloop
  endfacet
  facet normal 0 0 -1
    outer loop
      vertex 4.83146 123.57 5.6
      vertex 4.07723 124.981 5.6
      vertex 4.31675 125.094 5.6
    endloop
  endfacet
  facet normal -0 0 -1
    outer loop
      vertex 4.37989 122.081 5.6
      vertex 2.96881 121.327 5.6
      vertex 4.33373 122.179 5.6
    endloop
  endfacet
  facet normal 0 0 -1
    outer loop
      vertex 4.73887 123.515 5.6
      vertex 3.84996 124.845 5.6
      vertex 4.07723 124.981 5.6
    endloop
  endfacet
  facet normal 0 0 -1
    outer loop
      vertex 2.85553 121.567 5.6
      vertex 4.33373 122.179 5.6
      vertex 2.96881 121.327 5.6
    endloop
  endfacet
  facet normal 0 0 -1
    outer loop
      vertex 4.65217 123.45 5.6
      vertex 3.63714 124.687 5.6
      vertex 3.84996 124.845 5.6
    endloop
  endfacet
  facet normal -0 0 -1
    outer loop
      vertex 4.33373 122.179 5.6
      vertex 2.85553 121.567 5.6
      vertex 4.29737 122.281 5.6
    endloop
  endfacet
  facet normal 0 0 -1
    outer loop
      vertex 4.57218 123.378 5.6
      vertex 3.44081 124.509 5.6
      vertex 3.63714 124.687 5.6
    endloop
  endfacet
  facet normal 0 0 -1
    outer loop
      vertex 2.76626 121.816 5.6
      vertex 4.29737 122.281 5.6
      vertex 2.85553 121.567 5.6
    endloop
  endfacet
  facet normal 0 0 -1
    outer loop
      vertex 4.49969 123.298 5.6
      vertex 3.26287 124.313 5.6
      vertex 3.44081 124.509 5.6
    endloop
  endfacet
  facet normal -0 0 -1
    outer loop
      vertex 4.29737 122.281 5.6
      vertex 2.76626 121.816 5.6
      vertex 4.27114 122.385 5.6
    endloop
  endfacet
  facet normal 0 0 -1
    outer loop
      vertex 4.43538 123.211 5.6
      vertex 3.10503 124.1 5.6
      vertex 3.26287 124.313 5.6
    endloop
  endfacet
  facet normal 0 0 -1
    outer loop
      vertex 2.70188 122.073 5.6
      vertex 4.27114 122.385 5.6
      vertex 2.76626 121.816 5.6
    endloop
  endfacet
  facet normal 0 0 -1
    outer loop
      vertex 4.37989 123.119 5.6
      vertex 2.96881 123.873 5.6
      vertex 3.10503 124.1 5.6
    endloop
  endfacet
  facet normal -0 0 -1
    outer loop
      vertex 4.27114 122.385 5.6
      vertex 2.70188 122.073 5.6
      vertex 4.2553 122.492 5.6
    endloop
  endfacet
  facet normal 0 0 -1
    outer loop
      vertex 4.33373 123.021 5.6
      vertex 2.85553 123.633 5.6
      vertex 2.96881 123.873 5.6
    endloop
  endfacet
  facet normal 0 0 -1
    outer loop
      vertex 2.663 122.335 5.6
      vertex 4.2553 122.492 5.6
      vertex 2.70188 122.073 5.6
    endloop
  endfacet
  facet normal 0 0 -1
    outer loop
      vertex 4.29737 122.919 5.6
      vertex 2.76626 123.384 5.6
      vertex 2.85553 123.633 5.6
    endloop
  endfacet
  facet normal -0 0 -1
    outer loop
      vertex 4.2553 122.492 5.6
      vertex 2.663 122.335 5.6
      vertex 4.25 122.6 5.6
    endloop
  endfacet
  facet normal 0 0 -1
    outer loop
      vertex 4.27114 122.815 5.6
      vertex 2.70188 123.127 5.6
      vertex 2.76626 123.384 5.6
    endloop
  endfacet
  facet normal 0 0 -1
    outer loop
      vertex 2.65 122.6 5.6
      vertex 4.25 122.6 5.6
      vertex 2.663 122.335 5.6
    endloop
  endfacet
  facet normal 0 0 -1
    outer loop
      vertex 4.2553 122.708 5.6
      vertex 2.663 122.865 5.6
      vertex 2.70188 123.127 5.6
    endloop
  endfacet
  facet normal 0 0 -1
    outer loop
      vertex 4.25 122.6 5.6
      vertex 2.65 122.6 5.6
      vertex 2.663 122.865 5.6
    endloop
  endfacet
  facet normal 0.426662 -0.904411 0
    outer loop
      vertex 6.38324 120.106 5.6
      vertex 6.62277 120.219 16.2
      vertex 6.38324 120.106 16.2
    endloop
  endfacet
  facet normal 0.426662 -0.904411 0
    outer loop
      vertex 6.62277 120.219 16.2
      vertex 6.38324 120.106 5.6
      vertex 6.62277 120.219 5.6
    endloop
  endfacet
  facet normal 0.740395 -0.672173 0
    outer loop
      vertex 7.25919 120.691 16.2
      vertex 7.43713 120.887 5.6
      vertex 7.43713 120.887 16.2
    endloop
  endfacet
  facet normal 0.740395 -0.672173 0
    outer loop
      vertex 7.43713 120.887 5.6
      vertex 7.25919 120.691 16.2
      vertex 7.25919 120.691 5.6
    endloop
  endfacet
  facet normal 0.596093 -0.802915 0
    outer loop
      vertex 6.85004 120.355 5.6
      vertex 7.06286 120.513 16.2
      vertex 6.85004 120.355 16.2
    endloop
  endfacet
  facet normal 0.596093 -0.802915 0
    outer loop
      vertex 7.06286 120.513 16.2
      vertex 6.85004 120.355 5.6
      vertex 7.06286 120.513 5.6
    endloop
  endfacet
  facet normal 0.85746 -0.514551 0
    outer loop
      vertex 7.59497 121.1 16.2
      vertex 7.73119 121.327 5.6
      vertex 7.73119 121.327 16.2
    endloop
  endfacet
  facet normal 0.85746 -0.514551 0
    outer loop
      vertex 7.73119 121.327 5.6
      vertex 7.59497 121.1 16.2
      vertex 7.59497 121.1 5.6
    endloop
  endfacet
  facet normal 0.989168 -0.146789 0
    outer loop
      vertex 7.99812 122.073 16.2
      vertex 8.037 122.335 5.6
      vertex 8.037 122.335 16.2
    endloop
  endfacet
  facet normal 0.989168 -0.146789 0
    outer loop
      vertex 8.037 122.335 5.6
      vertex 7.99812 122.073 16.2
      vertex 7.99812 122.073 5.6
    endloop
  endfacet
  facet normal 0.970027 -0.242997 0
    outer loop
      vertex 7.93374 121.816 16.2
      vertex 7.99812 122.073 5.6
      vertex 7.99812 122.073 16.2
    endloop
  endfacet
  facet normal 0.970027 -0.242997 0
    outer loop
      vertex 7.99812 122.073 5.6
      vertex 7.93374 121.816 16.2
      vertex 7.93374 121.816 5.6
    endloop
  endfacet
  facet normal -0.596093 -0.802915 0
    outer loop
      vertex 3.63714 120.513 5.6
      vertex 3.84996 120.355 16.2
      vertex 3.63714 120.513 16.2
    endloop
  endfacet
  facet normal -0.596093 -0.802915 -0
    outer loop
      vertex 3.84996 120.355 16.2
      vertex 3.63714 120.513 5.6
      vertex 3.84996 120.355 5.6
    endloop
  endfacet
  facet normal -0.426677 -0.904404 0
    outer loop
      vertex 4.07723 120.219 5.6
      vertex 4.31675 120.106 16.2
      vertex 4.07723 120.219 16.2
    endloop
  endfacet
  facet normal -0.426677 -0.904404 -0
    outer loop
      vertex 4.31675 120.106 16.2
      vertex 4.07723 120.219 5.6
      vertex 4.31675 120.106 5.6
    endloop
  endfacet
  facet normal -0.241621 -0.970371 0
    outer loop
      vertex 4.56623 120.016 5.6
      vertex 4.82326 119.952 16.2
      vertex 4.56623 120.016 16.2
    endloop
  endfacet
  facet normal -0.241621 -0.970371 -0
    outer loop
      vertex 4.82326 119.952 16.2
      vertex 4.56623 120.016 5.6
      vertex 4.82326 119.952 5.6
    endloop
  endfacet
  facet normal -0.0490623 -0.998796 0
    outer loop
      vertex 5.08535 119.913 5.6
      vertex 5.35 119.9 16.2
      vertex 5.08535 119.913 16.2
    endloop
  endfacet
  facet normal -0.0490623 -0.998796 -0
    outer loop
      vertex 5.35 119.9 16.2
      vertex 5.08535 119.913 5.6
      vertex 5.35 119.9 5.6
    endloop
  endfacet
  facet normal -0.740395 -0.672173 0
    outer loop
      vertex 3.44081 120.691 5.6
      vertex 3.26287 120.887 16.2
      vertex 3.26287 120.887 5.6
    endloop
  endfacet
  facet normal -0.740395 -0.672173 0
    outer loop
      vertex 3.26287 120.887 16.2
      vertex 3.44081 120.691 5.6
      vertex 3.44081 120.691 16.2
    endloop
  endfacet
  facet normal -0.989168 -0.146789 0
    outer loop
      vertex 2.70188 122.073 5.6
      vertex 2.663 122.335 16.2
      vertex 2.663 122.335 5.6
    endloop
  endfacet
  facet normal -0.989168 -0.146789 0
    outer loop
      vertex 2.663 122.335 16.2
      vertex 2.70188 122.073 5.6
      vertex 2.70188 122.073 16.2
    endloop
  endfacet
  facet normal 0.241621 -0.970371 0
    outer loop
      vertex 5.87674 119.952 5.6
      vertex 6.13377 120.016 16.2
      vertex 5.87674 119.952 16.2
    endloop
  endfacet
  facet normal 0.241621 -0.970371 0
    outer loop
      vertex 6.13377 120.016 16.2
      vertex 5.87674 119.952 5.6
      vertex 6.13377 120.016 5.6
    endloop
  endfacet
  facet normal 0.998799 0.0489977 0
    outer loop
      vertex 38.05 122.6 16.2
      vertex 38.037 122.865 5.6
      vertex 38.037 122.865 16.2
    endloop
  endfacet
  facet normal 0.998799 0.0489977 0
    outer loop
      vertex 38.037 122.865 5.6
      vertex 38.05 122.6 16.2
      vertex 38.05 122.6 5.6
    endloop
  endfacet
  facet normal -0.998799 0.0489977 0
    outer loop
      vertex 32.65 122.6 5.6
      vertex 32.663 122.865 16.2
      vertex 32.663 122.865 5.6
    endloop
  endfacet
  facet normal -0.998799 0.0489977 0
    outer loop
      vertex 32.663 122.865 16.2
      vertex 32.65 122.6 5.6
      vertex 32.65 122.6 16.2
    endloop
  endfacet
  facet normal -0.0490716 0.998795 0
    outer loop
      vertex 35.35 125.3 5.6
      vertex 35.0854 125.287 16.2
      vertex 35.35 125.3 16.2
    endloop
  endfacet
  facet normal -0.0490716 0.998795 0
    outer loop
      vertex 35.0854 125.287 16.2
      vertex 35.35 125.3 5.6
      vertex 35.0854 125.287 5.6
    endloop
  endfacet
  facet normal -0.74047 -0.67209 0
    outer loop
      vertex 33.4408 120.691 5.6
      vertex 33.2629 120.887 16.2
      vertex 33.2629 120.887 5.6
    endloop
  endfacet
  facet normal -0.74047 -0.67209 0
    outer loop
      vertex 33.2629 120.887 16.2
      vertex 33.4408 120.691 5.6
      vertex 33.4408 120.691 16.2
    endloop
  endfacet
  facet normal 0.671733 0.740793 -0
    outer loop
      vertex 37.2592 124.509 5.6
      vertex 37.0629 124.687 16.2
      vertex 37.2592 124.509 16.2
    endloop
  endfacet
  facet normal 0.671733 0.740793 0
    outer loop
      vertex 37.0629 124.687 16.2
      vertex 37.2592 124.509 5.6
      vertex 37.0629 124.687 5.6
    endloop
  endfacet
  facet normal -0.671733 0.740793 0
    outer loop
      vertex 33.6371 124.687 5.6
      vertex 33.4408 124.509 16.2
      vertex 33.6371 124.687 16.2
    endloop
  endfacet
  facet normal -0.671733 0.740793 0
    outer loop
      vertex 33.4408 124.509 16.2
      vertex 33.6371 124.687 5.6
      vertex 33.4408 124.509 5.6
    endloop
  endfacet
  facet normal -0.42656 0.904459 0
    outer loop
      vertex 34.3168 125.094 5.6
      vertex 34.0772 124.981 16.2
      vertex 34.3168 125.094 16.2
    endloop
  endfacet
  facet normal -0.42656 0.904459 0
    outer loop
      vertex 34.0772 124.981 16.2
      vertex 34.3168 125.094 5.6
      vertex 34.0772 124.981 5.6
    endloop
  endfacet
  facet normal 0.904297 0.426904 0
    outer loop
      vertex 37.8445 123.633 16.2
      vertex 37.7312 123.873 5.6
      vertex 37.7312 123.873 16.2
    endloop
  endfacet
  facet normal 0.904297 0.426904 0
    outer loop
      vertex 37.7312 123.873 5.6
      vertex 37.8445 123.633 16.2
      vertex 37.8445 123.633 5.6
    endloop
  endfacet
  facet normal 0.339441 0.940628 -0
    outer loop
      vertex 36.3832 125.094 5.6
      vertex 36.1338 125.184 16.2
      vertex 36.3832 125.094 16.2
    endloop
  endfacet
  facet normal 0.339441 0.940628 0
    outer loop
      vertex 36.1338 125.184 16.2
      vertex 36.3832 125.094 5.6
      vertex 36.1338 125.184 5.6
    endloop
  endfacet
  facet normal 0.513607 0.858026 -0
    outer loop
      vertex 36.85 124.845 5.6
      vertex 36.6228 124.981 16.2
      vertex 36.85 124.845 16.2
    endloop
  endfacet
  facet normal 0.513607 0.858026 0
    outer loop
      vertex 36.6228 124.981 16.2
      vertex 36.85 124.845 5.6
      vertex 36.6228 124.981 5.6
    endloop
  endfacet
  facet normal -0.904297 0.426904 0
    outer loop
      vertex 32.8555 123.633 5.6
      vertex 32.9688 123.873 16.2
      vertex 32.9688 123.873 5.6
    endloop
  endfacet
  facet normal -0.904297 0.426904 0
    outer loop
      vertex 32.9688 123.873 16.2
      vertex 32.8555 123.633 5.6
      vertex 32.8555 123.633 16.2
    endloop
  endfacet
  facet normal -0.241559 0.970386 0
    outer loop
      vertex 34.8233 125.248 5.6
      vertex 34.5662 125.184 16.2
      vertex 34.8233 125.248 16.2
    endloop
  endfacet
  facet normal -0.241559 0.970386 0
    outer loop
      vertex 34.5662 125.184 16.2
      vertex 34.8233 125.248 5.6
      vertex 34.5662 125.184 5.6
    endloop
  endfacet
  facet normal 0.941416 -0.337246 0
    outer loop
      vertex 37.8445 121.567 16.2
      vertex 37.9337 121.816 5.6
      vertex 37.9337 121.816 16.2
    endloop
  endfacet
  facet normal 0.941416 -0.337246 0
    outer loop
      vertex 37.9337 121.816 5.6
      vertex 37.8445 121.567 16.2
      vertex 37.8445 121.567 5.6
    endloop
  endfacet
  facet normal 0 0 -1
    outer loop
      vertex 36.45 122.6 5.6
      vertex 38.05 122.6 5.6
      vertex 38.037 122.335 5.6
    endloop
  endfacet
  facet normal 0 0 -1
    outer loop
      vertex 36.4447 122.492 5.6
      vertex 38.037 122.335 5.6
      vertex 37.9981 122.073 5.6
    endloop
  endfacet
  facet normal 0 0 -1
    outer loop
      vertex 38.05 122.6 5.6
      vertex 36.45 122.6 5.6
      vertex 38.037 122.865 5.6
    endloop
  endfacet
  facet normal 0 0 -1
    outer loop
      vertex 36.4289 122.385 5.6
      vertex 37.9981 122.073 5.6
      vertex 37.9337 121.816 5.6
    endloop
  endfacet
  facet normal 0 0 -1
    outer loop
      vertex 36.4447 122.708 5.6
      vertex 38.037 122.865 5.6
      vertex 36.45 122.6 5.6
    endloop
  endfacet
  facet normal 0 0 -1
    outer loop
      vertex 36.4026 122.281 5.6
      vertex 37.9337 121.816 5.6
      vertex 37.8445 121.567 5.6
    endloop
  endfacet
  facet normal -0 0 -1
    outer loop
      vertex 38.037 122.865 5.6
      vertex 36.4447 122.708 5.6
      vertex 37.9981 123.127 5.6
    endloop
  endfacet
  facet normal 0 0 -1
    outer loop
      vertex 36.3663 122.179 5.6
      vertex 37.8445 121.567 5.6
      vertex 37.7312 121.327 5.6
    endloop
  endfacet
  facet normal 0 0 -1
    outer loop
      vertex 36.4289 122.815 5.6
      vertex 37.9981 123.127 5.6
      vertex 36.4447 122.708 5.6
    endloop
  endfacet
  facet normal 0 0 -1
    outer loop
      vertex 36.3201 122.081 5.6
      vertex 37.7312 121.327 5.6
      vertex 37.595 121.1 5.6
    endloop
  endfacet
  facet normal -0 0 -1
    outer loop
      vertex 37.9981 123.127 5.6
      vertex 36.4289 122.815 5.6
      vertex 37.9337 123.384 5.6
    endloop
  endfacet
  facet normal 0 0 -1
    outer loop
      vertex 36.2646 121.989 5.6
      vertex 37.595 121.1 5.6
      vertex 37.4371 120.887 5.6
    endloop
  endfacet
  facet normal 0 0 -1
    outer loop
      vertex 36.4026 122.919 5.6
      vertex 37.9337 123.384 5.6
      vertex 36.4289 122.815 5.6
    endloop
  endfacet
  facet normal 0 0 -1
    outer loop
      vertex 36.2003 121.902 5.6
      vertex 37.4371 120.887 5.6
      vertex 37.2592 120.691 5.6
    endloop
  endfacet
  facet normal -0 0 -1
    outer loop
      vertex 37.9337 123.384 5.6
      vertex 36.4026 122.919 5.6
      vertex 37.8445 123.633 5.6
    endloop
  endfacet
  facet normal 0 0 -1
    outer loop
      vertex 36.1278 121.822 5.6
      vertex 37.2592 120.691 5.6
      vertex 37.0629 120.513 5.6
    endloop
  endfacet
  facet normal 0 0 -1
    outer loop
      vertex 36.3663 123.021 5.6
      vertex 37.8445 123.633 5.6
      vertex 36.4026 122.919 5.6
    endloop
  endfacet
  facet normal 0 0 -1
    outer loop
      vertex 36.0478 121.75 5.6
      vertex 37.0629 120.513 5.6
      vertex 36.85 120.355 5.6
    endloop
  endfacet
  facet normal -0 0 -1
    outer loop
      vertex 37.8445 123.633 5.6
      vertex 36.3663 123.021 5.6
      vertex 37.7312 123.873 5.6
    endloop
  endfacet
  facet normal 0 0 -1
    outer loop
      vertex 35.9611 121.685 5.6
      vertex 36.85 120.355 5.6
      vertex 36.6228 120.219 5.6
    endloop
  endfacet
  facet normal 0 0 -1
    outer loop
      vertex 36.3201 123.119 5.6
      vertex 37.7312 123.873 5.6
      vertex 36.3663 123.021 5.6
    endloop
  endfacet
  facet normal -0 0 -1
    outer loop
      vertex 37.7312 123.873 5.6
      vertex 36.3201 123.119 5.6
      vertex 37.595 124.1 5.6
    endloop
  endfacet
  facet normal 0 0 -1
    outer loop
      vertex 38.037 122.335 5.6
      vertex 36.4447 122.492 5.6
      vertex 36.45 122.6 5.6
    endloop
  endfacet
  facet normal 0 0 -1
    outer loop
      vertex 37.9981 122.073 5.6
      vertex 36.4289 122.385 5.6
      vertex 36.4447 122.492 5.6
    endloop
  endfacet
  facet normal 0 0 -1
    outer loop
      vertex 37.9337 121.816 5.6
      vertex 36.4026 122.281 5.6
      vertex 36.4289 122.385 5.6
    endloop
  endfacet
  facet normal 0 0 -1
    outer loop
      vertex 35.8685 121.63 5.6
      vertex 36.6228 120.219 5.6
      vertex 36.3832 120.106 5.6
    endloop
  endfacet
  facet normal 0 0 -1
    outer loop
      vertex 37.8445 121.567 5.6
      vertex 36.3663 122.179 5.6
      vertex 36.4026 122.281 5.6
    endloop
  endfacet
  facet normal 0 0 -1
    outer loop
      vertex 37.7312 121.327 5.6
      vertex 36.3201 122.081 5.6
      vertex 36.3663 122.179 5.6
    endloop
  endfacet
  facet normal 0 0 -1
    outer loop
      vertex 37.595 121.1 5.6
      vertex 36.2646 121.989 5.6
      vertex 36.3201 122.081 5.6
    endloop
  endfacet
  facet normal 0 0 -1
    outer loop
      vertex 37.4371 120.887 5.6
      vertex 36.2003 121.902 5.6
      vertex 36.2646 121.989 5.6
    endloop
  endfacet
  facet normal 0 0 -1
    outer loop
      vertex 35.771 121.584 5.6
      vertex 36.3832 120.106 5.6
      vertex 36.1338 120.016 5.6
    endloop
  endfacet
  facet normal 0 0 -1
    outer loop
      vertex 37.2592 120.691 5.6
      vertex 36.1278 121.822 5.6
      vertex 36.2003 121.902 5.6
    endloop
  endfacet
  facet normal 0 0 -1
    outer loop
      vertex 37.0629 120.513 5.6
      vertex 36.0478 121.75 5.6
      vertex 36.1278 121.822 5.6
    endloop
  endfacet
  facet normal 0 0 -1
    outer loop
      vertex 36.85 120.355 5.6
      vertex 35.9611 121.685 5.6
      vertex 36.0478 121.75 5.6
    endloop
  endfacet
  facet normal 0 0 -1
    outer loop
      vertex 35.6693 121.547 5.6
      vertex 36.1338 120.016 5.6
      vertex 35.8767 119.952 5.6
    endloop
  endfacet
  facet normal 0 0 -1
    outer loop
      vertex 36.6228 120.219 5.6
      vertex 35.8685 121.63 5.6
      vertex 35.9611 121.685 5.6
    endloop
  endfacet
  facet normal 0 0 -1
    outer loop
      vertex 36.3832 120.106 5.6
      vertex 35.771 121.584 5.6
      vertex 35.8685 121.63 5.6
    endloop
  endfacet
  facet normal 0 0 -1
    outer loop
      vertex 36.1338 120.016 5.6
      vertex 35.6693 121.547 5.6
      vertex 35.771 121.584 5.6
    endloop
  endfacet
  facet normal 0 0 -1
    outer loop
      vertex 35.5646 121.521 5.6
      vertex 35.8767 119.952 5.6
      vertex 35.6146 119.913 5.6
    endloop
  endfacet
  facet normal 0 0 -1
    outer loop
      vertex 35.8767 119.952 5.6
      vertex 35.5646 121.521 5.6
      vertex 35.6693 121.547 5.6
    endloop
  endfacet
  facet normal 0 0 -1
    outer loop
      vertex 35.6146 119.913 5.6
      vertex 35.4578 121.505 5.6
      vertex 35.5646 121.521 5.6
    endloop
  endfacet
  facet normal 0 0 -1
    outer loop
      vertex 35.35 119.9 5.6
      vertex 35.4578 121.505 5.6
      vertex 35.6146 119.913 5.6
    endloop
  endfacet
  facet normal 0 0 -1
    outer loop
      vertex 35.35 119.9 5.6
      vertex 35.35 121.5 5.6
      vertex 35.4578 121.505 5.6
    endloop
  endfacet
  facet normal 0 0 -1
    outer loop
      vertex 35.35 119.9 5.6
      vertex 35.2422 121.505 5.6
      vertex 35.35 121.5 5.6
    endloop
  endfacet
  facet normal 0 0 -1
    outer loop
      vertex 35.0854 119.913 5.6
      vertex 35.2422 121.505 5.6
      vertex 35.35 119.9 5.6
    endloop
  endfacet
  facet normal -0 0 -1
    outer loop
      vertex 35.2422 121.505 5.6
      vertex 35.0854 119.913 5.6
      vertex 35.1354 121.521 5.6
    endloop
  endfacet
  facet normal 0 0 -1
    outer loop
      vertex 34.8233 119.952 5.6
      vertex 35.1354 121.521 5.6
      vertex 35.0854 119.913 5.6
    endloop
  endfacet
  facet normal -0 0 -1
    outer loop
      vertex 35.1354 121.521 5.6
      vertex 34.8233 119.952 5.6
      vertex 35.0307 121.547 5.6
    endloop
  endfacet
  facet normal 0 0 -1
    outer loop
      vertex 34.5662 120.016 5.6
      vertex 35.0307 121.547 5.6
      vertex 34.8233 119.952 5.6
    endloop
  endfacet
  facet normal -0 0 -1
    outer loop
      vertex 35.0307 121.547 5.6
      vertex 34.5662 120.016 5.6
      vertex 34.9291 121.584 5.6
    endloop
  endfacet
  facet normal 0 0 -1
    outer loop
      vertex 34.3168 120.106 5.6
      vertex 34.9291 121.584 5.6
      vertex 34.5662 120.016 5.6
    endloop
  endfacet
  facet normal -0 0 -1
    outer loop
      vertex 34.9291 121.584 5.6
      vertex 34.3168 120.106 5.6
      vertex 34.8315 121.63 5.6
    endloop
  endfacet
  facet normal 0 0 -1
    outer loop
      vertex 34.0772 120.219 5.6
      vertex 34.8315 121.63 5.6
      vertex 34.3168 120.106 5.6
    endloop
  endfacet
  facet normal -0 0 -1
    outer loop
      vertex 34.8315 121.63 5.6
      vertex 34.0772 120.219 5.6
      vertex 34.7389 121.685 5.6
    endloop
  endfacet
  facet normal 0 0 -1
    outer loop
      vertex 33.85 120.355 5.6
      vertex 34.7389 121.685 5.6
      vertex 34.0772 120.219 5.6
    endloop
  endfacet
  facet normal -0 0 -1
    outer loop
      vertex 34.7389 121.685 5.6
      vertex 33.85 120.355 5.6
      vertex 34.6522 121.75 5.6
    endloop
  endfacet
  facet normal 0 0 -1
    outer loop
      vertex 33.6371 120.513 5.6
      vertex 34.6522 121.75 5.6
      vertex 33.85 120.355 5.6
    endloop
  endfacet
  facet normal -0 0 -1
    outer loop
      vertex 34.6522 121.75 5.6
      vertex 33.6371 120.513 5.6
      vertex 34.5722 121.822 5.6
    endloop
  endfacet
  facet normal 0 0 -1
    outer loop
      vertex 33.4408 120.691 5.6
      vertex 34.5722 121.822 5.6
      vertex 33.6371 120.513 5.6
    endloop
  endfacet
  facet normal -0 0 -1
    outer loop
      vertex 34.5722 121.822 5.6
      vertex 33.4408 120.691 5.6
      vertex 34.4997 121.902 5.6
    endloop
  endfacet
  facet normal 0 0 -1
    outer loop
      vertex 33.2629 120.887 5.6
      vertex 34.4997 121.902 5.6
      vertex 33.4408 120.691 5.6
    endloop
  endfacet
  facet normal -0 0 -1
    outer loop
      vertex 34.4997 121.902 5.6
      vertex 33.2629 120.887 5.6
      vertex 34.4354 121.989 5.6
    endloop
  endfacet
  facet normal 0 0 -1
    outer loop
      vertex 33.105 121.1 5.6
      vertex 34.4354 121.989 5.6
      vertex 33.2629 120.887 5.6
    endloop
  endfacet
  facet normal -0 0 -1
    outer loop
      vertex 34.4354 121.989 5.6
      vertex 33.105 121.1 5.6
      vertex 34.3799 122.081 5.6
    endloop
  endfacet
  facet normal 0 0 -1
    outer loop
      vertex 36.2646 123.211 5.6
      vertex 37.595 124.1 5.6
      vertex 36.3201 123.119 5.6
    endloop
  endfacet
  facet normal -0 0 -1
    outer loop
      vertex 37.595 124.1 5.6
      vertex 36.2646 123.211 5.6
      vertex 37.4371 124.313 5.6
    endloop
  endfacet
  facet normal 0 0 -1
    outer loop
      vertex 36.2003 123.298 5.6
      vertex 37.4371 124.313 5.6
      vertex 36.2646 123.211 5.6
    endloop
  endfacet
  facet normal -0 0 -1
    outer loop
      vertex 37.4371 124.313 5.6
      vertex 36.2003 123.298 5.6
      vertex 37.2592 124.509 5.6
    endloop
  endfacet
  facet normal 0 0 -1
    outer loop
      vertex 36.1278 123.378 5.6
      vertex 37.2592 124.509 5.6
      vertex 36.2003 123.298 5.6
    endloop
  endfacet
  facet normal -0 0 -1
    outer loop
      vertex 37.2592 124.509 5.6
      vertex 36.1278 123.378 5.6
      vertex 37.0629 124.687 5.6
    endloop
  endfacet
  facet normal 0 0 -1
    outer loop
      vertex 36.0478 123.45 5.6
      vertex 37.0629 124.687 5.6
      vertex 36.1278 123.378 5.6
    endloop
  endfacet
  facet normal -0 0 -1
    outer loop
      vertex 37.0629 124.687 5.6
      vertex 36.0478 123.45 5.6
      vertex 36.85 124.845 5.6
    endloop
  endfacet
  facet normal 0 0 -1
    outer loop
      vertex 35.9611 123.515 5.6
      vertex 36.85 124.845 5.6
      vertex 36.0478 123.45 5.6
    endloop
  endfacet
  facet normal -0 0 -1
    outer loop
      vertex 36.85 124.845 5.6
      vertex 35.9611 123.515 5.6
      vertex 36.6228 124.981 5.6
    endloop
  endfacet
  facet normal 0 0 -1
    outer loop
      vertex 35.8685 123.57 5.6
      vertex 36.6228 124.981 5.6
      vertex 35.9611 123.515 5.6
    endloop
  endfacet
  facet normal -0 0 -1
    outer loop
      vertex 36.6228 124.981 5.6
      vertex 35.8685 123.57 5.6
      vertex 36.3832 125.094 5.6
    endloop
  endfacet
  facet normal 0 0 -1
    outer loop
      vertex 35.771 123.616 5.6
      vertex 36.3832 125.094 5.6
      vertex 35.8685 123.57 5.6
    endloop
  endfacet
  facet normal -0 0 -1
    outer loop
      vertex 36.3832 125.094 5.6
      vertex 35.771 123.616 5.6
      vertex 36.1338 125.184 5.6
    endloop
  endfacet
  facet normal 0 0 -1
    outer loop
      vertex 35.6693 123.653 5.6
      vertex 36.1338 125.184 5.6
      vertex 35.771 123.616 5.6
    endloop
  endfacet
  facet normal -0 0 -1
    outer loop
      vertex 36.1338 125.184 5.6
      vertex 35.6693 123.653 5.6
      vertex 35.8767 125.248 5.6
    endloop
  endfacet
  facet normal 0 0 -1
    outer loop
      vertex 35.5646 123.679 5.6
      vertex 35.8767 125.248 5.6
      vertex 35.6693 123.653 5.6
    endloop
  endfacet
  facet normal -0 0 -1
    outer loop
      vertex 35.8767 125.248 5.6
      vertex 35.5646 123.679 5.6
      vertex 35.6146 125.287 5.6
    endloop
  endfacet
  facet normal 0 0 -1
    outer loop
      vertex 35.4578 123.695 5.6
      vertex 35.6146 125.287 5.6
      vertex 35.5646 123.679 5.6
    endloop
  endfacet
  facet normal 0 0 -1
    outer loop
      vertex 35.35 123.7 5.6
      vertex 35.6146 125.287 5.6
      vertex 35.4578 123.695 5.6
    endloop
  endfacet
  facet normal 0 0 -1
    outer loop
      vertex 35.35 123.7 5.6
      vertex 35.35 125.3 5.6
      vertex 35.6146 125.287 5.6
    endloop
  endfacet
  facet normal 0 0 -1
    outer loop
      vertex 35.2422 123.695 5.6
      vertex 35.35 125.3 5.6
      vertex 35.35 123.7 5.6
    endloop
  endfacet
  facet normal 0 0 -1
    outer loop
      vertex 35.0854 125.287 5.6
      vertex 35.2422 123.695 5.6
      vertex 35.1354 123.679 5.6
    endloop
  endfacet
  facet normal 0 0 -1
    outer loop
      vertex 35.2422 123.695 5.6
      vertex 35.0854 125.287 5.6
      vertex 35.35 125.3 5.6
    endloop
  endfacet
  facet normal 0 0 -1
    outer loop
      vertex 34.8233 125.248 5.6
      vertex 35.1354 123.679 5.6
      vertex 35.0307 123.653 5.6
    endloop
  endfacet
  facet normal 0 0 -1
    outer loop
      vertex 34.5662 125.184 5.6
      vertex 35.0307 123.653 5.6
      vertex 34.9291 123.616 5.6
    endloop
  endfacet
  facet normal 0 0 -1
    outer loop
      vertex 34.3168 125.094 5.6
      vertex 34.9291 123.616 5.6
      vertex 34.8315 123.57 5.6
    endloop
  endfacet
  facet normal 0 0 -1
    outer loop
      vertex 35.1354 123.679 5.6
      vertex 34.8233 125.248 5.6
      vertex 35.0854 125.287 5.6
    endloop
  endfacet
  facet normal 0 0 -1
    outer loop
      vertex 34.0772 124.981 5.6
      vertex 34.8315 123.57 5.6
      vertex 34.7389 123.515 5.6
    endloop
  endfacet
  facet normal 0 0 -1
    outer loop
      vertex 33.85 124.845 5.6
      vertex 34.7389 123.515 5.6
      vertex 34.6522 123.45 5.6
    endloop
  endfacet
  facet normal 0 0 -1
    outer loop
      vertex 33.6371 124.687 5.6
      vertex 34.6522 123.45 5.6
      vertex 34.5722 123.378 5.6
    endloop
  endfacet
  facet normal 0 0 -1
    outer loop
      vertex 35.0307 123.653 5.6
      vertex 34.5662 125.184 5.6
      vertex 34.8233 125.248 5.6
    endloop
  endfacet
  facet normal 0 0 -1
    outer loop
      vertex 33.4408 124.509 5.6
      vertex 34.5722 123.378 5.6
      vertex 34.4997 123.298 5.6
    endloop
  endfacet
  facet normal 0 0 -1
    outer loop
      vertex 33.2629 124.313 5.6
      vertex 34.4997 123.298 5.6
      vertex 34.4354 123.211 5.6
    endloop
  endfacet
  facet normal 0 0 -1
    outer loop
      vertex 33.105 124.1 5.6
      vertex 34.4354 123.211 5.6
      vertex 34.3799 123.119 5.6
    endloop
  endfacet
  facet normal 0 0 -1
    outer loop
      vertex 32.9688 123.873 5.6
      vertex 34.3799 123.119 5.6
      vertex 34.3337 123.021 5.6
    endloop
  endfacet
  facet normal 0 0 -1
    outer loop
      vertex 34.9291 123.616 5.6
      vertex 34.3168 125.094 5.6
      vertex 34.5662 125.184 5.6
    endloop
  endfacet
  facet normal 0 0 -1
    outer loop
      vertex 32.8555 123.633 5.6
      vertex 34.3337 123.021 5.6
      vertex 34.2974 122.919 5.6
    endloop
  endfacet
  facet normal 0 0 -1
    outer loop
      vertex 32.7663 123.384 5.6
      vertex 34.2974 122.919 5.6
      vertex 34.2711 122.815 5.6
    endloop
  endfacet
  facet normal 0 0 -1
    outer loop
      vertex 32.7019 123.127 5.6
      vertex 34.2711 122.815 5.6
      vertex 34.2553 122.708 5.6
    endloop
  endfacet
  facet normal 0 0 -1
    outer loop
      vertex 32.663 122.865 5.6
      vertex 34.2553 122.708 5.6
      vertex 34.25 122.6 5.6
    endloop
  endfacet
  facet normal 0 0 -1
    outer loop
      vertex 32.9688 121.327 5.6
      vertex 34.3799 122.081 5.6
      vertex 33.105 121.1 5.6
    endloop
  endfacet
  facet normal 0 0 -1
    outer loop
      vertex 34.8315 123.57 5.6
      vertex 34.0772 124.981 5.6
      vertex 34.3168 125.094 5.6
    endloop
  endfacet
  facet normal -0 0 -1
    outer loop
      vertex 34.3799 122.081 5.6
      vertex 32.9688 121.327 5.6
      vertex 34.3337 122.179 5.6
    endloop
  endfacet
  facet normal 0 0 -1
    outer loop
      vertex 34.7389 123.515 5.6
      vertex 33.85 124.845 5.6
      vertex 34.0772 124.981 5.6
    endloop
  endfacet
  facet normal 0 0 -1
    outer loop
      vertex 32.8555 121.567 5.6
      vertex 34.3337 122.179 5.6
      vertex 32.9688 121.327 5.6
    endloop
  endfacet
  facet normal 0 0 -1
    outer loop
      vertex 34.6522 123.45 5.6
      vertex 33.6371 124.687 5.6
      vertex 33.85 124.845 5.6
    endloop
  endfacet
  facet normal -0 0 -1
    outer loop
      vertex 34.3337 122.179 5.6
      vertex 32.8555 121.567 5.6
      vertex 34.2974 122.281 5.6
    endloop
  endfacet
  facet normal 0 0 -1
    outer loop
      vertex 34.5722 123.378 5.6
      vertex 33.4408 124.509 5.6
      vertex 33.6371 124.687 5.6
    endloop
  endfacet
  facet normal 0 0 -1
    outer loop
      vertex 32.7663 121.816 5.6
      vertex 34.2974 122.281 5.6
      vertex 32.8555 121.567 5.6
    endloop
  endfacet
  facet normal 0 0 -1
    outer loop
      vertex 34.4997 123.298 5.6
      vertex 33.2629 124.313 5.6
      vertex 33.4408 124.509 5.6
    endloop
  endfacet
  facet normal -0 0 -1
    outer loop
      vertex 34.2974 122.281 5.6
      vertex 32.7663 121.816 5.6
      vertex 34.2711 122.385 5.6
    endloop
  endfacet
  facet normal 0 0 -1
    outer loop
      vertex 34.4354 123.211 5.6
      vertex 33.105 124.1 5.6
      vertex 33.2629 124.313 5.6
    endloop
  endfacet
  facet normal 0 0 -1
    outer loop
      vertex 32.7019 122.073 5.6
      vertex 34.2711 122.385 5.6
      vertex 32.7663 121.816 5.6
    endloop
  endfacet
  facet normal 0 0 -1
    outer loop
      vertex 34.3799 123.119 5.6
      vertex 32.9688 123.873 5.6
      vertex 33.105 124.1 5.6
    endloop
  endfacet
  facet normal -0 0 -1
    outer loop
      vertex 34.2711 122.385 5.6
      vertex 32.7019 122.073 5.6
      vertex 34.2553 122.492 5.6
    endloop
  endfacet
  facet normal 0 0 -1
    outer loop
      vertex 34.3337 123.021 5.6
      vertex 32.8555 123.633 5.6
      vertex 32.9688 123.873 5.6
    endloop
  endfacet
  facet normal 0 0 -1
    outer loop
      vertex 32.663 122.335 5.6
      vertex 34.2553 122.492 5.6
      vertex 32.7019 122.073 5.6
    endloop
  endfacet
  facet normal 0 0 -1
    outer loop
      vertex 34.2974 122.919 5.6
      vertex 32.7663 123.384 5.6
      vertex 32.8555 123.633 5.6
    endloop
  endfacet
  facet normal -0 0 -1
    outer loop
      vertex 34.2553 122.492 5.6
      vertex 32.663 122.335 5.6
      vertex 34.25 122.6 5.6
    endloop
  endfacet
  facet normal 0 0 -1
    outer loop
      vertex 34.2711 122.815 5.6
      vertex 32.7019 123.127 5.6
      vertex 32.7663 123.384 5.6
    endloop
  endfacet
  facet normal 0 0 -1
    outer loop
      vertex 32.65 122.6 5.6
      vertex 34.25 122.6 5.6
      vertex 32.663 122.335 5.6
    endloop
  endfacet
  facet normal 0 0 -1
    outer loop
      vertex 34.2553 122.708 5.6
      vertex 32.663 122.865 5.6
      vertex 32.7019 123.127 5.6
    endloop
  endfacet
  facet normal 0 0 -1
    outer loop
      vertex 34.25 122.6 5.6
      vertex 32.65 122.6 5.6
      vertex 32.663 122.865 5.6
    endloop
  endfacet
  facet normal 0.970009 0.243068 0
    outer loop
      vertex 37.9981 123.127 16.2
      vertex 37.9337 123.384 5.6
      vertex 37.9337 123.384 16.2
    endloop
  endfacet
  facet normal 0.970009 0.243068 0
    outer loop
      vertex 37.9337 123.384 5.6
      vertex 37.9981 123.127 16.2
      vertex 37.9981 123.127 5.6
    endloop
  endfacet
  facet normal 0.989157 0.146863 0
    outer loop
      vertex 38.037 122.865 16.2
      vertex 37.9981 123.127 5.6
      vertex 37.9981 123.127 16.2
    endloop
  endfacet
  facet normal 0.989157 0.146863 0
    outer loop
      vertex 37.9981 123.127 5.6
      vertex 38.037 122.865 16.2
      vertex 38.037 122.865 5.6
    endloop
  endfacet
  facet normal 0.941416 0.337246 0
    outer loop
      vertex 37.9337 123.384 16.2
      vertex 37.8445 123.633 5.6
      vertex 37.8445 123.633 16.2
    endloop
  endfacet
  facet normal 0.941416 0.337246 0
    outer loop
      vertex 37.8445 123.633 5.6
      vertex 37.9337 123.384 16.2
      vertex 37.9337 123.384 5.6
    endloop
  endfacet
  facet normal 0.803337 0.595525 0
    outer loop
      vertex 37.595 124.1 16.2
      vertex 37.4371 124.313 5.6
      vertex 37.4371 124.313 16.2
    endloop
  endfacet
  facet normal 0.803337 0.595525 0
    outer loop
      vertex 37.4371 124.313 5.6
      vertex 37.595 124.1 16.2
      vertex 37.595 124.1 5.6
    endloop
  endfacet
  facet normal 0.74047 0.67209 0
    outer loop
      vertex 37.4371 124.313 16.2
      vertex 37.2592 124.509 5.6
      vertex 37.2592 124.509 16.2
    endloop
  endfacet
  facet normal 0.74047 0.67209 0
    outer loop
      vertex 37.2592 124.509 5.6
      vertex 37.4371 124.313 16.2
      vertex 37.4371 124.313 5.6
    endloop
  endfacet
  facet normal 0.857493 0.514496 0
    outer loop
      vertex 37.7312 123.873 16.2
      vertex 37.595 124.1 5.6
      vertex 37.595 124.1 16.2
    endloop
  endfacet
  facet normal 0.857493 0.514496 0
    outer loop
      vertex 37.595 124.1 5.6
      vertex 37.7312 123.873 16.2
      vertex 37.7312 123.873 5.6
    endloop
  endfacet
  facet normal 0.147178 0.98911 -0
    outer loop
      vertex 35.8767 125.248 5.6
      vertex 35.6146 125.287 16.2
      vertex 35.8767 125.248 16.2
    endloop
  endfacet
  facet normal 0.147178 0.98911 0
    outer loop
      vertex 35.6146 125.287 16.2
      vertex 35.8767 125.248 5.6
      vertex 35.6146 125.287 5.6
    endloop
  endfacet
  facet normal 0.241559 0.970386 -0
    outer loop
      vertex 36.1338 125.184 5.6
      vertex 35.8767 125.248 16.2
      vertex 36.1338 125.184 16.2
    endloop
  endfacet
  facet normal 0.241559 0.970386 0
    outer loop
      vertex 35.8767 125.248 16.2
      vertex 36.1338 125.184 5.6
      vertex 35.8767 125.248 5.6
    endloop
  endfacet
  facet normal 0.0490716 0.998795 -0
    outer loop
      vertex 35.6146 125.287 5.6
      vertex 35.35 125.3 16.2
      vertex 35.6146 125.287 16.2
    endloop
  endfacet
  facet normal 0.0490716 0.998795 0
    outer loop
      vertex 35.35 125.3 16.2
      vertex 35.6146 125.287 5.6
      vertex 35.35 125.3 5.6
    endloop
  endfacet
  facet normal 0.42656 0.904459 -0
    outer loop
      vertex 36.6228 124.981 5.6
      vertex 36.3832 125.094 16.2
      vertex 36.6228 124.981 16.2
    endloop
  endfacet
  facet normal 0.42656 0.904459 0
    outer loop
      vertex 36.3832 125.094 16.2
      vertex 36.6228 124.981 5.6
      vertex 36.3832 125.094 5.6
    endloop
  endfacet
  facet normal 0.595949 0.803022 -0
    outer loop
      vertex 37.0629 124.687 5.6
      vertex 36.85 124.845 16.2
      vertex 37.0629 124.687 16.2
    endloop
  endfacet
  facet normal 0.595949 0.803022 0
    outer loop
      vertex 36.85 124.845 16.2
      vertex 37.0629 124.687 5.6
      vertex 36.85 124.845 5.6
    endloop
  endfacet
  facet normal -0.970009 0.243068 0
    outer loop
      vertex 32.7019 123.127 5.6
      vertex 32.7663 123.384 16.2
      vertex 32.7663 123.384 5.6
    endloop
  endfacet
  facet normal -0.970009 0.243068 0
    outer loop
      vertex 32.7663 123.384 16.2
      vertex 32.7019 123.127 5.6
      vertex 32.7019 123.127 16.2
    endloop
  endfacet
  facet normal -0.803337 0.595525 0
    outer loop
      vertex 33.105 124.1 5.6
      vertex 33.2629 124.313 16.2
      vertex 33.2629 124.313 5.6
    endloop
  endfacet
  facet normal -0.803337 0.595525 0
    outer loop
      vertex 33.2629 124.313 16.2
      vertex 33.105 124.1 5.6
      vertex 33.105 124.1 16.2
    endloop
  endfacet
  facet normal -0.74047 0.67209 0
    outer loop
      vertex 33.2629 124.313 5.6
      vertex 33.4408 124.509 16.2
      vertex 33.4408 124.509 5.6
    endloop
  endfacet
  facet normal -0.74047 0.67209 0
    outer loop
      vertex 33.4408 124.509 16.2
      vertex 33.2629 124.313 5.6
      vertex 33.2629 124.313 16.2
    endloop
  endfacet
  facet normal -0.857493 0.514496 0
    outer loop
      vertex 32.9688 123.873 5.6
      vertex 33.105 124.1 16.2
      vertex 33.105 124.1 5.6
    endloop
  endfacet
  facet normal -0.857493 0.514496 0
    outer loop
      vertex 33.105 124.1 16.2
      vertex 32.9688 123.873 5.6
      vertex 32.9688 123.873 16.2
    endloop
  endfacet
  facet normal -0.941416 0.337246 0
    outer loop
      vertex 32.7663 123.384 5.6
      vertex 32.8555 123.633 16.2
      vertex 32.8555 123.633 5.6
    endloop
  endfacet
  facet normal -0.941416 0.337246 0
    outer loop
      vertex 32.8555 123.633 16.2
      vertex 32.7663 123.384 5.6
      vertex 32.7663 123.384 16.2
    endloop
  endfacet
  facet normal -0.989157 0.146863 0
    outer loop
      vertex 32.663 122.865 5.6
      vertex 32.7019 123.127 16.2
      vertex 32.7019 123.127 5.6
    endloop
  endfacet
  facet normal -0.989157 0.146863 0
    outer loop
      vertex 32.7019 123.127 16.2
      vertex 32.663 122.865 5.6
      vertex 32.663 122.865 16.2
    endloop
  endfacet
  facet normal -0.513607 0.858026 0
    outer loop
      vertex 34.0772 124.981 5.6
      vertex 33.85 124.845 16.2
      vertex 34.0772 124.981 16.2
    endloop
  endfacet
  facet normal -0.513607 0.858026 0
    outer loop
      vertex 33.85 124.845 16.2
      vertex 34.0772 124.981 5.6
      vertex 33.85 124.845 5.6
    endloop
  endfacet
  facet normal -0.595949 0.803022 0
    outer loop
      vertex 33.85 124.845 5.6
      vertex 33.6371 124.687 16.2
      vertex 33.85 124.845 16.2
    endloop
  endfacet
  facet normal -0.595949 0.803022 0
    outer loop
      vertex 33.6371 124.687 16.2
      vertex 33.85 124.845 5.6
      vertex 33.6371 124.687 5.6
    endloop
  endfacet
  facet normal -0.339441 0.940628 0
    outer loop
      vertex 34.5662 125.184 5.6
      vertex 34.3168 125.094 16.2
      vertex 34.5662 125.184 16.2
    endloop
  endfacet
  facet normal -0.339441 0.940628 0
    outer loop
      vertex 34.3168 125.094 16.2
      vertex 34.5662 125.184 5.6
      vertex 34.3168 125.094 5.6
    endloop
  endfacet
  facet normal -0.147178 0.98911 0
    outer loop
      vertex 35.0854 125.287 5.6
      vertex 34.8233 125.248 16.2
      vertex 35.0854 125.287 16.2
    endloop
  endfacet
  facet normal -0.147178 0.98911 0
    outer loop
      vertex 34.8233 125.248 16.2
      vertex 35.0854 125.287 5.6
      vertex 34.8233 125.248 5.6
    endloop
  endfacet
  facet normal 0.0490716 -0.998795 0
    outer loop
      vertex 35.35 119.9 5.6
      vertex 35.6146 119.913 16.2
      vertex 35.35 119.9 16.2
    endloop
  endfacet
  facet normal 0.0490716 -0.998795 0
    outer loop
      vertex 35.6146 119.913 16.2
      vertex 35.35 119.9 5.6
      vertex 35.6146 119.913 5.6
    endloop
  endfacet
  facet normal 0.339441 -0.940628 0
    outer loop
      vertex 36.1338 120.016 5.6
      vertex 36.3832 120.106 16.2
      vertex 36.1338 120.016 16.2
    endloop
  endfacet
  facet normal 0.339441 -0.940628 0
    outer loop
      vertex 36.3832 120.106 16.2
      vertex 36.1338 120.016 5.6
      vertex 36.3832 120.106 5.6
    endloop
  endfacet
  facet normal 0.671733 -0.740793 0
    outer loop
      vertex 37.0629 120.513 5.6
      vertex 37.2592 120.691 16.2
      vertex 37.0629 120.513 16.2
    endloop
  endfacet
  facet normal 0.671733 -0.740793 0
    outer loop
      vertex 37.2592 120.691 16.2
      vertex 37.0629 120.513 5.6
      vertex 37.2592 120.691 5.6
    endloop
  endfacet
  facet normal 0.513607 -0.858026 0
    outer loop
      vertex 36.6228 120.219 5.6
      vertex 36.85 120.355 16.2
      vertex 36.6228 120.219 16.2
    endloop
  endfacet
  facet normal 0.513607 -0.858026 0
    outer loop
      vertex 36.85 120.355 16.2
      vertex 36.6228 120.219 5.6
      vertex 36.85 120.355 5.6
    endloop
  endfacet
  facet normal 0.803337 -0.595525 0
    outer loop
      vertex 37.4371 120.887 16.2
      vertex 37.595 121.1 5.6
      vertex 37.595 121.1 16.2
    endloop
  endfacet
  facet normal 0.803337 -0.595525 0
    outer loop
      vertex 37.595 121.1 5.6
      vertex 37.4371 120.887 16.2
      vertex 37.4371 120.887 5.6
    endloop
  endfacet
  facet normal 0.904297 -0.426904 0
    outer loop
      vertex 37.7312 121.327 16.2
      vertex 37.8445 121.567 5.6
      vertex 37.8445 121.567 16.2
    endloop
  endfacet
  facet normal 0.904297 -0.426904 0
    outer loop
      vertex 37.8445 121.567 5.6
      vertex 37.7312 121.327 16.2
      vertex 37.7312 121.327 5.6
    endloop
  endfacet
  facet normal -0.671733 -0.740793 0
    outer loop
      vertex 33.4408 120.691 5.6
      vertex 33.6371 120.513 16.2
      vertex 33.4408 120.691 16.2
    endloop
  endfacet
  facet normal -0.671733 -0.740793 -0
    outer loop
      vertex 33.6371 120.513 16.2
      vertex 33.4408 120.691 5.6
      vertex 33.6371 120.513 5.6
    endloop
  endfacet
  facet normal -0.513607 -0.858026 0
    outer loop
      vertex 33.85 120.355 5.6
      vertex 34.0772 120.219 16.2
      vertex 33.85 120.355 16.2
    endloop
  endfacet
  facet normal -0.513607 -0.858026 -0
    outer loop
      vertex 34.0772 120.219 16.2
      vertex 33.85 120.355 5.6
      vertex 34.0772 120.219 5.6
    endloop
  endfacet
  facet normal -0.339441 -0.940628 0
    outer loop
      vertex 34.3168 120.106 5.6
      vertex 34.5662 120.016 16.2
      vertex 34.3168 120.106 16.2
    endloop
  endfacet
  facet normal -0.339441 -0.940628 -0
    outer loop
      vertex 34.5662 120.016 16.2
      vertex 34.3168 120.106 5.6
      vertex 34.5662 120.016 5.6
    endloop
  endfacet
  facet normal -0.147178 -0.98911 0
    outer loop
      vertex 34.8233 119.952 5.6
      vertex 35.0854 119.913 16.2
      vertex 34.8233 119.952 16.2
    endloop
  endfacet
  facet normal -0.147178 -0.98911 -0
    outer loop
      vertex 35.0854 119.913 16.2
      vertex 34.8233 119.952 5.6
      vertex 35.0854 119.913 5.6
    endloop
  endfacet
  facet normal -0.857493 -0.514496 0
    outer loop
      vertex 33.105 121.1 5.6
      vertex 32.9688 121.327 16.2
      vertex 32.9688 121.327 5.6
    endloop
  endfacet
  facet normal -0.857493 -0.514496 0
    outer loop
      vertex 32.9688 121.327 16.2
      vertex 33.105 121.1 5.6
      vertex 33.105 121.1 16.2
    endloop
  endfacet
  facet normal -0.904297 -0.426904 0
    outer loop
      vertex 32.9688 121.327 5.6
      vertex 32.8555 121.567 16.2
      vertex 32.8555 121.567 5.6
    endloop
  endfacet
  facet normal -0.904297 -0.426904 0
    outer loop
      vertex 32.8555 121.567 16.2
      vertex 32.9688 121.327 5.6
      vertex 32.9688 121.327 16.2
    endloop
  endfacet
  facet normal -0.803337 -0.595525 0
    outer loop
      vertex 33.2629 120.887 5.6
      vertex 33.105 121.1 16.2
      vertex 33.105 121.1 5.6
    endloop
  endfacet
  facet normal -0.803337 -0.595525 0
    outer loop
      vertex 33.105 121.1 16.2
      vertex 33.2629 120.887 5.6
      vertex 33.2629 120.887 16.2
    endloop
  endfacet
  facet normal -0.970009 -0.243068 0
    outer loop
      vertex 32.7663 121.816 5.6
      vertex 32.7019 122.073 16.2
      vertex 32.7019 122.073 5.6
    endloop
  endfacet
  facet normal -0.970009 -0.243068 0
    outer loop
      vertex 32.7019 122.073 16.2
      vertex 32.7663 121.816 5.6
      vertex 32.7663 121.816 16.2
    endloop
  endfacet
  facet normal -0.941416 -0.337246 0
    outer loop
      vertex 32.8555 121.567 5.6
      vertex 32.7663 121.816 16.2
      vertex 32.7663 121.816 5.6
    endloop
  endfacet
  facet normal -0.941416 -0.337246 0
    outer loop
      vertex 32.7663 121.816 16.2
      vertex 32.8555 121.567 5.6
      vertex 32.8555 121.567 16.2
    endloop
  endfacet
  facet normal -0.998799 -0.0489977 0
    outer loop
      vertex 32.663 122.335 5.6
      vertex 32.65 122.6 16.2
      vertex 32.65 122.6 5.6
    endloop
  endfacet
  facet normal -0.998799 -0.0489977 0
    outer loop
      vertex 32.65 122.6 16.2
      vertex 32.663 122.335 5.6
      vertex 32.663 122.335 16.2
    endloop
  endfacet
  facet normal 0.147178 -0.98911 0
    outer loop
      vertex 35.6146 119.913 5.6
      vertex 35.8767 119.952 16.2
      vertex 35.6146 119.913 16.2
    endloop
  endfacet
  facet normal 0.147178 -0.98911 0
    outer loop
      vertex 35.8767 119.952 16.2
      vertex 35.6146 119.913 5.6
      vertex 35.8767 119.952 5.6
    endloop
  endfacet
  facet normal 0.42656 -0.904459 0
    outer loop
      vertex 36.3832 120.106 5.6
      vertex 36.6228 120.219 16.2
      vertex 36.3832 120.106 16.2
    endloop
  endfacet
  facet normal 0.42656 -0.904459 0
    outer loop
      vertex 36.6228 120.219 16.2
      vertex 36.3832 120.106 5.6
      vertex 36.6228 120.219 5.6
    endloop
  endfacet
  facet normal 0.74047 -0.67209 0
    outer loop
      vertex 37.2592 120.691 16.2
      vertex 37.4371 120.887 5.6
      vertex 37.4371 120.887 16.2
    endloop
  endfacet
  facet normal 0.74047 -0.67209 0
    outer loop
      vertex 37.4371 120.887 5.6
      vertex 37.2592 120.691 16.2
      vertex 37.2592 120.691 5.6
    endloop
  endfacet
  facet normal 0.595949 -0.803022 0
    outer loop
      vertex 36.85 120.355 5.6
      vertex 37.0629 120.513 16.2
      vertex 36.85 120.355 16.2
    endloop
  endfacet
  facet normal 0.595949 -0.803022 0
    outer loop
      vertex 37.0629 120.513 16.2
      vertex 36.85 120.355 5.6
      vertex 37.0629 120.513 5.6
    endloop
  endfacet
  facet normal 0.857493 -0.514496 0
    outer loop
      vertex 37.595 121.1 16.2
      vertex 37.7312 121.327 5.6
      vertex 37.7312 121.327 16.2
    endloop
  endfacet
  facet normal 0.857493 -0.514496 0
    outer loop
      vertex 37.7312 121.327 5.6
      vertex 37.595 121.1 16.2
      vertex 37.595 121.1 5.6
    endloop
  endfacet
  facet normal 0.989157 -0.146863 0
    outer loop
      vertex 37.9981 122.073 16.2
      vertex 38.037 122.335 5.6
      vertex 38.037 122.335 16.2
    endloop
  endfacet
  facet normal 0.989157 -0.146863 0
    outer loop
      vertex 38.037 122.335 5.6
      vertex 37.9981 122.073 16.2
      vertex 37.9981 122.073 5.6
    endloop
  endfacet
  facet normal 0.970009 -0.243068 0
    outer loop
      vertex 37.9337 121.816 16.2
      vertex 37.9981 122.073 5.6
      vertex 37.9981 122.073 16.2
    endloop
  endfacet
  facet normal 0.970009 -0.243068 0
    outer loop
      vertex 37.9981 122.073 5.6
      vertex 37.9337 121.816 16.2
      vertex 37.9337 121.816 5.6
    endloop
  endfacet
  facet normal 0.998799 -0.0489977 0
    outer loop
      vertex 38.037 122.335 16.2
      vertex 38.05 122.6 5.6
      vertex 38.05 122.6 16.2
    endloop
  endfacet
  facet normal 0.998799 -0.0489977 0
    outer loop
      vertex 38.05 122.6 5.6
      vertex 38.037 122.335 16.2
      vertex 38.037 122.335 5.6
    endloop
  endfacet
  facet normal -0.595949 -0.803022 0
    outer loop
      vertex 33.6371 120.513 5.6
      vertex 33.85 120.355 16.2
      vertex 33.6371 120.513 16.2
    endloop
  endfacet
  facet normal -0.595949 -0.803022 -0
    outer loop
      vertex 33.85 120.355 16.2
      vertex 33.6371 120.513 5.6
      vertex 33.85 120.355 5.6
    endloop
  endfacet
  facet normal -0.42656 -0.904459 0
    outer loop
      vertex 34.0772 120.219 5.6
      vertex 34.3168 120.106 16.2
      vertex 34.0772 120.219 16.2
    endloop
  endfacet
  facet normal -0.42656 -0.904459 -0
    outer loop
      vertex 34.3168 120.106 16.2
      vertex 34.0772 120.219 5.6
      vertex 34.3168 120.106 5.6
    endloop
  endfacet
  facet normal -0.241559 -0.970386 0
    outer loop
      vertex 34.5662 120.016 5.6
      vertex 34.8233 119.952 16.2
      vertex 34.5662 120.016 16.2
    endloop
  endfacet
  facet normal -0.241559 -0.970386 -0
    outer loop
      vertex 34.8233 119.952 16.2
      vertex 34.5662 120.016 5.6
      vertex 34.8233 119.952 5.6
    endloop
  endfacet
  facet normal -0.0490716 -0.998795 0
    outer loop
      vertex 35.0854 119.913 5.6
      vertex 35.35 119.9 16.2
      vertex 35.0854 119.913 16.2
    endloop
  endfacet
  facet normal -0.0490716 -0.998795 -0
    outer loop
      vertex 35.35 119.9 16.2
      vertex 35.0854 119.913 5.6
      vertex 35.35 119.9 5.6
    endloop
  endfacet
  facet normal -0.989157 -0.146863 0
    outer loop
      vertex 32.7019 122.073 5.6
      vertex 32.663 122.335 16.2
      vertex 32.663 122.335 5.6
    endloop
  endfacet
  facet normal -0.989157 -0.146863 0
    outer loop
      vertex 32.663 122.335 16.2
      vertex 32.7019 122.073 5.6
      vertex 32.7019 122.073 16.2
    endloop
  endfacet
  facet normal 0.241559 -0.970386 0
    outer loop
      vertex 35.8767 119.952 5.6
      vertex 36.1338 120.016 16.2
      vertex 35.8767 119.952 16.2
    endloop
  endfacet
  facet normal 0.241559 -0.970386 0
    outer loop
      vertex 36.1338 120.016 16.2
      vertex 35.8767 119.952 5.6
      vertex 36.1338 120.016 5.6
    endloop
  endfacet
  facet normal -0.998794 -0.0491058 0
    outer loop
      vertex 6.45 52.6 5.6
      vertex 6.4447 52.7078 16.4
      vertex 6.4447 52.7078 5.6
    endloop
  endfacet
  facet normal -0.998794 -0.0491058 0
    outer loop
      vertex 6.4447 52.7078 16.4
      vertex 6.45 52.6 5.6
      vertex 6.45 52.6 16.4
    endloop
  endfacet
  facet normal 0.998794 -0.0491058 0
    outer loop
      vertex 4.25 52.6 16.4
      vertex 4.2553 52.7078 5.6
      vertex 4.2553 52.7078 16.4
    endloop
  endfacet
  facet normal 0.998794 -0.0491058 0
    outer loop
      vertex 4.2553 52.7078 5.6
      vertex 4.25 52.6 16.4
      vertex 4.25 52.6 5.6
    endloop
  endfacet
  facet normal 0.0490967 -0.998794 0
    outer loop
      vertex 5.24218 53.6947 5.6
      vertex 5.35 53.7 16.4
      vertex 5.24218 53.6947 16.4
    endloop
  endfacet
  facet normal 0.0490967 -0.998794 0
    outer loop
      vertex 5.35 53.7 16.4
      vertex 5.24218 53.6947 5.6
      vertex 5.35 53.7 5.6
    endloop
  endfacet
  facet normal -0.0490967 0.998794 0
    outer loop
      vertex 5.45782 51.5053 5.6
      vertex 5.35 51.5 16.4
      vertex 5.45782 51.5053 16.4
    endloop
  endfacet
  facet normal -0.0490967 0.998794 0
    outer loop
      vertex 5.35 51.5 16.4
      vertex 5.45782 51.5053 5.6
      vertex 5.35 51.5 5.6
    endloop
  endfacet
  facet normal -0.671566 -0.740945 0
    outer loop
      vertex 6.04783 53.4503 5.6
      vertex 6.12782 53.3778 16.4
      vertex 6.04783 53.4503 16.4
    endloop
  endfacet
  facet normal -0.671566 -0.740945 -0
    outer loop
      vertex 6.12782 53.3778 16.4
      vertex 6.04783 53.4503 5.6
      vertex 6.12782 53.3778 5.6
    endloop
  endfacet
  facet normal 0.741033 -0.671469 0
    outer loop
      vertex 4.49969 53.2978 16.4
      vertex 4.57218 53.3778 5.6
      vertex 4.57218 53.3778 16.4
    endloop
  endfacet
  facet normal 0.741033 -0.671469 0
    outer loop
      vertex 4.57218 53.3778 5.6
      vertex 4.49969 53.2978 16.4
      vertex 4.49969 53.2978 5.6
    endloop
  endfacet
  facet normal 0.427883 -0.903834 0
    outer loop
      vertex 4.83146 53.5701 5.6
      vertex 4.92905 53.6163 16.4
      vertex 4.83146 53.5701 16.4
    endloop
  endfacet
  facet normal 0.427883 -0.903834 0
    outer loop
      vertex 4.92905 53.6163 16.4
      vertex 4.83146 53.5701 5.6
      vertex 4.92905 53.6163 5.6
    endloop
  endfacet
  facet normal -0.903825 -0.427903 0
    outer loop
      vertex 6.36627 53.021 5.6
      vertex 6.32011 53.1185 16.4
      vertex 6.32011 53.1185 5.6
    endloop
  endfacet
  facet normal -0.903825 -0.427903 0
    outer loop
      vertex 6.32011 53.1185 16.4
      vertex 6.36627 53.021 5.6
      vertex 6.36627 53.021 16.4
    endloop
  endfacet
  facet normal -0.336336 -0.941742 0
    outer loop
      vertex 5.66931 53.6526 5.6
      vertex 5.77095 53.6163 16.4
      vertex 5.66931 53.6526 16.4
    endloop
  endfacet
  facet normal -0.336336 -0.941742 -0
    outer loop
      vertex 5.77095 53.6163 16.4
      vertex 5.66931 53.6526 5.6
      vertex 5.77095 53.6163 5.6
    endloop
  endfacet
  facet normal -0.514128 -0.857714 0
    outer loop
      vertex 5.86854 53.5701 5.6
      vertex 5.96113 53.5146 16.4
      vertex 5.86854 53.5701 16.4
    endloop
  endfacet
  facet normal -0.514128 -0.857714 -0
    outer loop
      vertex 5.96113 53.5146 16.4
      vertex 5.86854 53.5701 5.6
      vertex 5.96113 53.5146 5.6
    endloop
  endfacet
  facet normal 0.903825 -0.427903 0
    outer loop
      vertex 4.33373 53.021 16.4
      vertex 4.37989 53.1185 5.6
      vertex 4.37989 53.1185 16.4
    endloop
  endfacet
  facet normal 0.903825 -0.427903 0
    outer loop
      vertex 4.37989 53.1185 5.6
      vertex 4.33373 53.021 16.4
      vertex 4.33373 53.021 5.6
    endloop
  endfacet
  facet normal 0.857779 -0.514019 0
    outer loop
      vertex 4.37989 53.1185 16.4
      vertex 4.43538 53.2111 5.6
      vertex 4.43538 53.2111 16.4
    endloop
  endfacet
  facet normal 0.857779 -0.514019 0
    outer loop
      vertex 4.43538 53.2111 5.6
      vertex 4.37989 53.1185 16.4
      vertex 4.37989 53.1185 5.6
    endloop
  endfacet
  facet normal 0.243603 -0.969875 0
    outer loop
      vertex 5.03069 53.6526 5.6
      vertex 5.1354 53.6789 16.4
      vertex 5.03069 53.6526 16.4
    endloop
  endfacet
  facet normal 0.243603 -0.969875 0
    outer loop
      vertex 5.1354 53.6789 16.4
      vertex 5.03069 53.6526 5.6
      vertex 5.1354 53.6789 5.6
    endloop
  endfacet
  facet normal -0.336336 0.941742 0
    outer loop
      vertex 5.77095 51.5837 5.6
      vertex 5.66931 51.5474 16.4
      vertex 5.77095 51.5837 16.4
    endloop
  endfacet
  facet normal -0.336336 0.941742 0
    outer loop
      vertex 5.66931 51.5474 16.4
      vertex 5.77095 51.5837 5.6
      vertex 5.66931 51.5474 5.6
    endloop
  endfacet
  facet normal -0.970022 -0.243015 0
    outer loop
      vertex 6.42886 52.8146 5.6
      vertex 6.40263 52.9193 16.4
      vertex 6.40263 52.9193 5.6
    endloop
  endfacet
  facet normal -0.970022 -0.243015 0
    outer loop
      vertex 6.40263 52.9193 16.4
      vertex 6.42886 52.8146 5.6
      vertex 6.42886 52.8146 16.4
    endloop
  endfacet
  facet normal -0.98918 -0.14671 0
    outer loop
      vertex 6.4447 52.7078 5.6
      vertex 6.42886 52.8146 16.4
      vertex 6.42886 52.8146 5.6
    endloop
  endfacet
  facet normal -0.98918 -0.14671 0
    outer loop
      vertex 6.42886 52.8146 16.4
      vertex 6.4447 52.7078 5.6
      vertex 6.4447 52.7078 16.4
    endloop
  endfacet
  facet normal -0.941629 -0.336653 0
    outer loop
      vertex 6.40263 52.9193 5.6
      vertex 6.36627 53.021 16.4
      vertex 6.36627 53.021 5.6
    endloop
  endfacet
  facet normal -0.941629 -0.336653 0
    outer loop
      vertex 6.36627 53.021 16.4
      vertex 6.40263 52.9193 5.6
      vertex 6.40263 52.9193 16.4
    endloop
  endfacet
  facet normal -0.803168 -0.595752 0
    outer loop
      vertex 6.26462 53.2111 5.6
      vertex 6.20031 53.2978 16.4
      vertex 6.20031 53.2978 5.6
    endloop
  endfacet
  facet normal -0.803168 -0.595752 0
    outer loop
      vertex 6.20031 53.2978 16.4
      vertex 6.26462 53.2111 5.6
      vertex 6.26462 53.2111 16.4
    endloop
  endfacet
  facet normal -0.741033 -0.671469 0
    outer loop
      vertex 6.20031 53.2978 5.6
      vertex 6.12782 53.3778 16.4
      vertex 6.12782 53.3778 5.6
    endloop
  endfacet
  facet normal -0.741033 -0.671469 0
    outer loop
      vertex 6.12782 53.3778 16.4
      vertex 6.20031 53.2978 5.6
      vertex 6.20031 53.2978 16.4
    endloop
  endfacet
  facet normal -0.146374 -0.989229 0
    outer loop
      vertex 5.45782 53.6947 5.6
      vertex 5.5646 53.6789 16.4
      vertex 5.45782 53.6947 16.4
    endloop
  endfacet
  facet normal -0.146374 -0.989229 -0
    outer loop
      vertex 5.5646 53.6789 16.4
      vertex 5.45782 53.6947 5.6
      vertex 5.5646 53.6789 5.6
    endloop
  endfacet
  facet normal -0.0490967 -0.998794 0
    outer loop
      vertex 5.35 53.7 5.6
      vertex 5.45782 53.6947 16.4
      vertex 5.35 53.7 16.4
    endloop
  endfacet
  facet normal -0.0490967 -0.998794 -0
    outer loop
      vertex 5.45782 53.6947 16.4
      vertex 5.35 53.7 5.6
      vertex 5.45782 53.6947 5.6
    endloop
  endfacet
  facet normal -0.427883 -0.903834 0
    outer loop
      vertex 5.77095 53.6163 5.6
      vertex 5.86854 53.5701 16.4
      vertex 5.77095 53.6163 16.4
    endloop
  endfacet
  facet normal -0.427883 -0.903834 -0
    outer loop
      vertex 5.86854 53.5701 16.4
      vertex 5.77095 53.6163 5.6
      vertex 5.86854 53.5701 5.6
    endloop
  endfacet
  facet normal -0.595693 -0.803212 0
    outer loop
      vertex 5.96113 53.5146 5.6
      vertex 6.04783 53.4503 16.4
      vertex 5.96113 53.5146 16.4
    endloop
  endfacet
  facet normal -0.595693 -0.803212 -0
    outer loop
      vertex 6.04783 53.4503 16.4
      vertex 5.96113 53.5146 5.6
      vertex 6.04783 53.4503 5.6
    endloop
  endfacet
  facet normal 0.941629 -0.336653 0
    outer loop
      vertex 4.29737 52.9193 16.4
      vertex 4.33373 53.021 5.6
      vertex 4.33373 53.021 16.4
    endloop
  endfacet
  facet normal 0.941629 -0.336653 0
    outer loop
      vertex 4.33373 53.021 5.6
      vertex 4.29737 52.9193 16.4
      vertex 4.29737 52.9193 5.6
    endloop
  endfacet
  facet normal 0.970022 -0.243015 0
    outer loop
      vertex 4.27114 52.8146 16.4
      vertex 4.29737 52.9193 5.6
      vertex 4.29737 52.9193 16.4
    endloop
  endfacet
  facet normal 0.970022 -0.243015 0
    outer loop
      vertex 4.29737 52.9193 5.6
      vertex 4.27114 52.8146 16.4
      vertex 4.27114 52.8146 5.6
    endloop
  endfacet
  facet normal 0.98918 -0.14671 0
    outer loop
      vertex 4.2553 52.7078 16.4
      vertex 4.27114 52.8146 5.6
      vertex 4.27114 52.8146 16.4
    endloop
  endfacet
  facet normal 0.98918 -0.14671 0
    outer loop
      vertex 4.27114 52.8146 5.6
      vertex 4.2553 52.7078 16.4
      vertex 4.2553 52.7078 5.6
    endloop
  endfacet
  facet normal 0.595693 -0.803212 0
    outer loop
      vertex 4.65217 53.4503 5.6
      vertex 4.73887 53.5146 16.4
      vertex 4.65217 53.4503 16.4
    endloop
  endfacet
  facet normal 0.595693 -0.803212 0
    outer loop
      vertex 4.73887 53.5146 16.4
      vertex 4.65217 53.4503 5.6
      vertex 4.73887 53.5146 5.6
    endloop
  endfacet
  facet normal 0.336336 -0.941742 0
    outer loop
      vertex 4.92905 53.6163 5.6
      vertex 5.03069 53.6526 16.4
      vertex 4.92905 53.6163 16.4
    endloop
  endfacet
  facet normal 0.336336 -0.941742 0
    outer loop
      vertex 5.03069 53.6526 16.4
      vertex 4.92905 53.6163 5.6
      vertex 5.03069 53.6526 5.6
    endloop
  endfacet
  facet normal 0.146374 -0.989229 0
    outer loop
      vertex 5.1354 53.6789 5.6
      vertex 5.24218 53.6947 16.4
      vertex 5.1354 53.6789 16.4
    endloop
  endfacet
  facet normal 0.146374 -0.989229 0
    outer loop
      vertex 5.24218 53.6947 16.4
      vertex 5.1354 53.6789 5.6
      vertex 5.24218 53.6947 5.6
    endloop
  endfacet
  facet normal -0.998794 0.0491058 0
    outer loop
      vertex 6.4447 52.4922 5.6
      vertex 6.45 52.6 16.4
      vertex 6.45 52.6 5.6
    endloop
  endfacet
  facet normal -0.998794 0.0491058 0
    outer loop
      vertex 6.45 52.6 16.4
      vertex 6.4447 52.4922 5.6
      vertex 6.4447 52.4922 16.4
    endloop
  endfacet
  facet normal -0.741033 0.671469 0
    outer loop
      vertex 6.12782 51.8222 5.6
      vertex 6.20031 51.9022 16.4
      vertex 6.20031 51.9022 5.6
    endloop
  endfacet
  facet normal -0.741033 0.671469 0
    outer loop
      vertex 6.20031 51.9022 16.4
      vertex 6.12782 51.8222 5.6
      vertex 6.12782 51.8222 16.4
    endloop
  endfacet
  facet normal 0.336336 0.941742 -0
    outer loop
      vertex 5.03069 51.5474 5.6
      vertex 4.92905 51.5837 16.4
      vertex 5.03069 51.5474 16.4
    endloop
  endfacet
  facet normal 0.336336 0.941742 0
    outer loop
      vertex 4.92905 51.5837 16.4
      vertex 5.03069 51.5474 5.6
      vertex 4.92905 51.5837 5.6
    endloop
  endfacet
  facet normal 0.903994 0.427545 0
    outer loop
      vertex 4.37989 52.0815 16.4
      vertex 4.33373 52.1791 5.6
      vertex 4.33373 52.1791 16.4
    endloop
  endfacet
  facet normal 0.903994 0.427545 0
    outer loop
      vertex 4.33373 52.1791 5.6
      vertex 4.37989 52.0815 16.4
      vertex 4.37989 52.0815 5.6
    endloop
  endfacet
  facet normal -0.427883 0.903834 0
    outer loop
      vertex 5.86854 51.6299 5.6
      vertex 5.77095 51.5837 16.4
      vertex 5.86854 51.6299 16.4
    endloop
  endfacet
  facet normal -0.427883 0.903834 0
    outer loop
      vertex 5.77095 51.5837 16.4
      vertex 5.86854 51.6299 5.6
      vertex 5.77095 51.5837 5.6
    endloop
  endfacet
  facet normal -0.857779 -0.514019 0
    outer loop
      vertex 6.32011 53.1185 5.6
      vertex 6.26462 53.2111 16.4
      vertex 6.26462 53.2111 5.6
    endloop
  endfacet
  facet normal -0.857779 -0.514019 0
    outer loop
      vertex 6.26462 53.2111 16.4
      vertex 6.32011 53.1185 5.6
      vertex 6.32011 53.1185 16.4
    endloop
  endfacet
  facet normal -0.243603 -0.969875 0
    outer loop
      vertex 5.5646 53.6789 5.6
      vertex 5.66931 53.6526 16.4
      vertex 5.5646 53.6789 16.4
    endloop
  endfacet
  facet normal -0.243603 -0.969875 -0
    outer loop
      vertex 5.66931 53.6526 16.4
      vertex 5.5646 53.6789 5.6
      vertex 5.66931 53.6526 5.6
    endloop
  endfacet
  facet normal 0.803168 -0.595752 0
    outer loop
      vertex 4.43538 53.2111 16.4
      vertex 4.49969 53.2978 5.6
      vertex 4.49969 53.2978 16.4
    endloop
  endfacet
  facet normal 0.803168 -0.595752 0
    outer loop
      vertex 4.49969 53.2978 5.6
      vertex 4.43538 53.2111 16.4
      vertex 4.43538 53.2111 5.6
    endloop
  endfacet
  facet normal 0.671566 -0.740945 0
    outer loop
      vertex 4.57218 53.3778 5.6
      vertex 4.65217 53.4503 16.4
      vertex 4.57218 53.3778 16.4
    endloop
  endfacet
  facet normal 0.671566 -0.740945 0
    outer loop
      vertex 4.65217 53.4503 16.4
      vertex 4.57218 53.3778 5.6
      vertex 4.65217 53.4503 5.6
    endloop
  endfacet
  facet normal 0.514128 -0.857714 0
    outer loop
      vertex 4.73887 53.5146 5.6
      vertex 4.83146 53.5701 16.4
      vertex 4.73887 53.5146 16.4
    endloop
  endfacet
  facet normal 0.514128 -0.857714 0
    outer loop
      vertex 4.83146 53.5701 16.4
      vertex 4.73887 53.5146 5.6
      vertex 4.83146 53.5701 5.6
    endloop
  endfacet
  facet normal -0.970022 0.243015 0
    outer loop
      vertex 6.40263 52.2807 5.6
      vertex 6.42886 52.3854 16.4
      vertex 6.42886 52.3854 5.6
    endloop
  endfacet
  facet normal -0.970022 0.243015 0
    outer loop
      vertex 6.42886 52.3854 16.4
      vertex 6.40263 52.2807 5.6
      vertex 6.40263 52.2807 16.4
    endloop
  endfacet
  facet normal -0.98918 0.14671 0
    outer loop
      vertex 6.42886 52.3854 5.6
      vertex 6.4447 52.4922 16.4
      vertex 6.4447 52.4922 5.6
    endloop
  endfacet
  facet normal -0.98918 0.14671 0
    outer loop
      vertex 6.4447 52.4922 16.4
      vertex 6.42886 52.3854 5.6
      vertex 6.42886 52.3854 16.4
    endloop
  endfacet
  facet normal -0.671566 0.740945 0
    outer loop
      vertex 6.12782 51.8222 5.6
      vertex 6.04783 51.7497 16.4
      vertex 6.12782 51.8222 16.4
    endloop
  endfacet
  facet normal -0.671566 0.740945 0
    outer loop
      vertex 6.04783 51.7497 16.4
      vertex 6.12782 51.8222 5.6
      vertex 6.04783 51.7497 5.6
    endloop
  endfacet
  facet normal -0.903994 0.427545 0
    outer loop
      vertex 6.32011 52.0815 5.6
      vertex 6.36627 52.1791 16.4
      vertex 6.36627 52.1791 5.6
    endloop
  endfacet
  facet normal -0.903994 0.427545 0
    outer loop
      vertex 6.36627 52.1791 16.4
      vertex 6.32011 52.0815 5.6
      vertex 6.32011 52.0815 16.4
    endloop
  endfacet
  facet normal -0.803168 0.595752 0
    outer loop
      vertex 6.20031 51.9022 5.6
      vertex 6.26462 51.9889 16.4
      vertex 6.26462 51.9889 5.6
    endloop
  endfacet
  facet normal -0.803168 0.595752 0
    outer loop
      vertex 6.26462 51.9889 16.4
      vertex 6.20031 51.9022 5.6
      vertex 6.20031 51.9022 16.4
    endloop
  endfacet
  facet normal 0.146374 0.989229 -0
    outer loop
      vertex 5.24218 51.5053 5.6
      vertex 5.1354 51.5211 16.4
      vertex 5.24218 51.5053 16.4
    endloop
  endfacet
  facet normal 0.146374 0.989229 0
    outer loop
      vertex 5.1354 51.5211 16.4
      vertex 5.24218 51.5053 5.6
      vertex 5.1354 51.5211 5.6
    endloop
  endfacet
  facet normal 0.741033 0.671469 0
    outer loop
      vertex 4.57218 51.8222 16.4
      vertex 4.49969 51.9022 5.6
      vertex 4.49969 51.9022 16.4
    endloop
  endfacet
  facet normal 0.741033 0.671469 0
    outer loop
      vertex 4.49969 51.9022 5.6
      vertex 4.57218 51.8222 16.4
      vertex 4.57218 51.8222 5.6
    endloop
  endfacet
  facet normal -0.514128 0.857714 0
    outer loop
      vertex 5.96113 51.6854 5.6
      vertex 5.86854 51.6299 16.4
      vertex 5.96113 51.6854 16.4
    endloop
  endfacet
  facet normal -0.514128 0.857714 0
    outer loop
      vertex 5.86854 51.6299 16.4
      vertex 5.96113 51.6854 5.6
      vertex 5.86854 51.6299 5.6
    endloop
  endfacet
  facet normal -0.595693 0.803212 0
    outer loop
      vertex 6.04783 51.7497 5.6
      vertex 5.96113 51.6854 16.4
      vertex 6.04783 51.7497 16.4
    endloop
  endfacet
  facet normal -0.595693 0.803212 0
    outer loop
      vertex 5.96113 51.6854 16.4
      vertex 6.04783 51.7497 5.6
      vertex 5.96113 51.6854 5.6
    endloop
  endfacet
  facet normal -0.941524 0.336947 0
    outer loop
      vertex 6.36627 52.1791 5.6
      vertex 6.40263 52.2807 16.4
      vertex 6.40263 52.2807 5.6
    endloop
  endfacet
  facet normal -0.941524 0.336947 0
    outer loop
      vertex 6.40263 52.2807 16.4
      vertex 6.36627 52.1791 5.6
      vertex 6.36627 52.1791 16.4
    endloop
  endfacet
  facet normal -0.857779 0.514019 0
    outer loop
      vertex 6.26462 51.9889 5.6
      vertex 6.32011 52.0815 16.4
      vertex 6.32011 52.0815 5.6
    endloop
  endfacet
  facet normal -0.857779 0.514019 0
    outer loop
      vertex 6.32011 52.0815 16.4
      vertex 6.26462 51.9889 5.6
      vertex 6.26462 51.9889 16.4
    endloop
  endfacet
  facet normal 0.0490967 0.998794 -0
    outer loop
      vertex 5.35 51.5 5.6
      vertex 5.24218 51.5053 16.4
      vertex 5.35 51.5 16.4
    endloop
  endfacet
  facet normal 0.0490967 0.998794 0
    outer loop
      vertex 5.24218 51.5053 16.4
      vertex 5.35 51.5 5.6
      vertex 5.24218 51.5053 5.6
    endloop
  endfacet
  facet normal 0.671566 0.740945 -0
    outer loop
      vertex 4.65217 51.7497 5.6
      vertex 4.57218 51.8222 16.4
      vertex 4.65217 51.7497 16.4
    endloop
  endfacet
  facet normal 0.671566 0.740945 0
    outer loop
      vertex 4.57218 51.8222 16.4
      vertex 4.65217 51.7497 5.6
      vertex 4.57218 51.8222 5.6
    endloop
  endfacet
  facet normal 0.857779 0.514019 0
    outer loop
      vertex 4.43538 51.9889 16.4
      vertex 4.37989 52.0815 5.6
      vertex 4.37989 52.0815 16.4
    endloop
  endfacet
  facet normal 0.857779 0.514019 0
    outer loop
      vertex 4.37989 52.0815 5.6
      vertex 4.43538 51.9889 16.4
      vertex 4.43538 51.9889 5.6
    endloop
  endfacet
  facet normal 0.941524 0.336947 0
    outer loop
      vertex 4.33373 52.1791 16.4
      vertex 4.29737 52.2807 5.6
      vertex 4.29737 52.2807 16.4
    endloop
  endfacet
  facet normal 0.941524 0.336947 0
    outer loop
      vertex 4.29737 52.2807 5.6
      vertex 4.33373 52.1791 16.4
      vertex 4.33373 52.1791 5.6
    endloop
  endfacet
  facet normal 0.98918 0.14671 0
    outer loop
      vertex 4.27114 52.3854 16.4
      vertex 4.2553 52.4922 5.6
      vertex 4.2553 52.4922 16.4
    endloop
  endfacet
  facet normal 0.98918 0.14671 0
    outer loop
      vertex 4.2553 52.4922 5.6
      vertex 4.27114 52.3854 16.4
      vertex 4.27114 52.3854 5.6
    endloop
  endfacet
  facet normal 0.998794 0.0491058 0
    outer loop
      vertex 4.2553 52.4922 16.4
      vertex 4.25 52.6 5.6
      vertex 4.25 52.6 16.4
    endloop
  endfacet
  facet normal 0.998794 0.0491058 0
    outer loop
      vertex 4.25 52.6 5.6
      vertex 4.2553 52.4922 16.4
      vertex 4.2553 52.4922 5.6
    endloop
  endfacet
  facet normal -0.243603 0.969875 0
    outer loop
      vertex 5.66931 51.5474 5.6
      vertex 5.5646 51.5211 16.4
      vertex 5.66931 51.5474 16.4
    endloop
  endfacet
  facet normal -0.243603 0.969875 0
    outer loop
      vertex 5.5646 51.5211 16.4
      vertex 5.66931 51.5474 5.6
      vertex 5.5646 51.5211 5.6
    endloop
  endfacet
  facet normal -0.146374 0.989229 0
    outer loop
      vertex 5.5646 51.5211 5.6
      vertex 5.45782 51.5053 16.4
      vertex 5.5646 51.5211 16.4
    endloop
  endfacet
  facet normal -0.146374 0.989229 0
    outer loop
      vertex 5.45782 51.5053 16.4
      vertex 5.5646 51.5211 5.6
      vertex 5.45782 51.5053 5.6
    endloop
  endfacet
  facet normal 0.243603 0.969875 -0
    outer loop
      vertex 5.1354 51.5211 5.6
      vertex 5.03069 51.5474 16.4
      vertex 5.1354 51.5211 16.4
    endloop
  endfacet
  facet normal 0.243603 0.969875 0
    outer loop
      vertex 5.03069 51.5474 16.4
      vertex 5.1354 51.5211 5.6
      vertex 5.03069 51.5474 5.6
    endloop
  endfacet
  facet normal 0.595693 0.803212 -0
    outer loop
      vertex 4.73887 51.6854 5.6
      vertex 4.65217 51.7497 16.4
      vertex 4.73887 51.6854 16.4
    endloop
  endfacet
  facet normal 0.595693 0.803212 0
    outer loop
      vertex 4.65217 51.7497 16.4
      vertex 4.73887 51.6854 5.6
      vertex 4.65217 51.7497 5.6
    endloop
  endfacet
  facet normal 0.803168 0.595752 0
    outer loop
      vertex 4.49969 51.9022 16.4
      vertex 4.43538 51.9889 5.6
      vertex 4.43538 51.9889 16.4
    endloop
  endfacet
  facet normal 0.803168 0.595752 0
    outer loop
      vertex 4.43538 51.9889 5.6
      vertex 4.49969 51.9022 16.4
      vertex 4.49969 51.9022 5.6
    endloop
  endfacet
  facet normal 0.970022 0.243015 0
    outer loop
      vertex 4.29737 52.2807 16.4
      vertex 4.27114 52.3854 5.6
      vertex 4.27114 52.3854 16.4
    endloop
  endfacet
  facet normal 0.970022 0.243015 0
    outer loop
      vertex 4.27114 52.3854 5.6
      vertex 4.29737 52.2807 16.4
      vertex 4.29737 52.2807 5.6
    endloop
  endfacet
  facet normal 0.427883 0.903834 -0
    outer loop
      vertex 4.92905 51.5837 5.6
      vertex 4.83146 51.6299 16.4
      vertex 4.92905 51.5837 16.4
    endloop
  endfacet
  facet normal 0.427883 0.903834 0
    outer loop
      vertex 4.83146 51.6299 16.4
      vertex 4.92905 51.5837 5.6
      vertex 4.83146 51.6299 5.6
    endloop
  endfacet
  facet normal 0.514128 0.857714 -0
    outer loop
      vertex 4.83146 51.6299 5.6
      vertex 4.73887 51.6854 16.4
      vertex 4.83146 51.6299 16.4
    endloop
  endfacet
  facet normal 0.514128 0.857714 0
    outer loop
      vertex 4.73887 51.6854 16.4
      vertex 4.83146 51.6299 5.6
      vertex 4.73887 51.6854 5.6
    endloop
  endfacet
  facet normal -0.697118 0.3298 0.636599
    outer loop
      vertex 7.19513 51.6148 17.6
      vertex 7.28251 51.7995 17.6
      vertex 6.36627 52.1791 16.4
    endloop
  endfacet
  facet normal -0.770276 -0.0378156 0.636588
    outer loop
      vertex 7.44173 52.6 17.6
      vertex 7.43171 52.8041 17.6
      vertex 6.45 52.6 16.4
    endloop
  endfacet
  facet normal -0.769923 -0.0427735 0.636701
    outer loop
      vertex 6.4447 52.7078 16.4
      vertex 7.43171 52.8041 17.6
      vertex 7.43166 52.805 17.6
    endloop
  endfacet
  facet normal -0.77027 -0.0378704 0.636593
    outer loop
      vertex 7.43171 52.8041 17.6
      vertex 6.4447 52.7078 16.4
      vertex 6.45 52.6 16.4
    endloop
  endfacet
  facet normal 0.619482 -0.45933 0.636598
    outer loop
      vertex 4.49969 53.2978 16.4
      vertex 3.73307 53.927 17.6
      vertex 3.61132 53.7628 17.6
    endloop
  endfacet
  facet normal -0.726104 0.259854 0.636592
    outer loop
      vertex 6.36627 52.1791 16.4
      vertex 7.28281 51.8004 17.6
      vertex 6.40263 52.2807 16.4
    endloop
  endfacet
  facet normal -0.73201 0.244003 0.6361
    outer loop
      vertex 7.28281 51.8004 17.6
      vertex 6.36627 52.1791 16.4
      vertex 7.28251 51.7995 17.6
    endloop
  endfacet
  facet normal 0.187164 0.748129 0.63661
    outer loop
      vertex 4.94106 50.5487 17.6
      vertex 5.03069 51.5474 16.4
      vertex 4.7428 50.5983 17.6
    endloop
  endfacet
  facet normal 0.697118 0.3298 0.636599
    outer loop
      vertex 3.50487 51.6148 17.6
      vertex 4.33373 52.1791 16.4
      vertex 3.41749 51.7995 17.6
    endloop
  endfacet
  facet normal -0.45953 -0.619346 0.636587
    outer loop
      vertex 6.67698 54.2169 17.6
      vertex 6.51282 54.3387 17.6
      vertex 6.04783 53.4503 16.4
    endloop
  endfacet
  facet normal -0.66783 -0.384002 0.637609
    outer loop
      vertex 6.26462 53.2111 16.4
      vertex 7.19475 53.586 17.6
      vertex 7.19429 53.5868 17.6
    endloop
  endfacet
  facet normal -0.661518 -0.396411 0.636594
    outer loop
      vertex 7.19475 53.586 17.6
      vertex 6.26462 53.2111 16.4
      vertex 6.32011 53.1185 16.4
    endloop
  endfacet
  facet normal -0.770276 0.0378156 0.636588
    outer loop
      vertex 7.43171 52.3959 17.6
      vertex 7.44173 52.6 17.6
      vertex 6.45 52.6 16.4
    endloop
  endfacet
  facet normal -0.748098 0.187345 0.636593
    outer loop
      vertex 7.35167 51.9928 17.6
      vertex 7.40133 52.1911 17.6
      vertex 6.40263 52.2807 16.4
    endloop
  endfacet
  facet normal -0.726097 0.25987 0.636593
    outer loop
      vertex 7.28281 51.8004 17.6
      vertex 7.35167 51.9928 17.6
      vertex 6.40263 52.2807 16.4
    endloop
  endfacet
  facet normal -0.697161 0.329723 0.636593
    outer loop
      vertex 6.32011 52.0815 16.4
      vertex 7.19513 51.6148 17.6
      vertex 6.36627 52.1791 16.4
    endloop
  endfacet
  facet normal -0.696586 0.330878 0.636623
    outer loop
      vertex 7.19513 51.6148 17.6
      vertex 6.32011 52.0815 16.4
      vertex 7.19475 51.614 17.6
    endloop
  endfacet
  facet normal -0.77027 0.0378704 0.636593
    outer loop
      vertex 6.4447 52.4922 16.4
      vertex 7.43171 52.3959 17.6
      vertex 6.45 52.6 16.4
    endloop
  endfacet
  facet normal -0.769923 0.0427735 0.636701
    outer loop
      vertex 7.43171 52.3959 17.6
      vertex 6.4447 52.4922 16.4
      vertex 7.43166 52.395 17.6
    endloop
  endfacet
  facet normal -0.762858 0.113146 0.63659
    outer loop
      vertex 7.40167 52.1928 17.6
      vertex 7.43166 52.395 17.6
      vertex 6.4447 52.4922 16.4
    endloop
  endfacet
  facet normal -0.329784 0.697149 0.636573
    outer loop
      vertex 6.15047 50.6675 17.6
      vertex 6.33523 50.7549 17.6
      vertex 5.77095 51.5837 16.4
    endloop
  endfacet
  facet normal 0.459395 0.619433 0.636599
    outer loop
      vertex 4.18718 50.8613 17.6
      vertex 4.73887 51.6854 16.4
      vertex 4.65217 51.7497 16.4
    endloop
  endfacet
  facet normal 0.443879 0.630308 0.636933
    outer loop
      vertex 4.73887 51.6854 16.4
      vertex 4.18718 50.8613 17.6
      vertex 4.18789 50.8608 17.6
    endloop
  endfacet
  facet normal 0.0377352 0.770288 0.636579
    outer loop
      vertex 5.35 50.5083 17.6
      vertex 5.35 51.5 16.4
      vertex 5.14587 50.5183 17.6
    endloop
  endfacet
  facet normal 0.396541 0.661442 0.636593
    outer loop
      vertex 4.3632 50.7557 17.6
      vertex 4.73887 51.6854 16.4
      vertex 4.18789 50.8608 17.6
    endloop
  endfacet
  facet normal 0.174509 -0.750388 0.637545
    outer loop
      vertex 5.03069 53.6526 16.4
      vertex 4.94192 54.6515 17.6
      vertex 4.94106 54.6513 17.6
    endloop
  endfacet
  facet normal 0.187876 -0.748003 0.636548
    outer loop
      vertex 4.94192 54.6515 17.6
      vertex 5.03069 53.6526 16.4
      vertex 5.1354 53.6789 16.4
    endloop
  endfacet
  facet normal 0.358137 -0.680461 0.639305
    outer loop
      vertex 4.73887 53.5146 16.4
      vertex 4.36396 54.4447 17.6
      vertex 4.3632 54.4443 17.6
    endloop
  endfacet
  facet normal 0.396502 -0.661479 0.636578
    outer loop
      vertex 4.36396 54.4447 17.6
      vertex 4.73887 53.5146 16.4
      vertex 4.83146 53.5701 16.4
    endloop
  endfacet
  facet normal 0.69713 -0.329806 0.636583
    outer loop
      vertex 4.33373 53.021 16.4
      vertex 3.50487 53.5852 17.6
      vertex 3.41749 53.4005 17.6
    endloop
  endfacet
  facet normal 0.770276 -0.0378156 0.636588
    outer loop
      vertex 4.25 52.6 16.4
      vertex 3.26829 52.8041 17.6
      vertex 3.25827 52.6 17.6
    endloop
  endfacet
  facet normal -0.746486 -0.195953 0.635894
    outer loop
      vertex 6.40263 52.9193 16.4
      vertex 7.40154 53.0081 17.6
      vertex 7.40133 53.0089 17.6
    endloop
  endfacet
  facet normal -0.748083 -0.187414 0.636591
    outer loop
      vertex 7.40154 53.0081 17.6
      vertex 6.40263 52.9193 16.4
      vertex 6.42886 52.8146 16.4
    endloop
  endfacet
  facet normal -0.748083 0.187414 0.636591
    outer loop
      vertex 6.40263 52.2807 16.4
      vertex 7.40154 52.1919 17.6
      vertex 6.42886 52.3854 16.4
    endloop
  endfacet
  facet normal -0.746486 0.195953 0.635894
    outer loop
      vertex 7.40154 52.1919 17.6
      vertex 6.40263 52.2807 16.4
      vertex 7.40133 52.1911 17.6
    endloop
  endfacet
  facet normal -0.61498 0.465627 0.636389
    outer loop
      vertex 6.26462 51.9889 16.4
      vertex 7.08868 51.4372 17.6
      vertex 7.08921 51.4379 17.6
    endloop
  endfacet
  facet normal -0.619407 0.459447 0.636588
    outer loop
      vertex 7.08868 51.4372 17.6
      vertex 6.26462 51.9889 16.4
      vertex 6.20031 51.9022 16.4
    endloop
  endfacet
  facet normal -0.187164 0.748129 0.63661
    outer loop
      vertex 5.75894 50.5487 17.6
      vertex 5.9572 50.5983 17.6
      vertex 5.66931 51.5474 16.4
    endloop
  endfacet
  facet normal 0 0.77232 0.635233
    outer loop
      vertex 5.45782 51.5053 16.4
      vertex 5.55413 50.5183 17.6
      vertex 5.55503 50.5183 17.6
    endloop
  endfacet
  facet normal -0.0378636 0.770273 0.636589
    outer loop
      vertex 5.55413 50.5183 17.6
      vertex 5.45782 51.5053 16.4
      vertex 5.35 51.5 16.4
    endloop
  endfacet
  facet normal -0.459395 0.619433 0.636599
    outer loop
      vertex 5.96113 51.6854 16.4
      vertex 6.51282 50.8613 17.6
      vertex 6.04783 51.7497 16.4
    endloop
  endfacet
  facet normal -0.439705 0.633175 0.636984
    outer loop
      vertex 6.51282 50.8613 17.6
      vertex 5.96113 51.6854 16.4
      vertex 6.5121 50.8608 17.6
    endloop
  endfacet
  facet normal -0.396558 0.661433 0.636591
    outer loop
      vertex 6.3368 50.7557 17.6
      vertex 6.5121 50.8608 17.6
      vertex 5.96113 51.6854 16.4
    endloop
  endfacet
  facet normal -0.571363 0.517962 0.6366
    outer loop
      vertex 6.82968 51.1216 17.6
      vertex 6.96693 51.273 17.6
      vertex 6.20031 51.9022 16.4
    endloop
  endfacet
  facet normal 0.748098 0.187345 0.636593
    outer loop
      vertex 3.34833 51.9928 17.6
      vertex 4.29737 52.2807 16.4
      vertex 3.29867 52.1911 17.6
    endloop
  endfacet
  facet normal 0.77027 0.0378704 0.636593
    outer loop
      vertex 3.26829 52.3959 17.6
      vertex 4.2553 52.4922 16.4
      vertex 4.25 52.6 16.4
    endloop
  endfacet
  facet normal 0.769923 0.0427735 0.636701
    outer loop
      vertex 4.2553 52.4922 16.4
      vertex 3.26829 52.3959 17.6
      vertex 3.26834 52.395 17.6
    endloop
  endfacet
  facet normal 0.661466 0.396502 0.636592
    outer loop
      vertex 3.61079 51.4379 17.6
      vertex 4.43538 51.9889 16.4
      vertex 3.50571 51.6132 17.6
    endloop
  endfacet
  facet normal 0.619482 0.45933 0.636598
    outer loop
      vertex 3.73307 51.273 17.6
      vertex 4.49969 51.9022 16.4
      vertex 3.61132 51.4372 17.6
    endloop
  endfacet
  facet normal 0.45953 0.619346 0.636587
    outer loop
      vertex 4.18718 50.8613 17.6
      vertex 4.65217 51.7497 16.4
      vertex 4.02302 50.9831 17.6
    endloop
  endfacet
  facet normal 0.0378636 0.770273 0.636589
    outer loop
      vertex 5.24218 51.5053 16.4
      vertex 5.14587 50.5183 17.6
      vertex 5.35 51.5 16.4
    endloop
  endfacet
  facet normal 0 0.77232 0.635233
    outer loop
      vertex 5.14587 50.5183 17.6
      vertex 5.24218 51.5053 16.4
      vertex 5.14497 50.5183 17.6
    endloop
  endfacet
  facet normal 0.113203 0.762837 0.636604
    outer loop
      vertex 5.14497 50.5183 17.6
      vertex 5.24218 51.5053 16.4
      vertex 4.94281 50.5483 17.6
    endloop
  endfacet
  facet normal -0.0377352 0.770288 0.636579
    outer loop
      vertex 5.55413 50.5183 17.6
      vertex 5.35 51.5 16.4
      vertex 5.35 50.5083 17.6
    endloop
  endfacet
  facet normal 0.259391 0.726295 0.636563
    outer loop
      vertex 4.92905 51.5837 16.4
      vertex 4.55037 50.6672 17.6
      vertex 5.03069 51.5474 16.4
    endloop
  endfacet
  facet normal 0.259391 0.726295 0.636563
    outer loop
      vertex 4.55037 50.6672 17.6
      vertex 4.92905 51.5837 16.4
      vertex 4.54953 50.6675 17.6
    endloop
  endfacet
  facet normal 0.396502 0.661479 0.636578
    outer loop
      vertex 4.73887 51.6854 16.4
      vertex 4.36396 50.7553 17.6
      vertex 4.83146 51.6299 16.4
    endloop
  endfacet
  facet normal 0.358137 0.680461 0.639305
    outer loop
      vertex 4.36396 50.7553 17.6
      vertex 4.73887 51.6854 16.4
      vertex 4.3632 50.7557 17.6
    endloop
  endfacet
  facet normal 0.329784 0.697149 0.636573
    outer loop
      vertex 4.54953 50.6675 17.6
      vertex 4.92905 51.5837 16.4
      vertex 4.36477 50.7549 17.6
    endloop
  endfacet
  facet normal 0.259963 0.726048 0.636611
    outer loop
      vertex 4.7428 50.5983 17.6
      vertex 5.03069 51.5474 16.4
      vertex 4.55037 50.6672 17.6
    endloop
  endfacet
  facet normal 0.517791 0.571532 0.636587
    outer loop
      vertex 4.02302 50.9831 17.6
      vertex 4.65217 51.7497 16.4
      vertex 3.87158 51.1203 17.6
    endloop
  endfacet
  facet normal 0.113203 -0.762837 0.636604
    outer loop
      vertex 5.24218 53.6947 16.4
      vertex 5.14497 54.6817 17.6
      vertex 4.94281 54.6517 17.6
    endloop
  endfacet
  facet normal 0.187164 -0.748129 0.63661
    outer loop
      vertex 5.03069 53.6526 16.4
      vertex 4.94106 54.6513 17.6
      vertex 4.7428 54.6017 17.6
    endloop
  endfacet
  facet normal 0.585949 -0.502242 0.635938
    outer loop
      vertex 3.87032 54.0784 17.6
      vertex 4.57218 53.3778 16.4
      vertex 3.87092 54.0791 17.6
    endloop
  endfacet
  facet normal 0.571489 -0.51784 0.636586
    outer loop
      vertex 4.57218 53.3778 16.4
      vertex 3.87032 54.0784 17.6
      vertex 4.49969 53.2978 16.4
    endloop
  endfacet
  facet normal 0.571363 -0.517962 0.6366
    outer loop
      vertex 4.49969 53.2978 16.4
      vertex 3.87032 54.0784 17.6
      vertex 3.73307 53.927 17.6
    endloop
  endfacet
  facet normal 0.259391 -0.726295 0.636563
    outer loop
      vertex 4.92905 53.6163 16.4
      vertex 4.55037 54.5328 17.6
      vertex 4.54953 54.5325 17.6
    endloop
  endfacet
  facet normal 0.259391 -0.726295 0.636563
    outer loop
      vertex 4.55037 54.5328 17.6
      vertex 4.92905 53.6163 16.4
      vertex 5.03069 53.6526 16.4
    endloop
  endfacet
  facet normal 0.517791 -0.571532 0.636587
    outer loop
      vertex 4.65217 53.4503 16.4
      vertex 4.02302 54.2169 17.6
      vertex 3.87158 54.0797 17.6
    endloop
  endfacet
  facet normal 0.66783 -0.384002 0.637609
    outer loop
      vertex 3.50525 53.586 17.6
      vertex 4.43538 53.2111 16.4
      vertex 3.50571 53.5868 17.6
    endloop
  endfacet
  facet normal 0.661518 -0.396411 0.636594
    outer loop
      vertex 4.43538 53.2111 16.4
      vertex 3.50525 53.586 17.6
      vertex 4.37989 53.1185 16.4
    endloop
  endfacet
  facet normal 0.769923 -0.0427735 0.636701
    outer loop
      vertex 3.26829 52.8041 17.6
      vertex 4.2553 52.7078 16.4
      vertex 3.26834 52.805 17.6
    endloop
  endfacet
  facet normal 0.77027 -0.0378704 0.636593
    outer loop
      vertex 4.2553 52.7078 16.4
      vertex 3.26829 52.8041 17.6
      vertex 4.25 52.6 16.4
    endloop
  endfacet
  facet normal 0.762858 -0.113146 0.63659
    outer loop
      vertex 4.2553 52.7078 16.4
      vertex 3.29833 53.0072 17.6
      vertex 3.26834 52.805 17.6
    endloop
  endfacet
  facet normal 0.76334 -0.11026 0.636518
    outer loop
      vertex 3.29833 53.0072 17.6
      vertex 4.27114 52.8146 16.4
      vertex 3.29846 53.0081 17.6
    endloop
  endfacet
  facet normal 0.762858 -0.113143 0.636589
    outer loop
      vertex 4.27114 52.8146 16.4
      vertex 3.29833 53.0072 17.6
      vertex 4.2553 52.7078 16.4
    endloop
  endfacet
  facet normal 0.770276 0.0378156 0.636588
    outer loop
      vertex 3.26829 52.3959 17.6
      vertex 4.25 52.6 16.4
      vertex 3.25827 52.6 17.6
    endloop
  endfacet
  facet normal -0.113203 -0.762837 0.636604
    outer loop
      vertex 5.75719 54.6517 17.6
      vertex 5.55503 54.6817 17.6
      vertex 5.45782 53.6947 16.4
    endloop
  endfacet
  facet normal -0.762858 -0.113146 0.63659
    outer loop
      vertex 7.43166 52.805 17.6
      vertex 7.40167 53.0072 17.6
      vertex 6.4447 52.7078 16.4
    endloop
  endfacet
  facet normal -0.748098 -0.187345 0.636593
    outer loop
      vertex 7.40133 53.0089 17.6
      vertex 7.35167 53.2072 17.6
      vertex 6.40263 52.9193 16.4
    endloop
  endfacet
  facet normal -0.732019 -0.244006 0.636088
    outer loop
      vertex 6.36627 53.021 16.4
      vertex 7.28281 53.3996 17.6
      vertex 7.28251 53.4005 17.6
    endloop
  endfacet
  facet normal -0.7262 -0.259632 0.636573
    outer loop
      vertex 7.28281 53.3996 17.6
      vertex 6.36627 53.021 16.4
      vertex 6.40263 52.9193 16.4
    endloop
  endfacet
  facet normal -0.571363 -0.517962 0.6366
    outer loop
      vertex 6.96693 53.927 17.6
      vertex 6.82968 54.0784 17.6
      vertex 6.20031 53.2978 16.4
    endloop
  endfacet
  facet normal -0.762858 0.113143 0.636589
    outer loop
      vertex 6.42886 52.3854 16.4
      vertex 7.40167 52.1928 17.6
      vertex 6.4447 52.4922 16.4
    endloop
  endfacet
  facet normal -0.76334 0.11026 0.636518
    outer loop
      vertex 7.40167 52.1928 17.6
      vertex 6.42886 52.3854 16.4
      vertex 7.40154 52.1919 17.6
    endloop
  endfacet
  facet normal -0.661518 0.396411 0.636594
    outer loop
      vertex 6.26462 51.9889 16.4
      vertex 7.19475 51.614 17.6
      vertex 6.32011 52.0815 16.4
    endloop
  endfacet
  facet normal -0.66783 0.384002 0.637609
    outer loop
      vertex 7.19475 51.614 17.6
      vertex 6.26462 51.9889 16.4
      vertex 7.19429 51.6132 17.6
    endloop
  endfacet
  facet normal -0.619482 0.45933 0.636598
    outer loop
      vertex 6.96693 51.273 17.6
      vertex 7.08868 51.4372 17.6
      vertex 6.20031 51.9022 16.4
    endloop
  endfacet
  facet normal -0.661466 0.396502 0.636592
    outer loop
      vertex 7.08921 51.4379 17.6
      vertex 7.19429 51.6132 17.6
      vertex 6.26462 51.9889 16.4
    endloop
  endfacet
  facet normal -0.571489 0.51784 0.636586
    outer loop
      vertex 6.12782 51.8222 16.4
      vertex 6.82968 51.1216 17.6
      vertex 6.20031 51.9022 16.4
    endloop
  endfacet
  facet normal -0.585949 0.502242 0.635938
    outer loop
      vertex 6.82968 51.1216 17.6
      vertex 6.12782 51.8222 16.4
      vertex 6.82908 51.1209 17.6
    endloop
  endfacet
  facet normal -0.113203 0.762837 0.636604
    outer loop
      vertex 5.55503 50.5183 17.6
      vertex 5.75719 50.5483 17.6
      vertex 5.45782 51.5053 16.4
    endloop
  endfacet
  facet normal -0.174509 0.750388 0.637545
    outer loop
      vertex 5.66931 51.5474 16.4
      vertex 5.75808 50.5485 17.6
      vertex 5.75894 50.5487 17.6
    endloop
  endfacet
  facet normal -0.187876 0.748003 0.636548
    outer loop
      vertex 5.75808 50.5485 17.6
      vertex 5.66931 51.5474 16.4
      vertex 5.5646 51.5211 16.4
    endloop
  endfacet
  facet normal -0.259963 0.726048 0.636611
    outer loop
      vertex 5.9572 50.5983 17.6
      vertex 6.14963 50.6672 17.6
      vertex 5.66931 51.5474 16.4
    endloop
  endfacet
  facet normal -0.259391 0.726295 0.636563
    outer loop
      vertex 5.77095 51.5837 16.4
      vertex 6.14963 50.6672 17.6
      vertex 6.15047 50.6675 17.6
    endloop
  endfacet
  facet normal -0.259391 0.726295 0.636563
    outer loop
      vertex 6.14963 50.6672 17.6
      vertex 5.77095 51.5837 16.4
      vertex 5.66931 51.5474 16.4
    endloop
  endfacet
  facet normal -0.358137 0.680461 0.639305
    outer loop
      vertex 5.96113 51.6854 16.4
      vertex 6.33604 50.7553 17.6
      vertex 6.3368 50.7557 17.6
    endloop
  endfacet
  facet normal -0.396502 0.661479 0.636578
    outer loop
      vertex 6.33604 50.7553 17.6
      vertex 5.96113 51.6854 16.4
      vertex 5.86854 51.6299 16.4
    endloop
  endfacet
  facet normal -0.518746 0.570621 0.636627
    outer loop
      vertex 6.12782 51.8222 16.4
      vertex 6.82842 51.1203 17.6
      vertex 6.82908 51.1209 17.6
    endloop
  endfacet
  facet normal -0.517907 0.571412 0.6366
    outer loop
      vertex 6.82842 51.1203 17.6
      vertex 6.12782 51.8222 16.4
      vertex 6.04783 51.7497 16.4
    endloop
  endfacet
  facet normal -0.517791 0.571532 0.636587
    outer loop
      vertex 6.67698 50.9831 17.6
      vertex 6.82842 51.1203 17.6
      vertex 6.04783 51.7497 16.4
    endloop
  endfacet
  facet normal -0.45953 0.619346 0.636587
    outer loop
      vertex 6.51282 50.8613 17.6
      vertex 6.67698 50.9831 17.6
      vertex 6.04783 51.7497 16.4
    endloop
  endfacet
  facet normal 0.762858 0.113146 0.63659
    outer loop
      vertex 3.29833 52.1928 17.6
      vertex 4.2553 52.4922 16.4
      vertex 3.26834 52.395 17.6
    endloop
  endfacet
  facet normal 0.748083 0.187414 0.636591
    outer loop
      vertex 3.29846 52.1919 17.6
      vertex 4.29737 52.2807 16.4
      vertex 4.27114 52.3854 16.4
    endloop
  endfacet
  facet normal 0.746486 0.195953 0.635894
    outer loop
      vertex 4.29737 52.2807 16.4
      vertex 3.29846 52.1919 17.6
      vertex 3.29867 52.1911 17.6
    endloop
  endfacet
  facet normal 0.726097 0.25987 0.636593
    outer loop
      vertex 3.41719 51.8004 17.6
      vertex 4.29737 52.2807 16.4
      vertex 3.34833 51.9928 17.6
    endloop
  endfacet
  facet normal 0.726104 0.259854 0.636592
    outer loop
      vertex 3.41719 51.8004 17.6
      vertex 4.33373 52.1791 16.4
      vertex 4.29737 52.2807 16.4
    endloop
  endfacet
  facet normal 0.73201 0.244003 0.6361
    outer loop
      vertex 4.33373 52.1791 16.4
      vertex 3.41719 51.8004 17.6
      vertex 3.41749 51.7995 17.6
    endloop
  endfacet
  facet normal 0.661518 0.396411 0.636594
    outer loop
      vertex 3.50525 51.614 17.6
      vertex 4.43538 51.9889 16.4
      vertex 4.37989 52.0815 16.4
    endloop
  endfacet
  facet normal 0.66783 0.384002 0.637609
    outer loop
      vertex 4.43538 51.9889 16.4
      vertex 3.50525 51.614 17.6
      vertex 3.50571 51.6132 17.6
    endloop
  endfacet
  facet normal 0.619407 0.459447 0.636588
    outer loop
      vertex 4.43538 51.9889 16.4
      vertex 3.61132 51.4372 17.6
      vertex 4.49969 51.9022 16.4
    endloop
  endfacet
  facet normal 0.61498 0.465627 0.636389
    outer loop
      vertex 3.61132 51.4372 17.6
      vertex 4.43538 51.9889 16.4
      vertex 3.61079 51.4379 17.6
    endloop
  endfacet
  facet normal 0.112885 0.762905 0.636579
    outer loop
      vertex 5.1354 51.5211 16.4
      vertex 4.94281 50.5483 17.6
      vertex 5.24218 51.5053 16.4
    endloop
  endfacet
  facet normal 0.169031 0.752187 0.636901
    outer loop
      vertex 4.94281 50.5483 17.6
      vertex 5.1354 51.5211 16.4
      vertex 4.94192 50.5485 17.6
    endloop
  endfacet
  facet normal 0.187876 0.748003 0.636548
    outer loop
      vertex 5.03069 51.5474 16.4
      vertex 4.94192 50.5485 17.6
      vertex 5.1354 51.5211 16.4
    endloop
  endfacet
  facet normal 0.174509 0.750388 0.637545
    outer loop
      vertex 4.94192 50.5485 17.6
      vertex 5.03069 51.5474 16.4
      vertex 4.94106 50.5487 17.6
    endloop
  endfacet
  facet normal 0.329984 0.697038 0.636591
    outer loop
      vertex 4.83146 51.6299 16.4
      vertex 4.36477 50.7549 17.6
      vertex 4.92905 51.5837 16.4
    endloop
  endfacet
  facet normal 0.341382 0.691299 0.636839
    outer loop
      vertex 4.36477 50.7549 17.6
      vertex 4.83146 51.6299 16.4
      vertex 4.36396 50.7553 17.6
    endloop
  endfacet
  facet normal 0.329784 -0.697149 0.636573
    outer loop
      vertex 4.92905 53.6163 16.4
      vertex 4.54953 54.5325 17.6
      vertex 4.36477 54.4451 17.6
    endloop
  endfacet
  facet normal 0.259963 -0.726048 0.636611
    outer loop
      vertex 5.03069 53.6526 16.4
      vertex 4.7428 54.6017 17.6
      vertex 4.55037 54.5328 17.6
    endloop
  endfacet
  facet normal 0.45953 -0.619346 0.636587
    outer loop
      vertex 4.65217 53.4503 16.4
      vertex 4.18718 54.3387 17.6
      vertex 4.02302 54.2169 17.6
    endloop
  endfacet
  facet normal 0.517907 -0.571412 0.6366
    outer loop
      vertex 3.87158 54.0797 17.6
      vertex 4.57218 53.3778 16.4
      vertex 4.65217 53.4503 16.4
    endloop
  endfacet
  facet normal 0.518746 -0.570621 0.636627
    outer loop
      vertex 4.57218 53.3778 16.4
      vertex 3.87158 54.0797 17.6
      vertex 3.87092 54.0791 17.6
    endloop
  endfacet
  facet normal 0.661466 -0.396502 0.636592
    outer loop
      vertex 4.43538 53.2111 16.4
      vertex 3.61079 53.7621 17.6
      vertex 3.50571 53.5868 17.6
    endloop
  endfacet
  facet normal 0.619407 -0.459447 0.636588
    outer loop
      vertex 3.61132 53.7628 17.6
      vertex 4.43538 53.2111 16.4
      vertex 4.49969 53.2978 16.4
    endloop
  endfacet
  facet normal 0.61498 -0.465627 0.636389
    outer loop
      vertex 4.43538 53.2111 16.4
      vertex 3.61132 53.7628 17.6
      vertex 3.61079 53.7621 17.6
    endloop
  endfacet
  facet normal 0.746486 -0.195953 0.635894
    outer loop
      vertex 3.29846 53.0081 17.6
      vertex 4.29737 52.9193 16.4
      vertex 3.29867 53.0089 17.6
    endloop
  endfacet
  facet normal 0.748083 -0.187414 0.636591
    outer loop
      vertex 4.29737 52.9193 16.4
      vertex 3.29846 53.0081 17.6
      vertex 4.27114 52.8146 16.4
    endloop
  endfacet
  facet normal 0.748098 -0.187345 0.636593
    outer loop
      vertex 4.29737 52.9193 16.4
      vertex 3.34833 53.2072 17.6
      vertex 3.29867 53.0089 17.6
    endloop
  endfacet
  facet normal 0.732019 -0.244006 0.636088
    outer loop
      vertex 3.41719 53.3996 17.6
      vertex 4.33373 53.021 16.4
      vertex 3.41749 53.4005 17.6
    endloop
  endfacet
  facet normal 0.7262 -0.259632 0.636573
    outer loop
      vertex 4.33373 53.021 16.4
      vertex 3.41719 53.3996 17.6
      vertex 4.29737 52.9193 16.4
    endloop
  endfacet
  facet normal 0.726097 -0.25987 0.636593
    outer loop
      vertex 4.29737 52.9193 16.4
      vertex 3.41719 53.3996 17.6
      vertex 3.34833 53.2072 17.6
    endloop
  endfacet
  facet normal -0.0378636 -0.770273 0.636589
    outer loop
      vertex 5.45782 53.6947 16.4
      vertex 5.55413 54.6817 17.6
      vertex 5.35 53.7 16.4
    endloop
  endfacet
  facet normal 0 -0.77232 0.635233
    outer loop
      vertex 5.55413 54.6817 17.6
      vertex 5.45782 53.6947 16.4
      vertex 5.55503 54.6817 17.6
    endloop
  endfacet
  facet normal -0.259391 -0.726295 0.636563
    outer loop
      vertex 5.77095 53.6163 16.4
      vertex 6.14963 54.5328 17.6
      vertex 5.66931 53.6526 16.4
    endloop
  endfacet
  facet normal -0.259391 -0.726295 0.636563
    outer loop
      vertex 6.14963 54.5328 17.6
      vertex 5.77095 53.6163 16.4
      vertex 6.15047 54.5325 17.6
    endloop
  endfacet
  facet normal -0.329984 -0.697038 0.636591
    outer loop
      vertex 5.86854 53.5701 16.4
      vertex 6.33523 54.4451 17.6
      vertex 5.77095 53.6163 16.4
    endloop
  endfacet
  facet normal -0.341382 -0.691299 0.636839
    outer loop
      vertex 6.33523 54.4451 17.6
      vertex 5.86854 53.5701 16.4
      vertex 6.33604 54.4447 17.6
    endloop
  endfacet
  facet normal -0.69713 -0.329806 0.636583
    outer loop
      vertex 7.28251 53.4005 17.6
      vertex 7.19513 53.5852 17.6
      vertex 6.36627 53.021 16.4
    endloop
  endfacet
  facet normal -0.726097 -0.25987 0.636593
    outer loop
      vertex 7.35167 53.2072 17.6
      vertex 7.28281 53.3996 17.6
      vertex 6.40263 52.9193 16.4
    endloop
  endfacet
  facet normal -0.585949 -0.502242 0.635938
    outer loop
      vertex 6.12782 53.3778 16.4
      vertex 6.82968 54.0784 17.6
      vertex 6.82908 54.0791 17.6
    endloop
  endfacet
  facet normal -0.571489 -0.51784 0.636586
    outer loop
      vertex 6.82968 54.0784 17.6
      vertex 6.12782 53.3778 16.4
      vertex 6.20031 53.2978 16.4
    endloop
  endfacet
  facet normal -0.661466 -0.396502 0.636592
    outer loop
      vertex 7.19429 53.5868 17.6
      vertex 7.08921 53.7621 17.6
      vertex 6.26462 53.2111 16.4
    endloop
  endfacet
  facet normal -0.518746 -0.570621 0.636627
    outer loop
      vertex 6.82842 54.0797 17.6
      vertex 6.12782 53.3778 16.4
      vertex 6.82908 54.0791 17.6
    endloop
  endfacet
  facet normal -0.517907 -0.571412 0.6366
    outer loop
      vertex 6.12782 53.3778 16.4
      vertex 6.82842 54.0797 17.6
      vertex 6.04783 53.4503 16.4
    endloop
  endfacet
  facet normal -0.517791 -0.571532 0.636587
    outer loop
      vertex 6.82842 54.0797 17.6
      vertex 6.67698 54.2169 17.6
      vertex 6.04783 53.4503 16.4
    endloop
  endfacet
  facet normal -0.169031 0.752187 0.636901
    outer loop
      vertex 5.5646 51.5211 16.4
      vertex 5.75719 50.5483 17.6
      vertex 5.75808 50.5485 17.6
    endloop
  endfacet
  facet normal -0.112885 0.762905 0.636579
    outer loop
      vertex 5.75719 50.5483 17.6
      vertex 5.5646 51.5211 16.4
      vertex 5.45782 51.5053 16.4
    endloop
  endfacet
  facet normal -0.341382 0.691299 0.636839
    outer loop
      vertex 5.86854 51.6299 16.4
      vertex 6.33523 50.7549 17.6
      vertex 6.33604 50.7553 17.6
    endloop
  endfacet
  facet normal -0.329984 0.697038 0.636591
    outer loop
      vertex 6.33523 50.7549 17.6
      vertex 5.86854 51.6299 16.4
      vertex 5.77095 51.5837 16.4
    endloop
  endfacet
  facet normal 0.762858 0.113143 0.636589
    outer loop
      vertex 3.29833 52.1928 17.6
      vertex 4.27114 52.3854 16.4
      vertex 4.2553 52.4922 16.4
    endloop
  endfacet
  facet normal 0.76334 0.11026 0.636518
    outer loop
      vertex 4.27114 52.3854 16.4
      vertex 3.29833 52.1928 17.6
      vertex 3.29846 52.1919 17.6
    endloop
  endfacet
  facet normal 0.697161 0.329723 0.636593
    outer loop
      vertex 3.50487 51.6148 17.6
      vertex 4.37989 52.0815 16.4
      vertex 4.33373 52.1791 16.4
    endloop
  endfacet
  facet normal 0.696586 0.330878 0.636623
    outer loop
      vertex 4.37989 52.0815 16.4
      vertex 3.50487 51.6148 17.6
      vertex 3.50525 51.614 17.6
    endloop
  endfacet
  facet normal 0.517907 0.571412 0.6366
    outer loop
      vertex 4.57218 51.8222 16.4
      vertex 3.87158 51.1203 17.6
      vertex 4.65217 51.7497 16.4
    endloop
  endfacet
  facet normal 0.518746 0.570621 0.636627
    outer loop
      vertex 3.87158 51.1203 17.6
      vertex 4.57218 51.8222 16.4
      vertex 3.87092 51.1209 17.6
    endloop
  endfacet
  facet normal 0.571363 0.517962 0.6366
    outer loop
      vertex 3.87032 51.1216 17.6
      vertex 4.49969 51.9022 16.4
      vertex 3.73307 51.273 17.6
    endloop
  endfacet
  facet normal 0.169031 -0.752187 0.636901
    outer loop
      vertex 5.1354 53.6789 16.4
      vertex 4.94281 54.6517 17.6
      vertex 4.94192 54.6515 17.6
    endloop
  endfacet
  facet normal 0.112885 -0.762905 0.636579
    outer loop
      vertex 4.94281 54.6517 17.6
      vertex 5.1354 53.6789 16.4
      vertex 5.24218 53.6947 16.4
    endloop
  endfacet
  facet normal 0.341382 -0.691299 0.636839
    outer loop
      vertex 4.83146 53.5701 16.4
      vertex 4.36477 54.4451 17.6
      vertex 4.36396 54.4447 17.6
    endloop
  endfacet
  facet normal 0.329984 -0.697038 0.636591
    outer loop
      vertex 4.36477 54.4451 17.6
      vertex 4.83146 53.5701 16.4
      vertex 4.92905 53.6163 16.4
    endloop
  endfacet
  facet normal 0.443879 -0.630308 0.636933
    outer loop
      vertex 4.18718 54.3387 17.6
      vertex 4.73887 53.5146 16.4
      vertex 4.18789 54.3392 17.6
    endloop
  endfacet
  facet normal 0.459395 -0.619433 0.636599
    outer loop
      vertex 4.73887 53.5146 16.4
      vertex 4.18718 54.3387 17.6
      vertex 4.65217 53.4503 16.4
    endloop
  endfacet
  facet normal 0.396541 -0.661442 0.636593
    outer loop
      vertex 4.73887 53.5146 16.4
      vertex 4.3632 54.4443 17.6
      vertex 4.18789 54.3392 17.6
    endloop
  endfacet
  facet normal 0.696586 -0.330878 0.636623
    outer loop
      vertex 3.50487 53.5852 17.6
      vertex 4.37989 53.1185 16.4
      vertex 3.50525 53.586 17.6
    endloop
  endfacet
  facet normal 0.697024 -0.329996 0.6366
    outer loop
      vertex 4.37989 53.1185 16.4
      vertex 3.50487 53.5852 17.6
      vertex 4.33373 53.021 16.4
    endloop
  endfacet
  facet normal -0.396558 -0.661433 0.636591
    outer loop
      vertex 6.5121 54.3392 17.6
      vertex 6.3368 54.4443 17.6
      vertex 5.96113 53.5146 16.4
    endloop
  endfacet
  facet normal -0.439705 -0.633175 0.636984
    outer loop
      vertex 5.96113 53.5146 16.4
      vertex 6.51282 54.3387 17.6
      vertex 6.5121 54.3392 17.6
    endloop
  endfacet
  facet normal -0.459395 -0.619433 0.636599
    outer loop
      vertex 6.51282 54.3387 17.6
      vertex 5.96113 53.5146 16.4
      vertex 6.04783 53.4503 16.4
    endloop
  endfacet
  facet normal -0.187876 -0.748003 0.636548
    outer loop
      vertex 5.66931 53.6526 16.4
      vertex 5.75808 54.6515 17.6
      vertex 5.5646 53.6789 16.4
    endloop
  endfacet
  facet normal -0.174509 -0.750388 0.637545
    outer loop
      vertex 5.75808 54.6515 17.6
      vertex 5.66931 53.6526 16.4
      vertex 5.75894 54.6513 17.6
    endloop
  endfacet
  facet normal -0.112885 -0.762905 0.636579
    outer loop
      vertex 5.5646 53.6789 16.4
      vertex 5.75719 54.6517 17.6
      vertex 5.45782 53.6947 16.4
    endloop
  endfacet
  facet normal -0.169031 -0.752187 0.636901
    outer loop
      vertex 5.75719 54.6517 17.6
      vertex 5.5646 53.6789 16.4
      vertex 5.75808 54.6515 17.6
    endloop
  endfacet
  facet normal 0 -0.77232 0.635233
    outer loop
      vertex 5.24218 53.6947 16.4
      vertex 5.14587 54.6817 17.6
      vertex 5.14497 54.6817 17.6
    endloop
  endfacet
  facet normal 0.0378636 -0.770273 0.636589
    outer loop
      vertex 5.14587 54.6817 17.6
      vertex 5.24218 53.6947 16.4
      vertex 5.35 53.7 16.4
    endloop
  endfacet
  facet normal -0.187164 -0.748129 0.63661
    outer loop
      vertex 5.9572 54.6017 17.6
      vertex 5.75894 54.6513 17.6
      vertex 5.66931 53.6526 16.4
    endloop
  endfacet
  facet normal -0.259963 -0.726048 0.636611
    outer loop
      vertex 6.14963 54.5328 17.6
      vertex 5.9572 54.6017 17.6
      vertex 5.66931 53.6526 16.4
    endloop
  endfacet
  facet normal -0.329784 -0.697149 0.636573
    outer loop
      vertex 6.33523 54.4451 17.6
      vertex 6.15047 54.5325 17.6
      vertex 5.77095 53.6163 16.4
    endloop
  endfacet
  facet normal -0.76334 -0.11026 0.636518
    outer loop
      vertex 6.42886 52.8146 16.4
      vertex 7.40167 53.0072 17.6
      vertex 7.40154 53.0081 17.6
    endloop
  endfacet
  facet normal -0.762858 -0.113143 0.636589
    outer loop
      vertex 7.40167 53.0072 17.6
      vertex 6.42886 52.8146 16.4
      vertex 6.4447 52.7078 16.4
    endloop
  endfacet
  facet normal -0.696586 -0.330878 0.636623
    outer loop
      vertex 6.32011 53.1185 16.4
      vertex 7.19513 53.5852 17.6
      vertex 7.19475 53.586 17.6
    endloop
  endfacet
  facet normal -0.697024 -0.329996 0.6366
    outer loop
      vertex 7.19513 53.5852 17.6
      vertex 6.32011 53.1185 16.4
      vertex 6.36627 53.021 16.4
    endloop
  endfacet
  facet normal -0.619482 -0.45933 0.636598
    outer loop
      vertex 7.08868 53.7628 17.6
      vertex 6.96693 53.927 17.6
      vertex 6.20031 53.2978 16.4
    endloop
  endfacet
  facet normal -0.61498 -0.465627 0.636389
    outer loop
      vertex 7.08868 53.7628 17.6
      vertex 6.26462 53.2111 16.4
      vertex 7.08921 53.7621 17.6
    endloop
  endfacet
  facet normal -0.619407 -0.459447 0.636588
    outer loop
      vertex 6.26462 53.2111 16.4
      vertex 7.08868 53.7628 17.6
      vertex 6.20031 53.2978 16.4
    endloop
  endfacet
  facet normal 0.571489 0.51784 0.636586
    outer loop
      vertex 3.87032 51.1216 17.6
      vertex 4.57218 51.8222 16.4
      vertex 4.49969 51.9022 16.4
    endloop
  endfacet
  facet normal 0.585949 0.502242 0.635938
    outer loop
      vertex 4.57218 51.8222 16.4
      vertex 3.87032 51.1216 17.6
      vertex 3.87092 51.1209 17.6
    endloop
  endfacet
  facet normal -0.396502 -0.661479 0.636578
    outer loop
      vertex 5.96113 53.5146 16.4
      vertex 6.33604 54.4447 17.6
      vertex 5.86854 53.5701 16.4
    endloop
  endfacet
  facet normal -0.358137 -0.680461 0.639305
    outer loop
      vertex 6.33604 54.4447 17.6
      vertex 5.96113 53.5146 16.4
      vertex 6.3368 54.4443 17.6
    endloop
  endfacet
  facet normal 0.0377352 -0.770288 0.636579
    outer loop
      vertex 5.35 53.7 16.4
      vertex 5.35 54.6917 17.6
      vertex 5.14587 54.6817 17.6
    endloop
  endfacet
  facet normal -0.0377352 -0.770288 0.636579
    outer loop
      vertex 5.55413 54.6817 17.6
      vertex 5.35 54.6917 17.6
      vertex 5.35 53.7 16.4
    endloop
  endfacet
  facet normal -0.998794 -0.0491058 0
    outer loop
      vertex 36.45 52.6 5.6
      vertex 36.4447 52.7078 16.4
      vertex 36.4447 52.7078 5.6
    endloop
  endfacet
  facet normal -0.998794 -0.0491058 0
    outer loop
      vertex 36.4447 52.7078 16.4
      vertex 36.45 52.6 5.6
      vertex 36.45 52.6 16.4
    endloop
  endfacet
  facet normal 0.998794 -0.0491058 0
    outer loop
      vertex 34.25 52.6 16.4
      vertex 34.2553 52.7078 5.6
      vertex 34.2553 52.7078 16.4
    endloop
  endfacet
  facet normal 0.998794 -0.0491058 0
    outer loop
      vertex 34.2553 52.7078 5.6
      vertex 34.25 52.6 16.4
      vertex 34.25 52.6 5.6
    endloop
  endfacet
  facet normal 0.0491058 -0.998794 0
    outer loop
      vertex 35.2422 53.6947 5.6
      vertex 35.35 53.7 16.4
      vertex 35.2422 53.6947 16.4
    endloop
  endfacet
  facet normal 0.0491058 -0.998794 0
    outer loop
      vertex 35.35 53.7 16.4
      vertex 35.2422 53.6947 5.6
      vertex 35.35 53.7 5.6
    endloop
  endfacet
  facet normal -0.0491058 0.998794 0
    outer loop
      vertex 35.4578 51.5053 5.6
      vertex 35.35 51.5 16.4
      vertex 35.4578 51.5053 16.4
    endloop
  endfacet
  facet normal -0.0491058 0.998794 0
    outer loop
      vertex 35.35 51.5 16.4
      vertex 35.4578 51.5053 5.6
      vertex 35.35 51.5 5.6
    endloop
  endfacet
  facet normal -0.671519 -0.740987 0
    outer loop
      vertex 36.0478 53.4503 5.6
      vertex 36.1278 53.3778 16.4
      vertex 36.0478 53.4503 16.4
    endloop
  endfacet
  facet normal -0.671519 -0.740987 -0
    outer loop
      vertex 36.1278 53.3778 16.4
      vertex 36.0478 53.4503 5.6
      vertex 36.1278 53.3778 5.6
    endloop
  endfacet
  facet normal 0.740987 -0.671519 0
    outer loop
      vertex 34.4997 53.2978 16.4
      vertex 34.5722 53.3778 5.6
      vertex 34.5722 53.3778 16.4
    endloop
  endfacet
  facet normal 0.740987 -0.671519 0
    outer loop
      vertex 34.5722 53.3778 5.6
      vertex 34.4997 53.2978 16.4
      vertex 34.4997 53.2978 5.6
    endloop
  endfacet
  facet normal 0.427847 -0.903851 0
    outer loop
      vertex 34.8315 53.5701 5.6
      vertex 34.9291 53.6163 16.4
      vertex 34.8315 53.5701 16.4
    endloop
  endfacet
  facet normal 0.427847 -0.903851 0
    outer loop
      vertex 34.9291 53.6163 16.4
      vertex 34.8315 53.5701 5.6
      vertex 34.9291 53.6163 5.6
    endloop
  endfacet
  facet normal -0.903681 -0.428206 0
    outer loop
      vertex 36.3663 53.021 5.6
      vertex 36.3201 53.1185 16.4
      vertex 36.3201 53.1185 5.6
    endloop
  endfacet
  facet normal -0.903681 -0.428206 0
    outer loop
      vertex 36.3201 53.1185 16.4
      vertex 36.3663 53.021 5.6
      vertex 36.3663 53.021 16.4
    endloop
  endfacet
  facet normal -0.33616 -0.941805 0
    outer loop
      vertex 35.6693 53.6526 5.6
      vertex 35.771 53.6163 16.4
      vertex 35.6693 53.6526 16.4
    endloop
  endfacet
  facet normal -0.33616 -0.941805 -0
    outer loop
      vertex 35.771 53.6163 16.4
      vertex 35.6693 53.6526 5.6
      vertex 35.771 53.6163 5.6
    endloop
  endfacet
  facet normal -0.514087 -0.857738 0
    outer loop
      vertex 35.8685 53.5701 5.6
      vertex 35.9611 53.5146 16.4
      vertex 35.8685 53.5701 16.4
    endloop
  endfacet
  facet normal -0.514087 -0.857738 -0
    outer loop
      vertex 35.9611 53.5146 16.4
      vertex 35.8685 53.5701 5.6
      vertex 35.9611 53.5146 5.6
    endloop
  endfacet
  facet normal 0.903681 -0.428206 0
    outer loop
      vertex 34.3337 53.021 16.4
      vertex 34.3799 53.1185 5.6
      vertex 34.3799 53.1185 16.4
    endloop
  endfacet
  facet normal 0.903681 -0.428206 0
    outer loop
      vertex 34.3799 53.1185 5.6
      vertex 34.3337 53.021 16.4
      vertex 34.3337 53.021 5.6
    endloop
  endfacet
  facet normal 0.857738 -0.514087 0
    outer loop
      vertex 34.3799 53.1185 16.4
      vertex 34.4354 53.2111 5.6
      vertex 34.4354 53.2111 16.4
    endloop
  endfacet
  facet normal 0.857738 -0.514087 0
    outer loop
      vertex 34.4354 53.2111 5.6
      vertex 34.3799 53.1185 16.4
      vertex 34.3799 53.1185 5.6
    endloop
  endfacet
  facet normal 0.243625 -0.969869 0
    outer loop
      vertex 35.0307 53.6526 5.6
      vertex 35.1354 53.6789 16.4
      vertex 35.0307 53.6526 16.4
    endloop
  endfacet
  facet normal 0.243625 -0.969869 0
    outer loop
      vertex 35.1354 53.6789 16.4
      vertex 35.0307 53.6526 5.6
      vertex 35.1354 53.6789 5.6
    endloop
  endfacet
  facet normal -0.33616 0.941805 0
    outer loop
      vertex 35.771 51.5837 5.6
      vertex 35.6693 51.5474 16.4
      vertex 35.771 51.5837 16.4
    endloop
  endfacet
  facet normal -0.33616 0.941805 0
    outer loop
      vertex 35.6693 51.5474 16.4
      vertex 35.771 51.5837 5.6
      vertex 35.6693 51.5474 5.6
    endloop
  endfacet
  facet normal -0.969869 -0.243625 0
    outer loop
      vertex 36.4289 52.8146 5.6
      vertex 36.4026 52.9193 16.4
      vertex 36.4026 52.9193 5.6
    endloop
  endfacet
  facet normal -0.969869 -0.243625 0
    outer loop
      vertex 36.4026 52.9193 16.4
      vertex 36.4289 52.8146 5.6
      vertex 36.4289 52.8146 16.4
    endloop
  endfacet
  facet normal -0.989233 -0.146347 0
    outer loop
      vertex 36.4447 52.7078 5.6
      vertex 36.4289 52.8146 16.4
      vertex 36.4289 52.8146 5.6
    endloop
  endfacet
  facet normal -0.989233 -0.146347 0
    outer loop
      vertex 36.4289 52.8146 16.4
      vertex 36.4447 52.7078 5.6
      vertex 36.4447 52.7078 16.4
    endloop
  endfacet
  facet normal -0.941805 -0.33616 0
    outer loop
      vertex 36.4026 52.9193 5.6
      vertex 36.3663 53.021 16.4
      vertex 36.3663 53.021 5.6
    endloop
  endfacet
  facet normal -0.941805 -0.33616 0
    outer loop
      vertex 36.3663 53.021 16.4
      vertex 36.4026 52.9193 5.6
      vertex 36.4026 52.9193 16.4
    endloop
  endfacet
  facet normal -0.803212 -0.595693 0
    outer loop
      vertex 36.2646 53.2111 5.6
      vertex 36.2003 53.2978 16.4
      vertex 36.2003 53.2978 5.6
    endloop
  endfacet
  facet normal -0.803212 -0.595693 0
    outer loop
      vertex 36.2003 53.2978 16.4
      vertex 36.2646 53.2111 5.6
      vertex 36.2646 53.2111 16.4
    endloop
  endfacet
  facet normal -0.740987 -0.671519 0
    outer loop
      vertex 36.2003 53.2978 5.6
      vertex 36.1278 53.3778 16.4
      vertex 36.1278 53.3778 5.6
    endloop
  endfacet
  facet normal -0.740987 -0.671519 0
    outer loop
      vertex 36.1278 53.3778 16.4
      vertex 36.2003 53.2978 5.6
      vertex 36.2003 53.2978 16.4
    endloop
  endfacet
  facet normal -0.146347 -0.989233 0
    outer loop
      vertex 35.4578 53.6947 5.6
      vertex 35.5646 53.6789 16.4
      vertex 35.4578 53.6947 16.4
    endloop
  endfacet
  facet normal -0.146347 -0.989233 -0
    outer loop
      vertex 35.5646 53.6789 16.4
      vertex 35.4578 53.6947 5.6
      vertex 35.5646 53.6789 5.6
    endloop
  endfacet
  facet normal -0.0491058 -0.998794 0
    outer loop
      vertex 35.35 53.7 5.6
      vertex 35.4578 53.6947 16.4
      vertex 35.35 53.7 16.4
    endloop
  endfacet
  facet normal -0.0491058 -0.998794 -0
    outer loop
      vertex 35.4578 53.6947 16.4
      vertex 35.35 53.7 5.6
      vertex 35.4578 53.6947 5.6
    endloop
  endfacet
  facet normal -0.428206 -0.903681 0
    outer loop
      vertex 35.771 53.6163 5.6
      vertex 35.8685 53.5701 16.4
      vertex 35.771 53.6163 16.4
    endloop
  endfacet
  facet normal -0.428206 -0.903681 -0
    outer loop
      vertex 35.8685 53.5701 16.4
      vertex 35.771 53.6163 5.6
      vertex 35.8685 53.5701 5.6
    endloop
  endfacet
  facet normal -0.595693 -0.803212 0
    outer loop
      vertex 35.9611 53.5146 5.6
      vertex 36.0478 53.4503 16.4
      vertex 35.9611 53.5146 16.4
    endloop
  endfacet
  facet normal -0.595693 -0.803212 -0
    outer loop
      vertex 36.0478 53.4503 16.4
      vertex 35.9611 53.5146 5.6
      vertex 36.0478 53.4503 5.6
    endloop
  endfacet
  facet normal 0.941805 -0.33616 0
    outer loop
      vertex 34.2974 52.9193 16.4
      vertex 34.3337 53.021 5.6
      vertex 34.3337 53.021 16.4
    endloop
  endfacet
  facet normal 0.941805 -0.33616 0
    outer loop
      vertex 34.3337 53.021 5.6
      vertex 34.2974 52.9193 16.4
      vertex 34.2974 52.9193 5.6
    endloop
  endfacet
  facet normal 0.969869 -0.243625 0
    outer loop
      vertex 34.2711 52.8146 16.4
      vertex 34.2974 52.9193 5.6
      vertex 34.2974 52.9193 16.4
    endloop
  endfacet
  facet normal 0.969869 -0.243625 0
    outer loop
      vertex 34.2974 52.9193 5.6
      vertex 34.2711 52.8146 16.4
      vertex 34.2711 52.8146 5.6
    endloop
  endfacet
  facet normal 0.989233 -0.146347 0
    outer loop
      vertex 34.2553 52.7078 16.4
      vertex 34.2711 52.8146 5.6
      vertex 34.2711 52.8146 16.4
    endloop
  endfacet
  facet normal 0.989233 -0.146347 0
    outer loop
      vertex 34.2711 52.8146 5.6
      vertex 34.2553 52.7078 16.4
      vertex 34.2553 52.7078 5.6
    endloop
  endfacet
  facet normal 0.595693 -0.803212 0
    outer loop
      vertex 34.6522 53.4503 5.6
      vertex 34.7389 53.5146 16.4
      vertex 34.6522 53.4503 16.4
    endloop
  endfacet
  facet normal 0.595693 -0.803212 0
    outer loop
      vertex 34.7389 53.5146 16.4
      vertex 34.6522 53.4503 5.6
      vertex 34.7389 53.5146 5.6
    endloop
  endfacet
  facet normal 0.336454 -0.9417 0
    outer loop
      vertex 34.9291 53.6163 5.6
      vertex 35.0307 53.6526 16.4
      vertex 34.9291 53.6163 16.4
    endloop
  endfacet
  facet normal 0.336454 -0.9417 0
    outer loop
      vertex 35.0307 53.6526 16.4
      vertex 34.9291 53.6163 5.6
      vertex 35.0307 53.6526 5.6
    endloop
  endfacet
  facet normal 0.146347 -0.989233 0
    outer loop
      vertex 35.1354 53.6789 5.6
      vertex 35.2422 53.6947 16.4
      vertex 35.1354 53.6789 16.4
    endloop
  endfacet
  facet normal 0.146347 -0.989233 0
    outer loop
      vertex 35.2422 53.6947 16.4
      vertex 35.1354 53.6789 5.6
      vertex 35.2422 53.6947 5.6
    endloop
  endfacet
  facet normal -0.998794 0.0491058 0
    outer loop
      vertex 36.4447 52.4922 5.6
      vertex 36.45 52.6 16.4
      vertex 36.45 52.6 5.6
    endloop
  endfacet
  facet normal -0.998794 0.0491058 0
    outer loop
      vertex 36.45 52.6 16.4
      vertex 36.4447 52.4922 5.6
      vertex 36.4447 52.4922 16.4
    endloop
  endfacet
  facet normal -0.740987 0.671519 0
    outer loop
      vertex 36.1278 51.8222 5.6
      vertex 36.2003 51.9022 16.4
      vertex 36.2003 51.9022 5.6
    endloop
  endfacet
  facet normal -0.740987 0.671519 0
    outer loop
      vertex 36.2003 51.9022 16.4
      vertex 36.1278 51.8222 5.6
      vertex 36.1278 51.8222 16.4
    endloop
  endfacet
  facet normal 0.336454 0.9417 -0
    outer loop
      vertex 35.0307 51.5474 5.6
      vertex 34.9291 51.5837 16.4
      vertex 35.0307 51.5474 16.4
    endloop
  endfacet
  facet normal 0.336454 0.9417 0
    outer loop
      vertex 34.9291 51.5837 16.4
      vertex 35.0307 51.5474 5.6
      vertex 34.9291 51.5837 5.6
    endloop
  endfacet
  facet normal 0.903851 0.427847 0
    outer loop
      vertex 34.3799 52.0815 16.4
      vertex 34.3337 52.1791 5.6
      vertex 34.3337 52.1791 16.4
    endloop
  endfacet
  facet normal 0.903851 0.427847 0
    outer loop
      vertex 34.3337 52.1791 5.6
      vertex 34.3799 52.0815 16.4
      vertex 34.3799 52.0815 5.6
    endloop
  endfacet
  facet normal -0.428206 0.903681 0
    outer loop
      vertex 35.8685 51.6299 5.6
      vertex 35.771 51.5837 16.4
      vertex 35.8685 51.6299 16.4
    endloop
  endfacet
  facet normal -0.428206 0.903681 0
    outer loop
      vertex 35.771 51.5837 16.4
      vertex 35.8685 51.6299 5.6
      vertex 35.771 51.5837 5.6
    endloop
  endfacet
  facet normal -0.857738 -0.514087 0
    outer loop
      vertex 36.3201 53.1185 5.6
      vertex 36.2646 53.2111 16.4
      vertex 36.2646 53.2111 5.6
    endloop
  endfacet
  facet normal -0.857738 -0.514087 0
    outer loop
      vertex 36.2646 53.2111 16.4
      vertex 36.3201 53.1185 5.6
      vertex 36.3201 53.1185 16.4
    endloop
  endfacet
  facet normal -0.243625 -0.969869 0
    outer loop
      vertex 35.5646 53.6789 5.6
      vertex 35.6693 53.6526 16.4
      vertex 35.5646 53.6789 16.4
    endloop
  endfacet
  facet normal -0.243625 -0.969869 -0
    outer loop
      vertex 35.6693 53.6526 16.4
      vertex 35.5646 53.6789 5.6
      vertex 35.6693 53.6526 5.6
    endloop
  endfacet
  facet normal 0.803212 -0.595693 0
    outer loop
      vertex 34.4354 53.2111 16.4
      vertex 34.4997 53.2978 5.6
      vertex 34.4997 53.2978 16.4
    endloop
  endfacet
  facet normal 0.803212 -0.595693 0
    outer loop
      vertex 34.4997 53.2978 5.6
      vertex 34.4354 53.2111 16.4
      vertex 34.4354 53.2111 5.6
    endloop
  endfacet
  facet normal 0.671519 -0.740987 0
    outer loop
      vertex 34.5722 53.3778 5.6
      vertex 34.6522 53.4503 16.4
      vertex 34.5722 53.3778 16.4
    endloop
  endfacet
  facet normal 0.671519 -0.740987 0
    outer loop
      vertex 34.6522 53.4503 16.4
      vertex 34.5722 53.3778 5.6
      vertex 34.6522 53.4503 5.6
    endloop
  endfacet
  facet normal 0.514087 -0.857738 0
    outer loop
      vertex 34.7389 53.5146 5.6
      vertex 34.8315 53.5701 16.4
      vertex 34.7389 53.5146 16.4
    endloop
  endfacet
  facet normal 0.514087 -0.857738 0
    outer loop
      vertex 34.8315 53.5701 16.4
      vertex 34.7389 53.5146 5.6
      vertex 34.8315 53.5701 5.6
    endloop
  endfacet
  facet normal -0.969869 0.243625 0
    outer loop
      vertex 36.4026 52.2807 5.6
      vertex 36.4289 52.3854 16.4
      vertex 36.4289 52.3854 5.6
    endloop
  endfacet
  facet normal -0.969869 0.243625 0
    outer loop
      vertex 36.4289 52.3854 16.4
      vertex 36.4026 52.2807 5.6
      vertex 36.4026 52.2807 16.4
    endloop
  endfacet
  facet normal -0.989233 0.146347 0
    outer loop
      vertex 36.4289 52.3854 5.6
      vertex 36.4447 52.4922 16.4
      vertex 36.4447 52.4922 5.6
    endloop
  endfacet
  facet normal -0.989233 0.146347 0
    outer loop
      vertex 36.4447 52.4922 16.4
      vertex 36.4289 52.3854 5.6
      vertex 36.4289 52.3854 16.4
    endloop
  endfacet
  facet normal -0.671519 0.740987 0
    outer loop
      vertex 36.1278 51.8222 5.6
      vertex 36.0478 51.7497 16.4
      vertex 36.1278 51.8222 16.4
    endloop
  endfacet
  facet normal -0.671519 0.740987 0
    outer loop
      vertex 36.0478 51.7497 16.4
      vertex 36.1278 51.8222 5.6
      vertex 36.0478 51.7497 5.6
    endloop
  endfacet
  facet normal -0.903851 0.427847 0
    outer loop
      vertex 36.3201 52.0815 5.6
      vertex 36.3663 52.1791 16.4
      vertex 36.3663 52.1791 5.6
    endloop
  endfacet
  facet normal -0.903851 0.427847 0
    outer loop
      vertex 36.3663 52.1791 16.4
      vertex 36.3201 52.0815 5.6
      vertex 36.3201 52.0815 16.4
    endloop
  endfacet
  facet normal -0.803212 0.595693 0
    outer loop
      vertex 36.2003 51.9022 5.6
      vertex 36.2646 51.9889 16.4
      vertex 36.2646 51.9889 5.6
    endloop
  endfacet
  facet normal -0.803212 0.595693 0
    outer loop
      vertex 36.2646 51.9889 16.4
      vertex 36.2003 51.9022 5.6
      vertex 36.2003 51.9022 16.4
    endloop
  endfacet
  facet normal 0.146347 0.989233 -0
    outer loop
      vertex 35.2422 51.5053 5.6
      vertex 35.1354 51.5211 16.4
      vertex 35.2422 51.5053 16.4
    endloop
  endfacet
  facet normal 0.146347 0.989233 0
    outer loop
      vertex 35.1354 51.5211 16.4
      vertex 35.2422 51.5053 5.6
      vertex 35.1354 51.5211 5.6
    endloop
  endfacet
  facet normal 0.740987 0.671519 0
    outer loop
      vertex 34.5722 51.8222 16.4
      vertex 34.4997 51.9022 5.6
      vertex 34.4997 51.9022 16.4
    endloop
  endfacet
  facet normal 0.740987 0.671519 0
    outer loop
      vertex 34.4997 51.9022 5.6
      vertex 34.5722 51.8222 16.4
      vertex 34.5722 51.8222 5.6
    endloop
  endfacet
  facet normal -0.514087 0.857738 0
    outer loop
      vertex 35.9611 51.6854 5.6
      vertex 35.8685 51.6299 16.4
      vertex 35.9611 51.6854 16.4
    endloop
  endfacet
  facet normal -0.514087 0.857738 0
    outer loop
      vertex 35.8685 51.6299 16.4
      vertex 35.9611 51.6854 5.6
      vertex 35.8685 51.6299 5.6
    endloop
  endfacet
  facet normal -0.595693 0.803212 0
    outer loop
      vertex 36.0478 51.7497 5.6
      vertex 35.9611 51.6854 16.4
      vertex 36.0478 51.7497 16.4
    endloop
  endfacet
  facet normal -0.595693 0.803212 0
    outer loop
      vertex 35.9611 51.6854 16.4
      vertex 36.0478 51.7497 5.6
      vertex 35.9611 51.6854 5.6
    endloop
  endfacet
  facet normal -0.9417 0.336454 0
    outer loop
      vertex 36.3663 52.1791 5.6
      vertex 36.4026 52.2807 16.4
      vertex 36.4026 52.2807 5.6
    endloop
  endfacet
  facet normal -0.9417 0.336454 0
    outer loop
      vertex 36.4026 52.2807 16.4
      vertex 36.3663 52.1791 5.6
      vertex 36.3663 52.1791 16.4
    endloop
  endfacet
  facet normal -0.857738 0.514087 0
    outer loop
      vertex 36.2646 51.9889 5.6
      vertex 36.3201 52.0815 16.4
      vertex 36.3201 52.0815 5.6
    endloop
  endfacet
  facet normal -0.857738 0.514087 0
    outer loop
      vertex 36.3201 52.0815 16.4
      vertex 36.2646 51.9889 5.6
      vertex 36.2646 51.9889 16.4
    endloop
  endfacet
  facet normal 0.0491058 0.998794 -0
    outer loop
      vertex 35.35 51.5 5.6
      vertex 35.2422 51.5053 16.4
      vertex 35.35 51.5 16.4
    endloop
  endfacet
  facet normal 0.0491058 0.998794 0
    outer loop
      vertex 35.2422 51.5053 16.4
      vertex 35.35 51.5 5.6
      vertex 35.2422 51.5053 5.6
    endloop
  endfacet
  facet normal 0.671519 0.740987 -0
    outer loop
      vertex 34.6522 51.7497 5.6
      vertex 34.5722 51.8222 16.4
      vertex 34.6522 51.7497 16.4
    endloop
  endfacet
  facet normal 0.671519 0.740987 0
    outer loop
      vertex 34.5722 51.8222 16.4
      vertex 34.6522 51.7497 5.6
      vertex 34.5722 51.8222 5.6
    endloop
  endfacet
  facet normal 0.857738 0.514087 0
    outer loop
      vertex 34.4354 51.9889 16.4
      vertex 34.3799 52.0815 5.6
      vertex 34.3799 52.0815 16.4
    endloop
  endfacet
  facet normal 0.857738 0.514087 0
    outer loop
      vertex 34.3799 52.0815 5.6
      vertex 34.4354 51.9889 16.4
      vertex 34.4354 51.9889 5.6
    endloop
  endfacet
  facet normal 0.9417 0.336454 0
    outer loop
      vertex 34.3337 52.1791 16.4
      vertex 34.2974 52.2807 5.6
      vertex 34.2974 52.2807 16.4
    endloop
  endfacet
  facet normal 0.9417 0.336454 0
    outer loop
      vertex 34.2974 52.2807 5.6
      vertex 34.3337 52.1791 16.4
      vertex 34.3337 52.1791 5.6
    endloop
  endfacet
  facet normal 0.989233 0.146347 0
    outer loop
      vertex 34.2711 52.3854 16.4
      vertex 34.2553 52.4922 5.6
      vertex 34.2553 52.4922 16.4
    endloop
  endfacet
  facet normal 0.989233 0.146347 0
    outer loop
      vertex 34.2553 52.4922 5.6
      vertex 34.2711 52.3854 16.4
      vertex 34.2711 52.3854 5.6
    endloop
  endfacet
  facet normal 0.998794 0.0491058 0
    outer loop
      vertex 34.2553 52.4922 16.4
      vertex 34.25 52.6 5.6
      vertex 34.25 52.6 16.4
    endloop
  endfacet
  facet normal 0.998794 0.0491058 0
    outer loop
      vertex 34.25 52.6 5.6
      vertex 34.2553 52.4922 16.4
      vertex 34.2553 52.4922 5.6
    endloop
  endfacet
  facet normal -0.243625 0.969869 0
    outer loop
      vertex 35.6693 51.5474 5.6
      vertex 35.5646 51.5211 16.4
      vertex 35.6693 51.5474 16.4
    endloop
  endfacet
  facet normal -0.243625 0.969869 0
    outer loop
      vertex 35.5646 51.5211 16.4
      vertex 35.6693 51.5474 5.6
      vertex 35.5646 51.5211 5.6
    endloop
  endfacet
  facet normal -0.146347 0.989233 0
    outer loop
      vertex 35.5646 51.5211 5.6
      vertex 35.4578 51.5053 16.4
      vertex 35.5646 51.5211 16.4
    endloop
  endfacet
  facet normal -0.146347 0.989233 0
    outer loop
      vertex 35.4578 51.5053 16.4
      vertex 35.5646 51.5211 5.6
      vertex 35.4578 51.5053 5.6
    endloop
  endfacet
  facet normal 0.243625 0.969869 -0
    outer loop
      vertex 35.1354 51.5211 5.6
      vertex 35.0307 51.5474 16.4
      vertex 35.1354 51.5211 16.4
    endloop
  endfacet
  facet normal 0.243625 0.969869 0
    outer loop
      vertex 35.0307 51.5474 16.4
      vertex 35.1354 51.5211 5.6
      vertex 35.0307 51.5474 5.6
    endloop
  endfacet
  facet normal 0.595693 0.803212 -0
    outer loop
      vertex 34.7389 51.6854 5.6
      vertex 34.6522 51.7497 16.4
      vertex 34.7389 51.6854 16.4
    endloop
  endfacet
  facet normal 0.595693 0.803212 0
    outer loop
      vertex 34.6522 51.7497 16.4
      vertex 34.7389 51.6854 5.6
      vertex 34.6522 51.7497 5.6
    endloop
  endfacet
  facet normal 0.803212 0.595693 0
    outer loop
      vertex 34.4997 51.9022 16.4
      vertex 34.4354 51.9889 5.6
      vertex 34.4354 51.9889 16.4
    endloop
  endfacet
  facet normal 0.803212 0.595693 0
    outer loop
      vertex 34.4354 51.9889 5.6
      vertex 34.4997 51.9022 16.4
      vertex 34.4997 51.9022 5.6
    endloop
  endfacet
  facet normal 0.969869 0.243625 0
    outer loop
      vertex 34.2974 52.2807 16.4
      vertex 34.2711 52.3854 5.6
      vertex 34.2711 52.3854 16.4
    endloop
  endfacet
  facet normal 0.969869 0.243625 0
    outer loop
      vertex 34.2711 52.3854 5.6
      vertex 34.2974 52.2807 16.4
      vertex 34.2974 52.2807 5.6
    endloop
  endfacet
  facet normal 0.427847 0.903851 -0
    outer loop
      vertex 34.9291 51.5837 5.6
      vertex 34.8315 51.6299 16.4
      vertex 34.9291 51.5837 16.4
    endloop
  endfacet
  facet normal 0.427847 0.903851 0
    outer loop
      vertex 34.8315 51.6299 16.4
      vertex 34.9291 51.5837 5.6
      vertex 34.8315 51.6299 5.6
    endloop
  endfacet
  facet normal 0.514087 0.857738 -0
    outer loop
      vertex 34.8315 51.6299 5.6
      vertex 34.7389 51.6854 16.4
      vertex 34.8315 51.6299 16.4
    endloop
  endfacet
  facet normal 0.514087 0.857738 0
    outer loop
      vertex 34.7389 51.6854 16.4
      vertex 34.8315 51.6299 5.6
      vertex 34.7389 51.6854 5.6
    endloop
  endfacet
  facet normal -0.6971 0.329868 0.636584
    outer loop
      vertex 37.1951 51.6148 17.6
      vertex 37.2825 51.7995 17.6
      vertex 36.3663 52.1791 16.4
    endloop
  endfacet
  facet normal -0.770288 -0.0377407 0.636579
    outer loop
      vertex 37.4417 52.6 17.6
      vertex 37.4317 52.8041 17.6
      vertex 36.45 52.6 16.4
    endloop
  endfacet
  facet normal -0.77232 0 0.635233
    outer loop
      vertex 36.4447 52.7078 16.4
      vertex 37.4317 52.8041 17.6
      vertex 37.4317 52.805 17.6
    endloop
  endfacet
  facet normal -0.770273 -0.0378706 0.636589
    outer loop
      vertex 37.4317 52.8041 17.6
      vertex 36.4447 52.7078 16.4
      vertex 36.45 52.6 16.4
    endloop
  endfacet
  facet normal 0.619394 -0.459453 0.636596
    outer loop
      vertex 34.4997 53.2978 16.4
      vertex 33.7331 53.927 17.6
      vertex 33.6113 53.7628 17.6
    endloop
  endfacet
  facet normal -0.726259 0.25948 0.636568
    outer loop
      vertex 36.3663 52.1791 16.4
      vertex 37.2828 51.8004 17.6
      vertex 36.4026 52.2807 16.4
    endloop
  endfacet
  facet normal -0.732021 0.244007 0.636086
    outer loop
      vertex 37.2828 51.8004 17.6
      vertex 36.3663 52.1791 16.4
      vertex 37.2825 51.7995 17.6
    endloop
  endfacet
  facet normal 0.187129 0.748138 0.63661
    outer loop
      vertex 34.9411 50.5487 17.6
      vertex 35.0307 51.5474 16.4
      vertex 34.7428 50.5983 17.6
    endloop
  endfacet
  facet normal 0.6971 0.329868 0.636584
    outer loop
      vertex 33.5049 51.6148 17.6
      vertex 34.3337 52.1791 16.4
      vertex 33.4175 51.7995 17.6
    endloop
  endfacet
  facet normal -0.459453 -0.619394 0.636596
    outer loop
      vertex 36.677 54.2169 17.6
      vertex 36.5128 54.3387 17.6
      vertex 36.0478 53.4503 16.4
    endloop
  endfacet
  facet normal -0.68724 -0.34362 0.640021
    outer loop
      vertex 36.2646 53.2111 16.4
      vertex 37.1947 53.586 17.6
      vertex 37.1943 53.5868 17.6
    endloop
  endfacet
  facet normal -0.661497 -0.39647 0.636579
    outer loop
      vertex 37.1947 53.586 17.6
      vertex 36.2646 53.2111 16.4
      vertex 36.3201 53.1185 16.4
    endloop
  endfacet
  facet normal -0.770288 0.0377407 0.636579
    outer loop
      vertex 37.4317 52.3959 17.6
      vertex 37.4417 52.6 17.6
      vertex 36.45 52.6 16.4
    endloop
  endfacet
  facet normal -0.748138 0.187129 0.63661
    outer loop
      vertex 37.3517 51.9928 17.6
      vertex 37.4013 52.1911 17.6
      vertex 36.4026 52.2807 16.4
    endloop
  endfacet
  facet normal -0.726035 0.259999 0.636611
    outer loop
      vertex 37.2828 51.8004 17.6
      vertex 37.3517 51.9928 17.6
      vertex 36.4026 52.2807 16.4
    endloop
  endfacet
  facet normal -0.697051 0.329956 0.636592
    outer loop
      vertex 36.3201 52.0815 16.4
      vertex 37.1951 51.6148 17.6
      vertex 36.3663 52.1791 16.4
    endloop
  endfacet
  facet normal -0.68956 0.34478 0.636894
    outer loop
      vertex 37.1951 51.6148 17.6
      vertex 36.3201 52.0815 16.4
      vertex 37.1947 51.614 17.6
    endloop
  endfacet
  facet normal -0.770273 0.0378706 0.636589
    outer loop
      vertex 36.4447 52.4922 16.4
      vertex 37.4317 52.3959 17.6
      vertex 36.45 52.6 16.4
    endloop
  endfacet
  facet normal -0.77232 0 0.635233
    outer loop
      vertex 37.4317 52.3959 17.6
      vertex 36.4447 52.4922 16.4
      vertex 37.4317 52.395 17.6
    endloop
  endfacet
  facet normal -0.76284 0.113181 0.636604
    outer loop
      vertex 37.4017 52.1928 17.6
      vertex 37.4317 52.395 17.6
      vertex 36.4447 52.4922 16.4
    endloop
  endfacet
  facet normal -0.329873 0.697112 0.636568
    outer loop
      vertex 36.1505 50.6675 17.6
      vertex 36.3352 50.7549 17.6
      vertex 35.771 51.5837 16.4
    endloop
  endfacet
  facet normal 0.459394 0.619432 0.636601
    outer loop
      vertex 34.1872 50.8613 17.6
      vertex 34.7389 51.6854 16.4
      vertex 34.6522 51.7497 16.4
    endloop
  endfacet
  facet normal 0.448119 0.627367 0.636867
    outer loop
      vertex 34.7389 51.6854 16.4
      vertex 34.1872 50.8613 17.6
      vertex 34.1879 50.8608 17.6
    endloop
  endfacet
  facet normal 0.0377407 0.770288 0.636579
    outer loop
      vertex 35.35 50.5083 17.6
      vertex 35.35 51.5 16.4
      vertex 35.1459 50.5183 17.6
    endloop
  endfacet
  facet normal 0.396555 0.661429 0.636597
    outer loop
      vertex 34.3632 50.7557 17.6
      vertex 34.7389 51.6854 16.4
      vertex 34.1879 50.8608 17.6
    endloop
  endfacet
  facet normal 0.187039 -0.748155 0.636617
    outer loop
      vertex 35.0307 53.6526 16.4
      vertex 34.9419 54.6515 17.6
      vertex 34.9411 54.6513 17.6
    endloop
  endfacet
  facet normal 0.187892 -0.747998 0.63655
    outer loop
      vertex 34.9419 54.6515 17.6
      vertex 35.0307 53.6526 16.4
      vertex 35.1354 53.6789 16.4
    endloop
  endfacet
  facet normal 0.34362 -0.68724 0.640021
    outer loop
      vertex 34.7389 53.5146 16.4
      vertex 34.364 54.4447 17.6
      vertex 34.3632 54.4443 17.6
    endloop
  endfacet
  facet normal 0.39647 -0.661497 0.636579
    outer loop
      vertex 34.364 54.4447 17.6
      vertex 34.7389 53.5146 16.4
      vertex 34.8315 53.5701 16.4
    endloop
  endfacet
  facet normal 0.697112 -0.329873 0.636568
    outer loop
      vertex 34.3337 53.021 16.4
      vertex 33.5049 53.5852 17.6
      vertex 33.4175 53.4005 17.6
    endloop
  endfacet
  facet normal 0.770288 -0.0377407 0.636579
    outer loop
      vertex 34.25 52.6 16.4
      vertex 33.2683 52.8041 17.6
      vertex 33.2583 52.6 17.6
    endloop
  endfacet
  facet normal -0.748155 -0.187039 0.636617
    outer loop
      vertex 36.4026 52.9193 16.4
      vertex 37.4015 53.0081 17.6
      vertex 37.4013 53.0089 17.6
    endloop
  endfacet
  facet normal -0.747998 -0.187892 0.63655
    outer loop
      vertex 37.4015 53.0081 17.6
      vertex 36.4026 52.9193 16.4
      vertex 36.4289 52.8146 16.4
    endloop
  endfacet
  facet normal -0.747998 0.187892 0.63655
    outer loop
      vertex 36.4026 52.2807 16.4
      vertex 37.4015 52.1919 17.6
      vertex 36.4289 52.3854 16.4
    endloop
  endfacet
  facet normal -0.748155 0.187039 0.636617
    outer loop
      vertex 37.4015 52.1919 17.6
      vertex 36.4026 52.2807 16.4
      vertex 37.4013 52.1911 17.6
    endloop
  endfacet
  facet normal -0.627367 0.448119 0.636867
    outer loop
      vertex 36.2646 51.9889 16.4
      vertex 37.0887 51.4372 17.6
      vertex 37.0892 51.4379 17.6
    endloop
  endfacet
  facet normal -0.619432 0.459394 0.636601
    outer loop
      vertex 37.0887 51.4372 17.6
      vertex 36.2646 51.9889 16.4
      vertex 36.2003 51.9022 16.4
    endloop
  endfacet
  facet normal -0.187129 0.748138 0.63661
    outer loop
      vertex 35.7589 50.5487 17.6
      vertex 35.9572 50.5983 17.6
      vertex 35.6693 51.5474 16.4
    endloop
  endfacet
  facet normal 0 0.77232 0.635233
    outer loop
      vertex 35.4578 51.5053 16.4
      vertex 35.5541 50.5183 17.6
      vertex 35.555 50.5183 17.6
    endloop
  endfacet
  facet normal -0.0378706 0.770273 0.636589
    outer loop
      vertex 35.5541 50.5183 17.6
      vertex 35.4578 51.5053 16.4
      vertex 35.35 51.5 16.4
    endloop
  endfacet
  facet normal -0.459394 0.619432 0.636601
    outer loop
      vertex 35.9611 51.6854 16.4
      vertex 36.5128 50.8613 17.6
      vertex 36.0478 51.7497 16.4
    endloop
  endfacet
  facet normal -0.448119 0.627367 0.636867
    outer loop
      vertex 36.5128 50.8613 17.6
      vertex 35.9611 51.6854 16.4
      vertex 36.5121 50.8608 17.6
    endloop
  endfacet
  facet normal -0.396555 0.661429 0.636597
    outer loop
      vertex 36.3368 50.7557 17.6
      vertex 36.5121 50.8608 17.6
      vertex 35.9611 51.6854 16.4
    endloop
  endfacet
  facet normal -0.571458 0.51786 0.636598
    outer loop
      vertex 36.8297 51.1216 17.6
      vertex 36.9669 51.273 17.6
      vertex 36.2003 51.9022 16.4
    endloop
  endfacet
  facet normal 0.748138 0.187129 0.63661
    outer loop
      vertex 33.3483 51.9928 17.6
      vertex 34.2974 52.2807 16.4
      vertex 33.2987 52.1911 17.6
    endloop
  endfacet
  facet normal 0.770273 0.0378706 0.636589
    outer loop
      vertex 33.2683 52.3959 17.6
      vertex 34.2553 52.4922 16.4
      vertex 34.25 52.6 16.4
    endloop
  endfacet
  facet normal 0.77232 0 0.635233
    outer loop
      vertex 34.2553 52.4922 16.4
      vertex 33.2683 52.3959 17.6
      vertex 33.2683 52.395 17.6
    endloop
  endfacet
  facet normal 0.661429 0.396555 0.636597
    outer loop
      vertex 33.6108 51.4379 17.6
      vertex 34.4354 51.9889 16.4
      vertex 33.5057 51.6132 17.6
    endloop
  endfacet
  facet normal 0.619394 0.459453 0.636596
    outer loop
      vertex 33.7331 51.273 17.6
      vertex 34.4997 51.9022 16.4
      vertex 33.6113 51.4372 17.6
    endloop
  endfacet
  facet normal 0.459453 0.619394 0.636596
    outer loop
      vertex 34.1872 50.8613 17.6
      vertex 34.6522 51.7497 16.4
      vertex 34.023 50.9831 17.6
    endloop
  endfacet
  facet normal 0.0378706 0.770273 0.636589
    outer loop
      vertex 35.2422 51.5053 16.4
      vertex 35.1459 50.5183 17.6
      vertex 35.35 51.5 16.4
    endloop
  endfacet
  facet normal 0 0.77232 0.635233
    outer loop
      vertex 35.1459 50.5183 17.6
      vertex 35.2422 51.5053 16.4
      vertex 35.145 50.5183 17.6
    endloop
  endfacet
  facet normal 0.113181 0.76284 0.636604
    outer loop
      vertex 35.145 50.5183 17.6
      vertex 35.2422 51.5053 16.4
      vertex 34.9428 50.5483 17.6
    endloop
  endfacet
  facet normal -0.0377407 0.770288 0.636579
    outer loop
      vertex 35.5541 50.5183 17.6
      vertex 35.35 51.5 16.4
      vertex 35.35 50.5083 17.6
    endloop
  endfacet
  facet normal 0.25948 0.726259 0.636568
    outer loop
      vertex 34.9291 51.5837 16.4
      vertex 34.5504 50.6672 17.6
      vertex 35.0307 51.5474 16.4
    endloop
  endfacet
  facet normal 0.244007 0.732021 0.636086
    outer loop
      vertex 34.5504 50.6672 17.6
      vertex 34.9291 51.5837 16.4
      vertex 34.5495 50.6675 17.6
    endloop
  endfacet
  facet normal 0.39647 0.661497 0.636579
    outer loop
      vertex 34.7389 51.6854 16.4
      vertex 34.364 50.7553 17.6
      vertex 34.8315 51.6299 16.4
    endloop
  endfacet
  facet normal 0.34362 0.68724 0.640021
    outer loop
      vertex 34.364 50.7553 17.6
      vertex 34.7389 51.6854 16.4
      vertex 34.3632 50.7557 17.6
    endloop
  endfacet
  facet normal 0.329868 0.6971 0.636584
    outer loop
      vertex 34.5495 50.6675 17.6
      vertex 34.9291 51.5837 16.4
      vertex 34.3648 50.7549 17.6
    endloop
  endfacet
  facet normal 0.259999 0.726035 0.636611
    outer loop
      vertex 34.7428 50.5983 17.6
      vertex 35.0307 51.5474 16.4
      vertex 34.5504 50.6672 17.6
    endloop
  endfacet
  facet normal 0.51786 0.571458 0.636598
    outer loop
      vertex 34.023 50.9831 17.6
      vertex 34.6522 51.7497 16.4
      vertex 33.8716 51.1203 17.6
    endloop
  endfacet
  facet normal 0.113181 -0.76284 0.636604
    outer loop
      vertex 35.2422 53.6947 16.4
      vertex 35.145 54.6817 17.6
      vertex 34.9428 54.6517 17.6
    endloop
  endfacet
  facet normal 0.187129 -0.748138 0.63661
    outer loop
      vertex 35.0307 53.6526 16.4
      vertex 34.9411 54.6513 17.6
      vertex 34.7428 54.6017 17.6
    endloop
  endfacet
  facet normal 0.585942 -0.502236 0.635949
    outer loop
      vertex 33.8703 54.0784 17.6
      vertex 34.5722 53.3778 16.4
      vertex 33.8709 54.0791 17.6
    endloop
  endfacet
  facet normal 0.571445 -0.517872 0.636599
    outer loop
      vertex 34.5722 53.3778 16.4
      vertex 33.8703 54.0784 17.6
      vertex 34.4997 53.2978 16.4
    endloop
  endfacet
  facet normal 0.571458 -0.51786 0.636598
    outer loop
      vertex 34.4997 53.2978 16.4
      vertex 33.8703 54.0784 17.6
      vertex 33.7331 53.927 17.6
    endloop
  endfacet
  facet normal 0.244007 -0.732021 0.636086
    outer loop
      vertex 34.9291 53.6163 16.4
      vertex 34.5504 54.5328 17.6
      vertex 34.5495 54.5325 17.6
    endloop
  endfacet
  facet normal 0.25948 -0.726259 0.636568
    outer loop
      vertex 34.5504 54.5328 17.6
      vertex 34.9291 53.6163 16.4
      vertex 35.0307 53.6526 16.4
    endloop
  endfacet
  facet normal 0.51786 -0.571458 0.636598
    outer loop
      vertex 34.6522 53.4503 16.4
      vertex 34.023 54.2169 17.6
      vertex 33.8716 54.0797 17.6
    endloop
  endfacet
  facet normal 0.68724 -0.34362 0.640021
    outer loop
      vertex 33.5053 53.586 17.6
      vertex 34.4354 53.2111 16.4
      vertex 33.5057 53.5868 17.6
    endloop
  endfacet
  facet normal 0.661497 -0.39647 0.636579
    outer loop
      vertex 34.4354 53.2111 16.4
      vertex 33.5053 53.586 17.6
      vertex 34.3799 53.1185 16.4
    endloop
  endfacet
  facet normal 0.77232 -0 0.635233
    outer loop
      vertex 33.2683 52.8041 17.6
      vertex 34.2553 52.7078 16.4
      vertex 33.2683 52.805 17.6
    endloop
  endfacet
  facet normal 0.770273 -0.0378706 0.636589
    outer loop
      vertex 34.2553 52.7078 16.4
      vertex 33.2683 52.8041 17.6
      vertex 34.25 52.6 16.4
    endloop
  endfacet
  facet normal 0.76284 -0.113181 0.636604
    outer loop
      vertex 34.2553 52.7078 16.4
      vertex 33.2983 53.0072 17.6
      vertex 33.2683 52.805 17.6
    endloop
  endfacet
  facet normal 0.752569 -0.167237 0.636924
    outer loop
      vertex 33.2983 53.0072 17.6
      vertex 34.2711 52.8146 16.4
      vertex 33.2985 53.0081 17.6
    endloop
  endfacet
  facet normal 0.762908 -0.112865 0.636579
    outer loop
      vertex 34.2711 52.8146 16.4
      vertex 33.2983 53.0072 17.6
      vertex 34.2553 52.7078 16.4
    endloop
  endfacet
  facet normal 0.770288 0.0377407 0.636579
    outer loop
      vertex 33.2683 52.3959 17.6
      vertex 34.25 52.6 16.4
      vertex 33.2583 52.6 17.6
    endloop
  endfacet
  facet normal -0.113181 -0.76284 0.636604
    outer loop
      vertex 35.7572 54.6517 17.6
      vertex 35.555 54.6817 17.6
      vertex 35.4578 53.6947 16.4
    endloop
  endfacet
  facet normal -0.76284 -0.113181 0.636604
    outer loop
      vertex 37.4317 52.805 17.6
      vertex 37.4017 53.0072 17.6
      vertex 36.4447 52.7078 16.4
    endloop
  endfacet
  facet normal -0.748138 -0.187129 0.63661
    outer loop
      vertex 37.4013 53.0089 17.6
      vertex 37.3517 53.2072 17.6
      vertex 36.4026 52.9193 16.4
    endloop
  endfacet
  facet normal -0.732031 -0.24401 0.636074
    outer loop
      vertex 36.3663 53.021 16.4
      vertex 37.2828 53.3996 17.6
      vertex 37.2825 53.4005 17.6
    endloop
  endfacet
  facet normal -0.726354 -0.259259 0.636549
    outer loop
      vertex 37.2828 53.3996 17.6
      vertex 36.3663 53.021 16.4
      vertex 36.4026 52.9193 16.4
    endloop
  endfacet
  facet normal -0.571458 -0.51786 0.636598
    outer loop
      vertex 36.9669 53.927 17.6
      vertex 36.8297 54.0784 17.6
      vertex 36.2003 53.2978 16.4
    endloop
  endfacet
  facet normal -0.762908 0.112865 0.636579
    outer loop
      vertex 36.4289 52.3854 16.4
      vertex 37.4017 52.1928 17.6
      vertex 36.4447 52.4922 16.4
    endloop
  endfacet
  facet normal -0.752569 0.167237 0.636924
    outer loop
      vertex 37.4017 52.1928 17.6
      vertex 36.4289 52.3854 16.4
      vertex 37.4015 52.1919 17.6
    endloop
  endfacet
  facet normal -0.661497 0.39647 0.636579
    outer loop
      vertex 36.2646 51.9889 16.4
      vertex 37.1947 51.614 17.6
      vertex 36.3201 52.0815 16.4
    endloop
  endfacet
  facet normal -0.68724 0.34362 0.640021
    outer loop
      vertex 37.1947 51.614 17.6
      vertex 36.2646 51.9889 16.4
      vertex 37.1943 51.6132 17.6
    endloop
  endfacet
  facet normal -0.619394 0.459453 0.636596
    outer loop
      vertex 36.9669 51.273 17.6
      vertex 37.0887 51.4372 17.6
      vertex 36.2003 51.9022 16.4
    endloop
  endfacet
  facet normal -0.661429 0.396555 0.636597
    outer loop
      vertex 37.0892 51.4379 17.6
      vertex 37.1943 51.6132 17.6
      vertex 36.2646 51.9889 16.4
    endloop
  endfacet
  facet normal -0.571445 0.517872 0.636599
    outer loop
      vertex 36.1278 51.8222 16.4
      vertex 36.8297 51.1216 17.6
      vertex 36.2003 51.9022 16.4
    endloop
  endfacet
  facet normal -0.585942 0.502236 0.635949
    outer loop
      vertex 36.8297 51.1216 17.6
      vertex 36.1278 51.8222 16.4
      vertex 36.8291 51.1209 17.6
    endloop
  endfacet
  facet normal -0.113181 0.76284 0.636604
    outer loop
      vertex 35.555 50.5183 17.6
      vertex 35.7572 50.5483 17.6
      vertex 35.4578 51.5053 16.4
    endloop
  endfacet
  facet normal -0.187039 0.748155 0.636617
    outer loop
      vertex 35.6693 51.5474 16.4
      vertex 35.7581 50.5485 17.6
      vertex 35.7589 50.5487 17.6
    endloop
  endfacet
  facet normal -0.187892 0.747998 0.63655
    outer loop
      vertex 35.7581 50.5485 17.6
      vertex 35.6693 51.5474 16.4
      vertex 35.5646 51.5211 16.4
    endloop
  endfacet
  facet normal -0.259999 0.726035 0.636611
    outer loop
      vertex 35.9572 50.5983 17.6
      vertex 36.1496 50.6672 17.6
      vertex 35.6693 51.5474 16.4
    endloop
  endfacet
  facet normal -0.24401 0.732031 0.636074
    outer loop
      vertex 35.771 51.5837 16.4
      vertex 36.1496 50.6672 17.6
      vertex 36.1505 50.6675 17.6
    endloop
  endfacet
  facet normal -0.259259 0.726354 0.636549
    outer loop
      vertex 36.1496 50.6672 17.6
      vertex 35.771 51.5837 16.4
      vertex 35.6693 51.5474 16.4
    endloop
  endfacet
  facet normal -0.34362 0.68724 0.640021
    outer loop
      vertex 35.9611 51.6854 16.4
      vertex 36.336 50.7553 17.6
      vertex 36.3368 50.7557 17.6
    endloop
  endfacet
  facet normal -0.39647 0.661497 0.636579
    outer loop
      vertex 36.336 50.7553 17.6
      vertex 35.9611 51.6854 16.4
      vertex 35.8685 51.6299 16.4
    endloop
  endfacet
  facet normal -0.502236 0.585942 0.635949
    outer loop
      vertex 36.1278 51.8222 16.4
      vertex 36.8284 51.1203 17.6
      vertex 36.8291 51.1209 17.6
    endloop
  endfacet
  facet normal -0.517872 0.571445 0.636599
    outer loop
      vertex 36.8284 51.1203 17.6
      vertex 36.1278 51.8222 16.4
      vertex 36.0478 51.7497 16.4
    endloop
  endfacet
  facet normal -0.51786 0.571458 0.636598
    outer loop
      vertex 36.677 50.9831 17.6
      vertex 36.8284 51.1203 17.6
      vertex 36.0478 51.7497 16.4
    endloop
  endfacet
  facet normal -0.459453 0.619394 0.636596
    outer loop
      vertex 36.5128 50.8613 17.6
      vertex 36.677 50.9831 17.6
      vertex 36.0478 51.7497 16.4
    endloop
  endfacet
  facet normal 0.76284 0.113181 0.636604
    outer loop
      vertex 33.2983 52.1928 17.6
      vertex 34.2553 52.4922 16.4
      vertex 33.2683 52.395 17.6
    endloop
  endfacet
  facet normal 0.747998 0.187892 0.63655
    outer loop
      vertex 33.2985 52.1919 17.6
      vertex 34.2974 52.2807 16.4
      vertex 34.2711 52.3854 16.4
    endloop
  endfacet
  facet normal 0.748155 0.187039 0.636617
    outer loop
      vertex 34.2974 52.2807 16.4
      vertex 33.2985 52.1919 17.6
      vertex 33.2987 52.1911 17.6
    endloop
  endfacet
  facet normal 0.726035 0.259999 0.636611
    outer loop
      vertex 33.4172 51.8004 17.6
      vertex 34.2974 52.2807 16.4
      vertex 33.3483 51.9928 17.6
    endloop
  endfacet
  facet normal 0.726259 0.25948 0.636568
    outer loop
      vertex 33.4172 51.8004 17.6
      vertex 34.3337 52.1791 16.4
      vertex 34.2974 52.2807 16.4
    endloop
  endfacet
  facet normal 0.732021 0.244007 0.636086
    outer loop
      vertex 34.3337 52.1791 16.4
      vertex 33.4172 51.8004 17.6
      vertex 33.4175 51.7995 17.6
    endloop
  endfacet
  facet normal 0.661497 0.39647 0.636579
    outer loop
      vertex 33.5053 51.614 17.6
      vertex 34.4354 51.9889 16.4
      vertex 34.3799 52.0815 16.4
    endloop
  endfacet
  facet normal 0.68724 0.34362 0.640021
    outer loop
      vertex 34.4354 51.9889 16.4
      vertex 33.5053 51.614 17.6
      vertex 33.5057 51.6132 17.6
    endloop
  endfacet
  facet normal 0.619432 0.459394 0.636601
    outer loop
      vertex 34.4354 51.9889 16.4
      vertex 33.6113 51.4372 17.6
      vertex 34.4997 51.9022 16.4
    endloop
  endfacet
  facet normal 0.627367 0.448119 0.636867
    outer loop
      vertex 33.6113 51.4372 17.6
      vertex 34.4354 51.9889 16.4
      vertex 33.6108 51.4379 17.6
    endloop
  endfacet
  facet normal 0.112865 0.762908 0.636579
    outer loop
      vertex 35.1354 51.5211 16.4
      vertex 34.9428 50.5483 17.6
      vertex 35.2422 51.5053 16.4
    endloop
  endfacet
  facet normal 0.167237 0.752569 0.636924
    outer loop
      vertex 34.9428 50.5483 17.6
      vertex 35.1354 51.5211 16.4
      vertex 34.9419 50.5485 17.6
    endloop
  endfacet
  facet normal 0.187892 0.747998 0.63655
    outer loop
      vertex 35.0307 51.5474 16.4
      vertex 34.9419 50.5485 17.6
      vertex 35.1354 51.5211 16.4
    endloop
  endfacet
  facet normal 0.187039 0.748155 0.636617
    outer loop
      vertex 34.9419 50.5485 17.6
      vertex 35.0307 51.5474 16.4
      vertex 34.9411 50.5487 17.6
    endloop
  endfacet
  facet normal 0.329956 0.697051 0.636592
    outer loop
      vertex 34.8315 51.6299 16.4
      vertex 34.3648 50.7549 17.6
      vertex 34.9291 51.5837 16.4
    endloop
  endfacet
  facet normal 0.34478 0.68956 0.636894
    outer loop
      vertex 34.3648 50.7549 17.6
      vertex 34.8315 51.6299 16.4
      vertex 34.364 50.7553 17.6
    endloop
  endfacet
  facet normal 0.329868 -0.6971 0.636584
    outer loop
      vertex 34.9291 53.6163 16.4
      vertex 34.5495 54.5325 17.6
      vertex 34.3648 54.4451 17.6
    endloop
  endfacet
  facet normal 0.259999 -0.726035 0.636611
    outer loop
      vertex 35.0307 53.6526 16.4
      vertex 34.7428 54.6017 17.6
      vertex 34.5504 54.5328 17.6
    endloop
  endfacet
  facet normal 0.459453 -0.619394 0.636596
    outer loop
      vertex 34.6522 53.4503 16.4
      vertex 34.1872 54.3387 17.6
      vertex 34.023 54.2169 17.6
    endloop
  endfacet
  facet normal 0.517872 -0.571445 0.636599
    outer loop
      vertex 33.8716 54.0797 17.6
      vertex 34.5722 53.3778 16.4
      vertex 34.6522 53.4503 16.4
    endloop
  endfacet
  facet normal 0.502236 -0.585942 0.635949
    outer loop
      vertex 34.5722 53.3778 16.4
      vertex 33.8716 54.0797 17.6
      vertex 33.8709 54.0791 17.6
    endloop
  endfacet
  facet normal 0.661429 -0.396555 0.636597
    outer loop
      vertex 34.4354 53.2111 16.4
      vertex 33.6108 53.7621 17.6
      vertex 33.5057 53.5868 17.6
    endloop
  endfacet
  facet normal 0.619432 -0.459394 0.636601
    outer loop
      vertex 33.6113 53.7628 17.6
      vertex 34.4354 53.2111 16.4
      vertex 34.4997 53.2978 16.4
    endloop
  endfacet
  facet normal 0.627367 -0.448119 0.636867
    outer loop
      vertex 34.4354 53.2111 16.4
      vertex 33.6113 53.7628 17.6
      vertex 33.6108 53.7621 17.6
    endloop
  endfacet
  facet normal 0.748155 -0.187039 0.636617
    outer loop
      vertex 33.2985 53.0081 17.6
      vertex 34.2974 52.9193 16.4
      vertex 33.2987 53.0089 17.6
    endloop
  endfacet
  facet normal 0.747998 -0.187892 0.63655
    outer loop
      vertex 34.2974 52.9193 16.4
      vertex 33.2985 53.0081 17.6
      vertex 34.2711 52.8146 16.4
    endloop
  endfacet
  facet normal 0.748138 -0.187129 0.63661
    outer loop
      vertex 34.2974 52.9193 16.4
      vertex 33.3483 53.2072 17.6
      vertex 33.2987 53.0089 17.6
    endloop
  endfacet
  facet normal 0.732031 -0.24401 0.636074
    outer loop
      vertex 33.4172 53.3996 17.6
      vertex 34.3337 53.021 16.4
      vertex 33.4175 53.4005 17.6
    endloop
  endfacet
  facet normal 0.726354 -0.259259 0.636549
    outer loop
      vertex 34.3337 53.021 16.4
      vertex 33.4172 53.3996 17.6
      vertex 34.2974 52.9193 16.4
    endloop
  endfacet
  facet normal 0.726035 -0.259999 0.636611
    outer loop
      vertex 34.2974 52.9193 16.4
      vertex 33.4172 53.3996 17.6
      vertex 33.3483 53.2072 17.6
    endloop
  endfacet
  facet normal -0.0378706 -0.770273 0.636589
    outer loop
      vertex 35.4578 53.6947 16.4
      vertex 35.5541 54.6817 17.6
      vertex 35.35 53.7 16.4
    endloop
  endfacet
  facet normal 0 -0.77232 0.635233
    outer loop
      vertex 35.5541 54.6817 17.6
      vertex 35.4578 53.6947 16.4
      vertex 35.555 54.6817 17.6
    endloop
  endfacet
  facet normal -0.259259 -0.726354 0.636549
    outer loop
      vertex 35.771 53.6163 16.4
      vertex 36.1496 54.5328 17.6
      vertex 35.6693 53.6526 16.4
    endloop
  endfacet
  facet normal -0.24401 -0.732031 0.636074
    outer loop
      vertex 36.1496 54.5328 17.6
      vertex 35.771 53.6163 16.4
      vertex 36.1505 54.5325 17.6
    endloop
  endfacet
  facet normal -0.33023 -0.696915 0.636599
    outer loop
      vertex 35.8685 53.5701 16.4
      vertex 36.3352 54.4451 17.6
      vertex 35.771 53.6163 16.4
    endloop
  endfacet
  facet normal -0.34478 -0.68956 0.636894
    outer loop
      vertex 36.3352 54.4451 17.6
      vertex 35.8685 53.5701 16.4
      vertex 36.336 54.4447 17.6
    endloop
  endfacet
  facet normal -0.697112 -0.329873 0.636568
    outer loop
      vertex 37.2825 53.4005 17.6
      vertex 37.1951 53.5852 17.6
      vertex 36.3663 53.021 16.4
    endloop
  endfacet
  facet normal -0.726035 -0.259999 0.636611
    outer loop
      vertex 37.3517 53.2072 17.6
      vertex 37.2828 53.3996 17.6
      vertex 36.4026 52.9193 16.4
    endloop
  endfacet
  facet normal -0.585942 -0.502236 0.635949
    outer loop
      vertex 36.1278 53.3778 16.4
      vertex 36.8297 54.0784 17.6
      vertex 36.8291 54.0791 17.6
    endloop
  endfacet
  facet normal -0.571445 -0.517872 0.636599
    outer loop
      vertex 36.8297 54.0784 17.6
      vertex 36.1278 53.3778 16.4
      vertex 36.2003 53.2978 16.4
    endloop
  endfacet
  facet normal -0.661429 -0.396555 0.636597
    outer loop
      vertex 37.1943 53.5868 17.6
      vertex 37.0892 53.7621 17.6
      vertex 36.2646 53.2111 16.4
    endloop
  endfacet
  facet normal -0.502236 -0.585942 0.635949
    outer loop
      vertex 36.8284 54.0797 17.6
      vertex 36.1278 53.3778 16.4
      vertex 36.8291 54.0791 17.6
    endloop
  endfacet
  facet normal -0.517872 -0.571445 0.636599
    outer loop
      vertex 36.1278 53.3778 16.4
      vertex 36.8284 54.0797 17.6
      vertex 36.0478 53.4503 16.4
    endloop
  endfacet
  facet normal -0.51786 -0.571458 0.636598
    outer loop
      vertex 36.8284 54.0797 17.6
      vertex 36.677 54.2169 17.6
      vertex 36.0478 53.4503 16.4
    endloop
  endfacet
  facet normal -0.167237 0.752569 0.636924
    outer loop
      vertex 35.5646 51.5211 16.4
      vertex 35.7572 50.5483 17.6
      vertex 35.7581 50.5485 17.6
    endloop
  endfacet
  facet normal -0.112865 0.762908 0.636579
    outer loop
      vertex 35.7572 50.5483 17.6
      vertex 35.5646 51.5211 16.4
      vertex 35.4578 51.5053 16.4
    endloop
  endfacet
  facet normal -0.34478 0.68956 0.636894
    outer loop
      vertex 35.8685 51.6299 16.4
      vertex 36.3352 50.7549 17.6
      vertex 36.336 50.7553 17.6
    endloop
  endfacet
  facet normal -0.33023 0.696915 0.636599
    outer loop
      vertex 36.3352 50.7549 17.6
      vertex 35.8685 51.6299 16.4
      vertex 35.771 51.5837 16.4
    endloop
  endfacet
  facet normal 0.762908 0.112865 0.636579
    outer loop
      vertex 33.2983 52.1928 17.6
      vertex 34.2711 52.3854 16.4
      vertex 34.2553 52.4922 16.4
    endloop
  endfacet
  facet normal 0.752569 0.167237 0.636924
    outer loop
      vertex 34.2711 52.3854 16.4
      vertex 33.2983 52.1928 17.6
      vertex 33.2985 52.1919 17.6
    endloop
  endfacet
  facet normal 0.697051 0.329956 0.636592
    outer loop
      vertex 33.5049 51.6148 17.6
      vertex 34.3799 52.0815 16.4
      vertex 34.3337 52.1791 16.4
    endloop
  endfacet
  facet normal 0.68956 0.34478 0.636894
    outer loop
      vertex 34.3799 52.0815 16.4
      vertex 33.5049 51.6148 17.6
      vertex 33.5053 51.614 17.6
    endloop
  endfacet
  facet normal 0.517872 0.571445 0.636599
    outer loop
      vertex 34.5722 51.8222 16.4
      vertex 33.8716 51.1203 17.6
      vertex 34.6522 51.7497 16.4
    endloop
  endfacet
  facet normal 0.502236 0.585942 0.635949
    outer loop
      vertex 33.8716 51.1203 17.6
      vertex 34.5722 51.8222 16.4
      vertex 33.8709 51.1209 17.6
    endloop
  endfacet
  facet normal 0.571458 0.51786 0.636598
    outer loop
      vertex 33.8703 51.1216 17.6
      vertex 34.4997 51.9022 16.4
      vertex 33.7331 51.273 17.6
    endloop
  endfacet
  facet normal 0.167237 -0.752569 0.636924
    outer loop
      vertex 35.1354 53.6789 16.4
      vertex 34.9428 54.6517 17.6
      vertex 34.9419 54.6515 17.6
    endloop
  endfacet
  facet normal 0.112865 -0.762908 0.636579
    outer loop
      vertex 34.9428 54.6517 17.6
      vertex 35.1354 53.6789 16.4
      vertex 35.2422 53.6947 16.4
    endloop
  endfacet
  facet normal 0.34478 -0.68956 0.636894
    outer loop
      vertex 34.8315 53.5701 16.4
      vertex 34.3648 54.4451 17.6
      vertex 34.364 54.4447 17.6
    endloop
  endfacet
  facet normal 0.329956 -0.697051 0.636592
    outer loop
      vertex 34.3648 54.4451 17.6
      vertex 34.8315 53.5701 16.4
      vertex 34.9291 53.6163 16.4
    endloop
  endfacet
  facet normal 0.448119 -0.627367 0.636867
    outer loop
      vertex 34.1872 54.3387 17.6
      vertex 34.7389 53.5146 16.4
      vertex 34.1879 54.3392 17.6
    endloop
  endfacet
  facet normal 0.459394 -0.619432 0.636601
    outer loop
      vertex 34.7389 53.5146 16.4
      vertex 34.1872 54.3387 17.6
      vertex 34.6522 53.4503 16.4
    endloop
  endfacet
  facet normal 0.396555 -0.661429 0.636597
    outer loop
      vertex 34.7389 53.5146 16.4
      vertex 34.3632 54.4443 17.6
      vertex 34.1879 54.3392 17.6
    endloop
  endfacet
  facet normal 0.68956 -0.34478 0.636894
    outer loop
      vertex 33.5049 53.5852 17.6
      vertex 34.3799 53.1185 16.4
      vertex 33.5053 53.586 17.6
    endloop
  endfacet
  facet normal 0.696915 -0.33023 0.636599
    outer loop
      vertex 34.3799 53.1185 16.4
      vertex 33.5049 53.5852 17.6
      vertex 34.3337 53.021 16.4
    endloop
  endfacet
  facet normal -0.396555 -0.661429 0.636597
    outer loop
      vertex 36.5121 54.3392 17.6
      vertex 36.3368 54.4443 17.6
      vertex 35.9611 53.5146 16.4
    endloop
  endfacet
  facet normal -0.448119 -0.627367 0.636867
    outer loop
      vertex 35.9611 53.5146 16.4
      vertex 36.5128 54.3387 17.6
      vertex 36.5121 54.3392 17.6
    endloop
  endfacet
  facet normal -0.459394 -0.619432 0.636601
    outer loop
      vertex 36.5128 54.3387 17.6
      vertex 35.9611 53.5146 16.4
      vertex 36.0478 53.4503 16.4
    endloop
  endfacet
  facet normal -0.187892 -0.747998 0.63655
    outer loop
      vertex 35.6693 53.6526 16.4
      vertex 35.7581 54.6515 17.6
      vertex 35.5646 53.6789 16.4
    endloop
  endfacet
  facet normal -0.187039 -0.748155 0.636617
    outer loop
      vertex 35.7581 54.6515 17.6
      vertex 35.6693 53.6526 16.4
      vertex 35.7589 54.6513 17.6
    endloop
  endfacet
  facet normal -0.112865 -0.762908 0.636579
    outer loop
      vertex 35.5646 53.6789 16.4
      vertex 35.7572 54.6517 17.6
      vertex 35.4578 53.6947 16.4
    endloop
  endfacet
  facet normal -0.167237 -0.752569 0.636924
    outer loop
      vertex 35.7572 54.6517 17.6
      vertex 35.5646 53.6789 16.4
      vertex 35.7581 54.6515 17.6
    endloop
  endfacet
  facet normal 0 -0.77232 0.635233
    outer loop
      vertex 35.2422 53.6947 16.4
      vertex 35.1459 54.6817 17.6
      vertex 35.145 54.6817 17.6
    endloop
  endfacet
  facet normal 0.0378706 -0.770273 0.636589
    outer loop
      vertex 35.1459 54.6817 17.6
      vertex 35.2422 53.6947 16.4
      vertex 35.35 53.7 16.4
    endloop
  endfacet
  facet normal -0.187129 -0.748138 0.63661
    outer loop
      vertex 35.9572 54.6017 17.6
      vertex 35.7589 54.6513 17.6
      vertex 35.6693 53.6526 16.4
    endloop
  endfacet
  facet normal -0.259999 -0.726035 0.636611
    outer loop
      vertex 36.1496 54.5328 17.6
      vertex 35.9572 54.6017 17.6
      vertex 35.6693 53.6526 16.4
    endloop
  endfacet
  facet normal -0.329873 -0.697112 0.636568
    outer loop
      vertex 36.3352 54.4451 17.6
      vertex 36.1505 54.5325 17.6
      vertex 35.771 53.6163 16.4
    endloop
  endfacet
  facet normal -0.752569 -0.167237 0.636924
    outer loop
      vertex 36.4289 52.8146 16.4
      vertex 37.4017 53.0072 17.6
      vertex 37.4015 53.0081 17.6
    endloop
  endfacet
  facet normal -0.762908 -0.112865 0.636579
    outer loop
      vertex 37.4017 53.0072 17.6
      vertex 36.4289 52.8146 16.4
      vertex 36.4447 52.7078 16.4
    endloop
  endfacet
  facet normal -0.68956 -0.34478 0.636894
    outer loop
      vertex 36.3201 53.1185 16.4
      vertex 37.1951 53.5852 17.6
      vertex 37.1947 53.586 17.6
    endloop
  endfacet
  facet normal -0.696915 -0.33023 0.636599
    outer loop
      vertex 37.1951 53.5852 17.6
      vertex 36.3201 53.1185 16.4
      vertex 36.3663 53.021 16.4
    endloop
  endfacet
  facet normal -0.619394 -0.459453 0.636596
    outer loop
      vertex 37.0887 53.7628 17.6
      vertex 36.9669 53.927 17.6
      vertex 36.2003 53.2978 16.4
    endloop
  endfacet
  facet normal -0.627367 -0.448119 0.636867
    outer loop
      vertex 37.0887 53.7628 17.6
      vertex 36.2646 53.2111 16.4
      vertex 37.0892 53.7621 17.6
    endloop
  endfacet
  facet normal -0.619432 -0.459394 0.636601
    outer loop
      vertex 36.2646 53.2111 16.4
      vertex 37.0887 53.7628 17.6
      vertex 36.2003 53.2978 16.4
    endloop
  endfacet
  facet normal 0.571445 0.517872 0.636599
    outer loop
      vertex 33.8703 51.1216 17.6
      vertex 34.5722 51.8222 16.4
      vertex 34.4997 51.9022 16.4
    endloop
  endfacet
  facet normal 0.585942 0.502236 0.635949
    outer loop
      vertex 34.5722 51.8222 16.4
      vertex 33.8703 51.1216 17.6
      vertex 33.8709 51.1209 17.6
    endloop
  endfacet
  facet normal -0.39647 -0.661497 0.636579
    outer loop
      vertex 35.9611 53.5146 16.4
      vertex 36.336 54.4447 17.6
      vertex 35.8685 53.5701 16.4
    endloop
  endfacet
  facet normal -0.34362 -0.68724 0.640021
    outer loop
      vertex 36.336 54.4447 17.6
      vertex 35.9611 53.5146 16.4
      vertex 36.3368 54.4443 17.6
    endloop
  endfacet
  facet normal 0.0377407 -0.770288 0.636579
    outer loop
      vertex 35.35 53.7 16.4
      vertex 35.35 54.6917 17.6
      vertex 35.1459 54.6817 17.6
    endloop
  endfacet
  facet normal -0.0377407 -0.770288 0.636579
    outer loop
      vertex 35.5541 54.6817 17.6
      vertex 35.35 54.6917 17.6
      vertex 35.35 53.7 16.4
    endloop
  endfacet
  facet normal -0.998798 -0.0490151 0
    outer loop
      vertex 6.45 122.6 5.6
      vertex 6.4447 122.708 16.4
      vertex 6.4447 122.708 5.6
    endloop
  endfacet
  facet normal -0.998798 -0.0490151 0
    outer loop
      vertex 6.4447 122.708 16.4
      vertex 6.45 122.6 5.6
      vertex 6.45 122.6 16.4
    endloop
  endfacet
  facet normal 0.998798 -0.0490151 0
    outer loop
      vertex 4.25 122.6 16.4
      vertex 4.2553 122.708 5.6
      vertex 4.2553 122.708 16.4
    endloop
  endfacet
  facet normal 0.998798 -0.0490151 0
    outer loop
      vertex 4.2553 122.708 5.6
      vertex 4.25 122.6 16.4
      vertex 4.25 122.6 5.6
    endloop
  endfacet
  facet normal 0.0463238 -0.998926 0
    outer loop
      vertex 5.24218 123.695 5.6
      vertex 5.35 123.7 16.4
      vertex 5.24218 123.695 16.4
    endloop
  endfacet
  facet normal 0.0463238 -0.998926 0
    outer loop
      vertex 5.35 123.7 16.4
      vertex 5.24218 123.695 5.6
      vertex 5.35 123.7 5.6
    endloop
  endfacet
  facet normal -0.0463238 0.998926 0
    outer loop
      vertex 5.45782 121.505 5.6
      vertex 5.35 121.5 16.4
      vertex 5.45782 121.505 16.4
    endloop
  endfacet
  facet normal -0.0463238 0.998926 0
    outer loop
      vertex 5.35 121.5 16.4
      vertex 5.45782 121.505 5.6
      vertex 5.35 121.5 5.6
    endloop
  endfacet
  facet normal -0.669011 -0.743253 0
    outer loop
      vertex 6.04783 123.45 5.6
      vertex 6.12782 123.378 16.4
      vertex 6.04783 123.45 16.4
    endloop
  endfacet
  facet normal -0.669011 -0.743253 -0
    outer loop
      vertex 6.12782 123.378 16.4
      vertex 6.04783 123.45 5.6
      vertex 6.12782 123.378 5.6
    endloop
  endfacet
  facet normal 0.741033 -0.671469 0
    outer loop
      vertex 4.49969 123.298 16.4
      vertex 4.57218 123.378 5.6
      vertex 4.57218 123.378 16.4
    endloop
  endfacet
  facet normal 0.741033 -0.671469 0
    outer loop
      vertex 4.57218 123.378 5.6
      vertex 4.49969 123.298 16.4
      vertex 4.49969 123.298 5.6
    endloop
  endfacet
  facet normal 0.426368 -0.90455 0
    outer loop
      vertex 4.83146 123.57 5.6
      vertex 4.92905 123.616 16.4
      vertex 4.83146 123.57 16.4
    endloop
  endfacet
  facet normal 0.426368 -0.90455 0
    outer loop
      vertex 4.92905 123.616 16.4
      vertex 4.83146 123.57 5.6
      vertex 4.92905 123.616 5.6
    endloop
  endfacet
  facet normal -0.904668 -0.426117 0
    outer loop
      vertex 6.36627 123.021 5.6
      vertex 6.32011 123.119 16.4
      vertex 6.32011 123.119 5.6
    endloop
  endfacet
  facet normal -0.904668 -0.426117 0
    outer loop
      vertex 6.32011 123.119 16.4
      vertex 6.36627 123.021 5.6
      vertex 6.36627 123.021 16.4
    endloop
  endfacet
  facet normal -0.34207 -0.939675 0
    outer loop
      vertex 5.66931 123.653 5.6
      vertex 5.77095 123.616 16.4
      vertex 5.66931 123.653 16.4
    endloop
  endfacet
  facet normal -0.34207 -0.939675 -0
    outer loop
      vertex 5.77095 123.616 16.4
      vertex 5.66931 123.653 5.6
      vertex 5.77095 123.616 5.6
    endloop
  endfacet
  facet normal -0.510708 -0.859754 0
    outer loop
      vertex 5.86854 123.57 5.6
      vertex 5.96113 123.515 16.4
      vertex 5.86854 123.57 16.4
    endloop
  endfacet
  facet normal -0.510708 -0.859754 -0
    outer loop
      vertex 5.96113 123.515 16.4
      vertex 5.86854 123.57 5.6
      vertex 5.96113 123.515 5.6
    endloop
  endfacet
  facet normal 0.904668 -0.426117 0
    outer loop
      vertex 4.33373 123.021 16.4
      vertex 4.37989 123.119 5.6
      vertex 4.37989 123.119 16.4
    endloop
  endfacet
  facet normal 0.904668 -0.426117 0
    outer loop
      vertex 4.37989 123.119 5.6
      vertex 4.33373 123.021 16.4
      vertex 4.33373 123.021 5.6
    endloop
  endfacet
  facet normal 0.8563 -0.516479 0
    outer loop
      vertex 4.37989 123.119 16.4
      vertex 4.43538 123.211 5.6
      vertex 4.43538 123.211 16.4
    endloop
  endfacet
  facet normal 0.8563 -0.516479 0
    outer loop
      vertex 4.43538 123.211 5.6
      vertex 4.37989 123.119 16.4
      vertex 4.37989 123.119 5.6
    endloop
  endfacet
  facet normal 0.240987 -0.970528 0
    outer loop
      vertex 5.03069 123.653 5.6
      vertex 5.1354 123.679 16.4
      vertex 5.03069 123.653 16.4
    endloop
  endfacet
  facet normal 0.240987 -0.970528 0
    outer loop
      vertex 5.1354 123.679 16.4
      vertex 5.03069 123.653 5.6
      vertex 5.1354 123.679 5.6
    endloop
  endfacet
  facet normal -0.34207 0.939675 0
    outer loop
      vertex 5.77095 121.584 5.6
      vertex 5.66931 121.547 16.4
      vertex 5.77095 121.584 16.4
    endloop
  endfacet
  facet normal -0.34207 0.939675 0
    outer loop
      vertex 5.66931 121.547 16.4
      vertex 5.77095 121.584 5.6
      vertex 5.66931 121.547 5.6
    endloop
  endfacet
  facet normal -0.969636 -0.244553 0
    outer loop
      vertex 6.42886 122.815 5.6
      vertex 6.40263 122.919 16.4
      vertex 6.40263 122.919 5.6
    endloop
  endfacet
  facet normal -0.969636 -0.244553 0
    outer loop
      vertex 6.40263 122.919 16.4
      vertex 6.42886 122.815 5.6
      vertex 6.42886 122.815 16.4
    endloop
  endfacet
  facet normal -0.989219 -0.146441 0
    outer loop
      vertex 6.4447 122.708 5.6
      vertex 6.42886 122.815 16.4
      vertex 6.42886 122.815 5.6
    endloop
  endfacet
  facet normal -0.989219 -0.146441 0
    outer loop
      vertex 6.42886 122.815 16.4
      vertex 6.4447 122.708 5.6
      vertex 6.4447 122.708 16.4
    endloop
  endfacet
  facet normal -0.941942 -0.335775 0
    outer loop
      vertex 6.40263 122.919 5.6
      vertex 6.36627 123.021 16.4
      vertex 6.36627 123.021 5.6
    endloop
  endfacet
  facet normal -0.941942 -0.335775 0
    outer loop
      vertex 6.36627 123.021 16.4
      vertex 6.40263 122.919 5.6
      vertex 6.40263 122.919 16.4
    endloop
  endfacet
  facet normal -0.804151 -0.594425 0
    outer loop
      vertex 6.26462 123.211 5.6
      vertex 6.20031 123.298 16.4
      vertex 6.20031 123.298 5.6
    endloop
  endfacet
  facet normal -0.804151 -0.594425 0
    outer loop
      vertex 6.20031 123.298 16.4
      vertex 6.26462 123.211 5.6
      vertex 6.26462 123.211 16.4
    endloop
  endfacet
  facet normal -0.741033 -0.671469 0
    outer loop
      vertex 6.20031 123.298 5.6
      vertex 6.12782 123.378 16.4
      vertex 6.12782 123.378 5.6
    endloop
  endfacet
  facet normal -0.741033 -0.671469 0
    outer loop
      vertex 6.12782 123.378 16.4
      vertex 6.20031 123.298 5.6
      vertex 6.20031 123.298 16.4
    endloop
  endfacet
  facet normal -0.148186 -0.988959 0
    outer loop
      vertex 5.45782 123.695 5.6
      vertex 5.5646 123.679 16.4
      vertex 5.45782 123.695 16.4
    endloop
  endfacet
  facet normal -0.148186 -0.988959 -0
    outer loop
      vertex 5.5646 123.679 16.4
      vertex 5.45782 123.695 5.6
      vertex 5.5646 123.679 5.6
    endloop
  endfacet
  facet normal -0.0463238 -0.998926 0
    outer loop
      vertex 5.35 123.7 5.6
      vertex 5.45782 123.695 16.4
      vertex 5.35 123.7 16.4
    endloop
  endfacet
  facet normal -0.0463238 -0.998926 -0
    outer loop
      vertex 5.45782 123.695 16.4
      vertex 5.35 123.7 5.6
      vertex 5.45782 123.695 5.6
    endloop
  endfacet
  facet normal -0.426368 -0.90455 0
    outer loop
      vertex 5.77095 123.616 5.6
      vertex 5.86854 123.57 16.4
      vertex 5.77095 123.616 16.4
    endloop
  endfacet
  facet normal -0.426368 -0.90455 -0
    outer loop
      vertex 5.86854 123.57 16.4
      vertex 5.77095 123.616 5.6
      vertex 5.86854 123.57 5.6
    endloop
  endfacet
  facet normal -0.599852 -0.800111 0
    outer loop
      vertex 5.96113 123.515 5.6
      vertex 6.04783 123.45 16.4
      vertex 5.96113 123.515 16.4
    endloop
  endfacet
  facet normal -0.599852 -0.800111 -0
    outer loop
      vertex 6.04783 123.45 16.4
      vertex 5.96113 123.515 5.6
      vertex 6.04783 123.45 5.6
    endloop
  endfacet
  facet normal 0.941942 -0.335775 0
    outer loop
      vertex 4.29737 122.919 16.4
      vertex 4.33373 123.021 5.6
      vertex 4.33373 123.021 16.4
    endloop
  endfacet
  facet normal 0.941942 -0.335775 0
    outer loop
      vertex 4.33373 123.021 5.6
      vertex 4.29737 122.919 16.4
      vertex 4.29737 122.919 5.6
    endloop
  endfacet
  facet normal 0.969636 -0.244553 0
    outer loop
      vertex 4.27114 122.815 16.4
      vertex 4.29737 122.919 5.6
      vertex 4.29737 122.919 16.4
    endloop
  endfacet
  facet normal 0.969636 -0.244553 0
    outer loop
      vertex 4.29737 122.919 5.6
      vertex 4.27114 122.815 16.4
      vertex 4.27114 122.815 5.6
    endloop
  endfacet
  facet normal 0.989219 -0.146441 0
    outer loop
      vertex 4.2553 122.708 16.4
      vertex 4.27114 122.815 5.6
      vertex 4.27114 122.815 16.4
    endloop
  endfacet
  facet normal 0.989219 -0.146441 0
    outer loop
      vertex 4.27114 122.815 5.6
      vertex 4.2553 122.708 16.4
      vertex 4.2553 122.708 5.6
    endloop
  endfacet
  facet normal 0.599852 -0.800111 0
    outer loop
      vertex 4.65217 123.45 5.6
      vertex 4.73887 123.515 16.4
      vertex 4.65217 123.45 16.4
    endloop
  endfacet
  facet normal 0.599852 -0.800111 0
    outer loop
      vertex 4.73887 123.515 16.4
      vertex 4.65217 123.45 5.6
      vertex 4.73887 123.515 5.6
    endloop
  endfacet
  facet normal 0.34207 -0.939675 0
    outer loop
      vertex 4.92905 123.616 5.6
      vertex 5.03069 123.653 16.4
      vertex 4.92905 123.616 16.4
    endloop
  endfacet
  facet normal 0.34207 -0.939675 0
    outer loop
      vertex 5.03069 123.653 16.4
      vertex 4.92905 123.616 5.6
      vertex 5.03069 123.653 5.6
    endloop
  endfacet
  facet normal 0.148186 -0.988959 0
    outer loop
      vertex 5.1354 123.679 5.6
      vertex 5.24218 123.695 16.4
      vertex 5.1354 123.679 16.4
    endloop
  endfacet
  facet normal 0.148186 -0.988959 0
    outer loop
      vertex 5.24218 123.695 16.4
      vertex 5.1354 123.679 5.6
      vertex 5.24218 123.695 5.6
    endloop
  endfacet
  facet normal -0.998798 0.0490151 0
    outer loop
      vertex 6.4447 122.492 5.6
      vertex 6.45 122.6 16.4
      vertex 6.45 122.6 5.6
    endloop
  endfacet
  facet normal -0.998798 0.0490151 0
    outer loop
      vertex 6.45 122.6 16.4
      vertex 6.4447 122.492 5.6
      vertex 6.4447 122.492 16.4
    endloop
  endfacet
  facet normal -0.741033 0.671469 0
    outer loop
      vertex 6.12782 121.822 5.6
      vertex 6.20031 121.902 16.4
      vertex 6.20031 121.902 5.6
    endloop
  endfacet
  facet normal -0.741033 0.671469 0
    outer loop
      vertex 6.20031 121.902 16.4
      vertex 6.12782 121.822 5.6
      vertex 6.12782 121.822 16.4
    endloop
  endfacet
  facet normal 0.34207 0.939675 -0
    outer loop
      vertex 5.03069 121.547 5.6
      vertex 4.92905 121.584 16.4
      vertex 5.03069 121.547 16.4
    endloop
  endfacet
  facet normal 0.34207 0.939675 0
    outer loop
      vertex 4.92905 121.584 16.4
      vertex 5.03069 121.547 5.6
      vertex 4.92905 121.584 5.6
    endloop
  endfacet
  facet normal 0.904668 0.426117 0
    outer loop
      vertex 4.37989 122.081 16.4
      vertex 4.33373 122.179 5.6
      vertex 4.33373 122.179 16.4
    endloop
  endfacet
  facet normal 0.904668 0.426117 0
    outer loop
      vertex 4.33373 122.179 5.6
      vertex 4.37989 122.081 16.4
      vertex 4.37989 122.081 5.6
    endloop
  endfacet
  facet normal -0.426368 0.90455 0
    outer loop
      vertex 5.86854 121.63 5.6
      vertex 5.77095 121.584 16.4
      vertex 5.86854 121.63 16.4
    endloop
  endfacet
  facet normal -0.426368 0.90455 0
    outer loop
      vertex 5.77095 121.584 16.4
      vertex 5.86854 121.63 5.6
      vertex 5.77095 121.584 5.6
    endloop
  endfacet
  facet normal -0.8563 -0.516479 0
    outer loop
      vertex 6.32011 123.119 5.6
      vertex 6.26462 123.211 16.4
      vertex 6.26462 123.211 5.6
    endloop
  endfacet
  facet normal -0.8563 -0.516479 0
    outer loop
      vertex 6.26462 123.211 16.4
      vertex 6.32011 123.119 5.6
      vertex 6.32011 123.119 16.4
    endloop
  endfacet
  facet normal -0.240987 -0.970528 0
    outer loop
      vertex 5.5646 123.679 5.6
      vertex 5.66931 123.653 16.4
      vertex 5.5646 123.679 16.4
    endloop
  endfacet
  facet normal -0.240987 -0.970528 -0
    outer loop
      vertex 5.66931 123.653 16.4
      vertex 5.5646 123.679 5.6
      vertex 5.66931 123.653 5.6
    endloop
  endfacet
  facet normal 0.804151 -0.594425 0
    outer loop
      vertex 4.43538 123.211 16.4
      vertex 4.49969 123.298 5.6
      vertex 4.49969 123.298 16.4
    endloop
  endfacet
  facet normal 0.804151 -0.594425 0
    outer loop
      vertex 4.49969 123.298 5.6
      vertex 4.43538 123.211 16.4
      vertex 4.43538 123.211 5.6
    endloop
  endfacet
  facet normal 0.669011 -0.743253 0
    outer loop
      vertex 4.57218 123.378 5.6
      vertex 4.65217 123.45 16.4
      vertex 4.57218 123.378 16.4
    endloop
  endfacet
  facet normal 0.669011 -0.743253 0
    outer loop
      vertex 4.65217 123.45 16.4
      vertex 4.57218 123.378 5.6
      vertex 4.65217 123.45 5.6
    endloop
  endfacet
  facet normal 0.510708 -0.859754 0
    outer loop
      vertex 4.73887 123.515 5.6
      vertex 4.83146 123.57 16.4
      vertex 4.73887 123.515 16.4
    endloop
  endfacet
  facet normal 0.510708 -0.859754 0
    outer loop
      vertex 4.83146 123.57 16.4
      vertex 4.73887 123.515 5.6
      vertex 4.83146 123.57 5.6
    endloop
  endfacet
  facet normal -0.969636 0.244553 0
    outer loop
      vertex 6.40263 122.281 5.6
      vertex 6.42886 122.385 16.4
      vertex 6.42886 122.385 5.6
    endloop
  endfacet
  facet normal -0.969636 0.244553 0
    outer loop
      vertex 6.42886 122.385 16.4
      vertex 6.40263 122.281 5.6
      vertex 6.40263 122.281 16.4
    endloop
  endfacet
  facet normal -0.989219 0.146441 0
    outer loop
      vertex 6.42886 122.385 5.6
      vertex 6.4447 122.492 16.4
      vertex 6.4447 122.492 5.6
    endloop
  endfacet
  facet normal -0.989219 0.146441 0
    outer loop
      vertex 6.4447 122.492 16.4
      vertex 6.42886 122.385 5.6
      vertex 6.42886 122.385 16.4
    endloop
  endfacet
  facet normal -0.669011 0.743253 0
    outer loop
      vertex 6.12782 121.822 5.6
      vertex 6.04783 121.75 16.4
      vertex 6.12782 121.822 16.4
    endloop
  endfacet
  facet normal -0.669011 0.743253 0
    outer loop
      vertex 6.04783 121.75 16.4
      vertex 6.12782 121.822 5.6
      vertex 6.04783 121.75 5.6
    endloop
  endfacet
  facet normal -0.904668 0.426117 0
    outer loop
      vertex 6.32011 122.081 5.6
      vertex 6.36627 122.179 16.4
      vertex 6.36627 122.179 5.6
    endloop
  endfacet
  facet normal -0.904668 0.426117 0
    outer loop
      vertex 6.36627 122.179 16.4
      vertex 6.32011 122.081 5.6
      vertex 6.32011 122.081 16.4
    endloop
  endfacet
  facet normal -0.804151 0.594425 0
    outer loop
      vertex 6.20031 121.902 5.6
      vertex 6.26462 121.989 16.4
      vertex 6.26462 121.989 5.6
    endloop
  endfacet
  facet normal -0.804151 0.594425 0
    outer loop
      vertex 6.26462 121.989 16.4
      vertex 6.20031 121.902 5.6
      vertex 6.20031 121.902 16.4
    endloop
  endfacet
  facet normal 0.148186 0.988959 -0
    outer loop
      vertex 5.24218 121.505 5.6
      vertex 5.1354 121.521 16.4
      vertex 5.24218 121.505 16.4
    endloop
  endfacet
  facet normal 0.148186 0.988959 0
    outer loop
      vertex 5.1354 121.521 16.4
      vertex 5.24218 121.505 5.6
      vertex 5.1354 121.521 5.6
    endloop
  endfacet
  facet normal 0.741033 0.671469 0
    outer loop
      vertex 4.57218 121.822 16.4
      vertex 4.49969 121.902 5.6
      vertex 4.49969 121.902 16.4
    endloop
  endfacet
  facet normal 0.741033 0.671469 0
    outer loop
      vertex 4.49969 121.902 5.6
      vertex 4.57218 121.822 16.4
      vertex 4.57218 121.822 5.6
    endloop
  endfacet
  facet normal -0.510708 0.859754 0
    outer loop
      vertex 5.96113 121.685 5.6
      vertex 5.86854 121.63 16.4
      vertex 5.96113 121.685 16.4
    endloop
  endfacet
  facet normal -0.510708 0.859754 0
    outer loop
      vertex 5.86854 121.63 16.4
      vertex 5.96113 121.685 5.6
      vertex 5.86854 121.63 5.6
    endloop
  endfacet
  facet normal -0.599852 0.800111 0
    outer loop
      vertex 6.04783 121.75 5.6
      vertex 5.96113 121.685 16.4
      vertex 6.04783 121.75 16.4
    endloop
  endfacet
  facet normal -0.599852 0.800111 0
    outer loop
      vertex 5.96113 121.685 16.4
      vertex 6.04783 121.75 5.6
      vertex 5.96113 121.685 5.6
    endloop
  endfacet
  facet normal -0.941942 0.335775 0
    outer loop
      vertex 6.36627 122.179 5.6
      vertex 6.40263 122.281 16.4
      vertex 6.40263 122.281 5.6
    endloop
  endfacet
  facet normal -0.941942 0.335775 0
    outer loop
      vertex 6.40263 122.281 16.4
      vertex 6.36627 122.179 5.6
      vertex 6.36627 122.179 16.4
    endloop
  endfacet
  facet normal -0.8563 0.516479 0
    outer loop
      vertex 6.26462 121.989 5.6
      vertex 6.32011 122.081 16.4
      vertex 6.32011 122.081 5.6
    endloop
  endfacet
  facet normal -0.8563 0.516479 0
    outer loop
      vertex 6.32011 122.081 16.4
      vertex 6.26462 121.989 5.6
      vertex 6.26462 121.989 16.4
    endloop
  endfacet
  facet normal 0.0463238 0.998926 -0
    outer loop
      vertex 5.35 121.5 5.6
      vertex 5.24218 121.505 16.4
      vertex 5.35 121.5 16.4
    endloop
  endfacet
  facet normal 0.0463238 0.998926 0
    outer loop
      vertex 5.24218 121.505 16.4
      vertex 5.35 121.5 5.6
      vertex 5.24218 121.505 5.6
    endloop
  endfacet
  facet normal 0.669011 0.743253 -0
    outer loop
      vertex 4.65217 121.75 5.6
      vertex 4.57218 121.822 16.4
      vertex 4.65217 121.75 16.4
    endloop
  endfacet
  facet normal 0.669011 0.743253 0
    outer loop
      vertex 4.57218 121.822 16.4
      vertex 4.65217 121.75 5.6
      vertex 4.57218 121.822 5.6
    endloop
  endfacet
  facet normal 0.8563 0.516479 0
    outer loop
      vertex 4.43538 121.989 16.4
      vertex 4.37989 122.081 5.6
      vertex 4.37989 122.081 16.4
    endloop
  endfacet
  facet normal 0.8563 0.516479 0
    outer loop
      vertex 4.37989 122.081 5.6
      vertex 4.43538 121.989 16.4
      vertex 4.43538 121.989 5.6
    endloop
  endfacet
  facet normal 0.941942 0.335775 0
    outer loop
      vertex 4.33373 122.179 16.4
      vertex 4.29737 122.281 5.6
      vertex 4.29737 122.281 16.4
    endloop
  endfacet
  facet normal 0.941942 0.335775 0
    outer loop
      vertex 4.29737 122.281 5.6
      vertex 4.33373 122.179 16.4
      vertex 4.33373 122.179 5.6
    endloop
  endfacet
  facet normal 0.989219 0.146441 0
    outer loop
      vertex 4.27114 122.385 16.4
      vertex 4.2553 122.492 5.6
      vertex 4.2553 122.492 16.4
    endloop
  endfacet
  facet normal 0.989219 0.146441 0
    outer loop
      vertex 4.2553 122.492 5.6
      vertex 4.27114 122.385 16.4
      vertex 4.27114 122.385 5.6
    endloop
  endfacet
  facet normal 0.998798 0.0490151 0
    outer loop
      vertex 4.2553 122.492 16.4
      vertex 4.25 122.6 5.6
      vertex 4.25 122.6 16.4
    endloop
  endfacet
  facet normal 0.998798 0.0490151 0
    outer loop
      vertex 4.25 122.6 5.6
      vertex 4.2553 122.492 16.4
      vertex 4.2553 122.492 5.6
    endloop
  endfacet
  facet normal -0.240987 0.970528 0
    outer loop
      vertex 5.66931 121.547 5.6
      vertex 5.5646 121.521 16.4
      vertex 5.66931 121.547 16.4
    endloop
  endfacet
  facet normal -0.240987 0.970528 0
    outer loop
      vertex 5.5646 121.521 16.4
      vertex 5.66931 121.547 5.6
      vertex 5.5646 121.521 5.6
    endloop
  endfacet
  facet normal -0.148186 0.988959 0
    outer loop
      vertex 5.5646 121.521 5.6
      vertex 5.45782 121.505 16.4
      vertex 5.5646 121.521 16.4
    endloop
  endfacet
  facet normal -0.148186 0.988959 0
    outer loop
      vertex 5.45782 121.505 16.4
      vertex 5.5646 121.521 5.6
      vertex 5.45782 121.505 5.6
    endloop
  endfacet
  facet normal 0.240987 0.970528 -0
    outer loop
      vertex 5.1354 121.521 5.6
      vertex 5.03069 121.547 16.4
      vertex 5.1354 121.521 16.4
    endloop
  endfacet
  facet normal 0.240987 0.970528 0
    outer loop
      vertex 5.03069 121.547 16.4
      vertex 5.1354 121.521 5.6
      vertex 5.03069 121.547 5.6
    endloop
  endfacet
  facet normal 0.599852 0.800111 -0
    outer loop
      vertex 4.73887 121.685 5.6
      vertex 4.65217 121.75 16.4
      vertex 4.73887 121.685 16.4
    endloop
  endfacet
  facet normal 0.599852 0.800111 0
    outer loop
      vertex 4.65217 121.75 16.4
      vertex 4.73887 121.685 5.6
      vertex 4.65217 121.75 5.6
    endloop
  endfacet
  facet normal 0.804151 0.594425 0
    outer loop
      vertex 4.49969 121.902 16.4
      vertex 4.43538 121.989 5.6
      vertex 4.43538 121.989 16.4
    endloop
  endfacet
  facet normal 0.804151 0.594425 0
    outer loop
      vertex 4.43538 121.989 5.6
      vertex 4.49969 121.902 16.4
      vertex 4.49969 121.902 5.6
    endloop
  endfacet
  facet normal 0.969636 0.244553 0
    outer loop
      vertex 4.29737 122.281 16.4
      vertex 4.27114 122.385 5.6
      vertex 4.27114 122.385 16.4
    endloop
  endfacet
  facet normal 0.969636 0.244553 0
    outer loop
      vertex 4.27114 122.385 5.6
      vertex 4.29737 122.281 16.4
      vertex 4.29737 122.281 5.6
    endloop
  endfacet
  facet normal 0.426368 0.90455 -0
    outer loop
      vertex 4.92905 121.584 5.6
      vertex 4.83146 121.63 16.4
      vertex 4.92905 121.584 16.4
    endloop
  endfacet
  facet normal 0.426368 0.90455 0
    outer loop
      vertex 4.83146 121.63 16.4
      vertex 4.92905 121.584 5.6
      vertex 4.83146 121.63 5.6
    endloop
  endfacet
  facet normal 0.510708 0.859754 -0
    outer loop
      vertex 4.83146 121.63 5.6
      vertex 4.73887 121.685 16.4
      vertex 4.83146 121.63 16.4
    endloop
  endfacet
  facet normal 0.510708 0.859754 0
    outer loop
      vertex 4.73887 121.685 16.4
      vertex 4.83146 121.63 5.6
      vertex 4.73887 121.685 5.6
    endloop
  endfacet
  facet normal -0.697389 0.329394 0.636513
    outer loop
      vertex 7.19513 121.615 17.6
      vertex 7.28251 121.8 17.6
      vertex 6.36627 122.179 16.4
    endloop
  endfacet
  facet normal -0.770276 -0.0378341 0.636588
    outer loop
      vertex 7.44173 122.6 17.6
      vertex 7.43171 122.804 17.6
      vertex 6.45 122.6 16.4
    endloop
  endfacet
  facet normal -0.77023 -0.0385115 0.636602
    outer loop
      vertex 6.4447 122.708 16.4
      vertex 7.43171 122.804 17.6
      vertex 7.43166 122.805 17.6
    endloop
  endfacet
  facet normal -0.770279 -0.0378007 0.636585
    outer loop
      vertex 7.43171 122.804 17.6
      vertex 6.4447 122.708 16.4
      vertex 6.45 122.6 16.4
    endloop
  endfacet
  facet normal 0.619237 -0.459708 0.636564
    outer loop
      vertex 4.49969 123.298 16.4
      vertex 3.73307 123.927 17.6
      vertex 3.61132 123.763 17.6
    endloop
  endfacet
  facet normal -0.726415 0.258946 0.636607
    outer loop
      vertex 6.36627 122.179 16.4
      vertex 7.28281 121.8 17.6
      vertex 6.40263 122.281 16.4
    endloop
  endfacet
  facet normal 0 0.953571 0.301169
    outer loop
      vertex 7.28281 121.8 17.6
      vertex 6.36627 122.179 16.4
      vertex 7.28251 121.8 17.6
    endloop
  endfacet
  facet normal 0.18505 0.748733 0.636518
    outer loop
      vertex 4.94106 120.549 17.6
      vertex 5.03069 121.547 16.4
      vertex 4.7428 120.598 17.6
    endloop
  endfacet
  facet normal 0.697389 0.329394 0.636513
    outer loop
      vertex 3.50487 121.615 17.6
      vertex 4.33373 122.179 16.4
      vertex 3.41749 121.8 17.6
    endloop
  endfacet
  facet normal -0.459948 -0.618894 0.636724
    outer loop
      vertex 6.67698 124.217 17.6
      vertex 6.51282 124.339 17.6
      vertex 6.04783 123.45 16.4
    endloop
  endfacet
  facet normal -0.697427 -0.320817 0.640837
    outer loop
      vertex 6.26462 123.211 16.4
      vertex 7.19475 123.586 17.6
      vertex 7.19429 123.587 17.6
    endloop
  endfacet
  facet normal -0.660486 -0.398374 0.63644
    outer loop
      vertex 7.19475 123.586 17.6
      vertex 6.26462 123.211 16.4
      vertex 6.32011 123.119 16.4
    endloop
  endfacet
  facet normal -0.770276 0.0378341 0.636588
    outer loop
      vertex 7.43171 122.396 17.6
      vertex 7.44173 122.6 17.6
      vertex 6.45 122.6 16.4
    endloop
  endfacet
  facet normal -0.748019 0.187609 0.636609
    outer loop
      vertex 7.35167 121.993 17.6
      vertex 7.40133 122.191 17.6
      vertex 6.40263 122.281 16.4
    endloop
  endfacet
  facet normal -0.726329 0.259145 0.636624
    outer loop
      vertex 7.28281 121.8 17.6
      vertex 7.35167 121.993 17.6
      vertex 6.40263 122.281 16.4
    endloop
  endfacet
  facet normal -0.697787 0.328672 0.636449
    outer loop
      vertex 6.32011 122.081 16.4
      vertex 7.19513 121.615 17.6
      vertex 6.36627 122.179 16.4
    endloop
  endfacet
  facet normal -0.72299 0.274736 0.633881
    outer loop
      vertex 7.19513 121.615 17.6
      vertex 6.32011 122.081 16.4
      vertex 7.19475 121.614 17.6
    endloop
  endfacet
  facet normal -0.770279 0.0378007 0.636585
    outer loop
      vertex 6.4447 122.492 16.4
      vertex 7.43171 122.396 17.6
      vertex 6.45 122.6 16.4
    endloop
  endfacet
  facet normal -0.77023 0.0385115 0.636602
    outer loop
      vertex 7.43171 122.396 17.6
      vertex 6.4447 122.492 16.4
      vertex 7.43166 122.395 17.6
    endloop
  endfacet
  facet normal -0.762853 0.113257 0.636576
    outer loop
      vertex 7.40167 122.193 17.6
      vertex 7.43166 122.395 17.6
      vertex 6.4447 122.492 16.4
    endloop
  endfacet
  facet normal -0.33155 0.696105 0.636798
    outer loop
      vertex 6.15047 120.667 17.6
      vertex 6.33523 120.755 17.6
      vertex 5.77095 121.584 16.4
    endloop
  endfacet
  facet normal 0.462668 0.617128 0.636469
    outer loop
      vertex 4.18718 120.861 17.6
      vertex 4.73887 121.685 16.4
      vertex 4.65217 121.75 16.4
    endloop
  endfacet
  facet normal 0 0.824362 0.566062
    outer loop
      vertex 4.73887 121.685 16.4
      vertex 4.18718 120.861 17.6
      vertex 4.18789 120.861 17.6
    endloop
  endfacet
  facet normal 0.0377305 0.770194 0.636693
    outer loop
      vertex 5.35 120.508 17.6
      vertex 5.35 121.5 16.4
      vertex 5.14587 120.518 17.6
    endloop
  endfacet
  facet normal 0.39635 0.661753 0.636388
    outer loop
      vertex 4.3632 120.756 17.6
      vertex 4.73887 121.685 16.4
      vertex 4.18789 120.861 17.6
    endloop
  endfacet
  facet normal 0.650451 -0.559388 0.513808
    outer loop
      vertex 5.03069 123.653 16.4
      vertex 4.94192 124.652 17.6
      vertex 4.94106 124.651 17.6
    endloop
  endfacet
  facet normal 0.185819 -0.748349 0.636746
    outer loop
      vertex 4.94192 124.652 17.6
      vertex 5.03069 123.653 16.4
      vertex 5.1354 123.679 16.4
    endloop
  endfacet
  facet normal 0.646824 -0.491586 0.583063
    outer loop
      vertex 4.73887 123.515 16.4
      vertex 4.36396 124.445 17.6
      vertex 4.3632 124.444 17.6
    endloop
  endfacet
  facet normal 0.393779 -0.662909 0.636781
    outer loop
      vertex 4.36396 124.445 17.6
      vertex 4.73887 123.515 16.4
      vertex 4.83146 123.57 16.4
    endloop
  endfacet
  facet normal 0.697389 -0.329394 0.636513
    outer loop
      vertex 4.33373 123.021 16.4
      vertex 3.50487 123.585 17.6
      vertex 3.41749 123.4 17.6
    endloop
  endfacet
  facet normal 0.770276 -0.0378341 0.636588
    outer loop
      vertex 4.25 122.6 16.4
      vertex 3.26829 122.804 17.6
      vertex 3.25827 122.6 17.6
    endloop
  endfacet
  facet normal -0.753093 -0.15815 0.638623
    outer loop
      vertex 6.40263 122.919 16.4
      vertex 7.40154 123.008 17.6
      vertex 7.40133 123.009 17.6
    endloop
  endfacet
  facet normal -0.747846 -0.188615 0.636515
    outer loop
      vertex 7.40154 123.008 17.6
      vertex 6.40263 122.919 16.4
      vertex 6.42886 122.815 16.4
    endloop
  endfacet
  facet normal -0.747846 0.188615 0.636515
    outer loop
      vertex 6.40263 122.281 16.4
      vertex 7.40154 122.192 17.6
      vertex 6.42886 122.385 16.4
    endloop
  endfacet
  facet normal -0.753093 0.15815 0.638623
    outer loop
      vertex 7.40154 122.192 17.6
      vertex 6.40263 122.281 16.4
      vertex 7.40133 122.191 17.6
    endloop
  endfacet
  facet normal -0.682509 0.36173 0.635086
    outer loop
      vertex 6.26462 121.989 16.4
      vertex 7.08868 121.437 17.6
      vertex 7.08921 121.438 17.6
    endloop
  endfacet
  facet normal -0.6201 0.458375 0.636685
    outer loop
      vertex 7.08868 121.437 17.6
      vertex 6.26462 121.989 16.4
      vertex 6.20031 121.902 16.4
    endloop
  endfacet
  facet normal -0.18505 0.748733 0.636518
    outer loop
      vertex 5.75894 120.549 17.6
      vertex 5.9572 120.598 17.6
      vertex 5.66931 121.547 16.4
    endloop
  endfacet
  facet normal 0 0.77232 0.635233
    outer loop
      vertex 5.45782 121.505 16.4
      vertex 5.55413 120.518 17.6
      vertex 5.55503 120.518 17.6
    endloop
  endfacet
  facet normal -0.0357271 0.770419 0.636537
    outer loop
      vertex 5.55413 120.518 17.6
      vertex 5.45782 121.505 16.4
      vertex 5.35 121.5 16.4
    endloop
  endfacet
  facet normal -0.462668 0.617128 0.636469
    outer loop
      vertex 5.96113 121.685 16.4
      vertex 6.51282 120.861 17.6
      vertex 6.04783 121.75 16.4
    endloop
  endfacet
  facet normal 0 0.824362 0.566062
    outer loop
      vertex 6.51282 120.861 17.6
      vertex 5.96113 121.685 16.4
      vertex 6.5121 120.861 17.6
    endloop
  endfacet
  facet normal -0.396367 0.661744 0.636386
    outer loop
      vertex 6.3368 120.756 17.6
      vertex 6.5121 120.861 17.6
      vertex 5.96113 121.685 16.4
    endloop
  endfacet
  facet normal -0.570727 0.518757 0.636524
    outer loop
      vertex 6.82968 121.122 17.6
      vertex 6.96693 121.273 17.6
      vertex 6.20031 121.902 16.4
    endloop
  endfacet
  facet normal 0.748019 0.187609 0.636609
    outer loop
      vertex 3.34833 121.993 17.6
      vertex 4.29737 122.281 16.4
      vertex 3.29867 122.191 17.6
    endloop
  endfacet
  facet normal 0.770279 0.0378007 0.636585
    outer loop
      vertex 3.26829 122.396 17.6
      vertex 4.2553 122.492 16.4
      vertex 4.25 122.6 16.4
    endloop
  endfacet
  facet normal 0.77023 0.0385115 0.636602
    outer loop
      vertex 4.2553 122.492 16.4
      vertex 3.26829 122.396 17.6
      vertex 3.26834 122.395 17.6
    endloop
  endfacet
  facet normal 0.661156 0.396996 0.636606
    outer loop
      vertex 3.61079 121.438 17.6
      vertex 4.43538 121.989 16.4
      vertex 3.50571 121.613 17.6
    endloop
  endfacet
  facet normal 0.619237 0.459708 0.636564
    outer loop
      vertex 3.73307 121.273 17.6
      vertex 4.49969 121.902 16.4
      vertex 3.61132 121.437 17.6
    endloop
  endfacet
  facet normal 0.459948 0.618894 0.636724
    outer loop
      vertex 4.18718 120.861 17.6
      vertex 4.65217 121.75 16.4
      vertex 4.02302 120.983 17.6
    endloop
  endfacet
  facet normal 0.0357271 0.770419 0.636537
    outer loop
      vertex 5.24218 121.505 16.4
      vertex 5.14587 120.518 17.6
      vertex 5.35 121.5 16.4
    endloop
  endfacet
  facet normal 0 0.77232 0.635233
    outer loop
      vertex 5.14587 120.518 17.6
      vertex 5.24218 121.505 16.4
      vertex 5.14497 120.518 17.6
    endloop
  endfacet
  facet normal 0.113203 0.762837 0.636604
    outer loop
      vertex 5.14497 120.518 17.6
      vertex 5.24218 121.505 16.4
      vertex 4.94281 120.548 17.6
    endloop
  endfacet
  facet normal -0.0377305 0.770194 0.636693
    outer loop
      vertex 5.55413 120.518 17.6
      vertex 5.35 121.5 16.4
      vertex 5.35 120.508 17.6
    endloop
  endfacet
  facet normal 0.263732 0.724479 0.636848
    outer loop
      vertex 4.92905 121.584 16.4
      vertex 4.55037 120.667 17.6
      vertex 5.03069 121.547 16.4
    endloop
  endfacet
  facet normal 0 0.794565 0.60718
    outer loop
      vertex 4.55037 120.667 17.6
      vertex 4.92905 121.584 16.4
      vertex 4.54953 120.667 17.6
    endloop
  endfacet
  facet normal 0.393779 0.662909 0.636781
    outer loop
      vertex 4.73887 121.685 16.4
      vertex 4.36396 120.755 17.6
      vertex 4.83146 121.63 16.4
    endloop
  endfacet
  facet normal 0.646824 0.491586 0.583063
    outer loop
      vertex 4.36396 120.755 17.6
      vertex 4.73887 121.685 16.4
      vertex 4.3632 120.756 17.6
    endloop
  endfacet
  facet normal 0.33155 0.696105 0.636798
    outer loop
      vertex 4.54953 120.667 17.6
      vertex 4.92905 121.584 16.4
      vertex 4.36477 120.755 17.6
    endloop
  endfacet
  facet normal 0.26031 0.725963 0.636566
    outer loop
      vertex 4.7428 120.598 17.6
      vertex 5.03069 121.547 16.4
      vertex 4.55037 120.667 17.6
    endloop
  endfacet
  facet normal 0.517306 0.57183 0.636714
    outer loop
      vertex 4.02302 120.983 17.6
      vertex 4.65217 121.75 16.4
      vertex 3.87158 121.12 17.6
    endloop
  endfacet
  facet normal 0.113203 -0.762837 0.636604
    outer loop
      vertex 5.24218 123.695 16.4
      vertex 5.14497 124.682 17.6
      vertex 4.94281 124.652 17.6
    endloop
  endfacet
  facet normal 0.18505 -0.748733 0.636518
    outer loop
      vertex 5.03069 123.653 16.4
      vertex 4.94106 124.651 17.6
      vertex 4.7428 124.602 17.6
    endloop
  endfacet
  facet normal 0.669049 -0.401429 0.625483
    outer loop
      vertex 3.87032 124.078 17.6
      vertex 4.57218 123.378 16.4
      vertex 3.87092 124.079 17.6
    endloop
  endfacet
  facet normal 0.571583 -0.517925 0.636432
    outer loop
      vertex 4.57218 123.378 16.4
      vertex 3.87032 124.078 17.6
      vertex 4.49969 123.298 16.4
    endloop
  endfacet
  facet normal 0.570727 -0.518757 0.636524
    outer loop
      vertex 4.49969 123.298 16.4
      vertex 3.87032 124.078 17.6
      vertex 3.73307 123.927 17.6
    endloop
  endfacet
  facet normal 0 -0.794565 0.60718
    outer loop
      vertex 4.92905 123.616 16.4
      vertex 4.55037 124.533 17.6
      vertex 4.54953 124.533 17.6
    endloop
  endfacet
  facet normal 0.263732 -0.724479 0.636848
    outer loop
      vertex 4.55037 124.533 17.6
      vertex 4.92905 123.616 16.4
      vertex 5.03069 123.653 16.4
    endloop
  endfacet
  facet normal 0.517306 -0.57183 0.636714
    outer loop
      vertex 4.65217 123.45 16.4
      vertex 4.02302 124.217 17.6
      vertex 3.87158 124.08 17.6
    endloop
  endfacet
  facet normal 0.697427 -0.320817 0.640837
    outer loop
      vertex 3.50525 123.586 17.6
      vertex 4.43538 123.211 16.4
      vertex 3.50571 123.587 17.6
    endloop
  endfacet
  facet normal 0.660486 -0.398374 0.63644
    outer loop
      vertex 4.43538 123.211 16.4
      vertex 3.50525 123.586 17.6
      vertex 4.37989 123.119 16.4
    endloop
  endfacet
  facet normal 0.77023 -0.0385115 0.636602
    outer loop
      vertex 3.26829 122.804 17.6
      vertex 4.2553 122.708 16.4
      vertex 3.26834 122.805 17.6
    endloop
  endfacet
  facet normal 0.770279 -0.0378007 0.636585
    outer loop
      vertex 4.2553 122.708 16.4
      vertex 3.26829 122.804 17.6
      vertex 4.25 122.6 16.4
    endloop
  endfacet
  facet normal 0.762853 -0.113257 0.636576
    outer loop
      vertex 4.2553 122.708 16.4
      vertex 3.29833 123.007 17.6
      vertex 3.26834 122.805 17.6
    endloop
  endfacet
  facet normal 0.765111 -0.0994644 0.63617
    outer loop
      vertex 3.29833 123.007 17.6
      vertex 4.27114 122.815 16.4
      vertex 3.29846 123.008 17.6
    endloop
  endfacet
  facet normal 0.76292 -0.112941 0.636551
    outer loop
      vertex 4.27114 122.815 16.4
      vertex 3.29833 123.007 17.6
      vertex 4.2553 122.708 16.4
    endloop
  endfacet
  facet normal 0.770276 0.0378341 0.636588
    outer loop
      vertex 3.26829 122.396 17.6
      vertex 4.25 122.6 16.4
      vertex 3.25827 122.6 17.6
    endloop
  endfacet
  facet normal -0.113203 -0.762837 0.636604
    outer loop
      vertex 5.75719 124.652 17.6
      vertex 5.55503 124.682 17.6
      vertex 5.45782 123.695 16.4
    endloop
  endfacet
  facet normal -0.762853 -0.113257 0.636576
    outer loop
      vertex 7.43166 122.805 17.6
      vertex 7.40167 123.007 17.6
      vertex 6.4447 122.708 16.4
    endloop
  endfacet
  facet normal -0.748019 -0.187609 0.636609
    outer loop
      vertex 7.40133 123.009 17.6
      vertex 7.35167 123.207 17.6
      vertex 6.40263 122.919 16.4
    endloop
  endfacet
  facet normal 0 -0.953571 0.301169
    outer loop
      vertex 6.36627 123.021 16.4
      vertex 7.28281 123.4 17.6
      vertex 7.28251 123.4 17.6
    endloop
  endfacet
  facet normal -0.726415 -0.258946 0.636607
    outer loop
      vertex 7.28281 123.4 17.6
      vertex 6.36627 123.021 16.4
      vertex 6.40263 122.919 16.4
    endloop
  endfacet
  facet normal -0.570727 -0.518757 0.636524
    outer loop
      vertex 6.96693 123.927 17.6
      vertex 6.82968 124.078 17.6
      vertex 6.20031 123.298 16.4
    endloop
  endfacet
  facet normal -0.76292 0.112941 0.636551
    outer loop
      vertex 6.42886 122.385 16.4
      vertex 7.40167 122.193 17.6
      vertex 6.4447 122.492 16.4
    endloop
  endfacet
  facet normal -0.765111 0.0994644 0.63617
    outer loop
      vertex 7.40167 122.193 17.6
      vertex 6.42886 122.385 16.4
      vertex 7.40154 122.192 17.6
    endloop
  endfacet
  facet normal -0.660486 0.398374 0.63644
    outer loop
      vertex 6.26462 121.989 16.4
      vertex 7.19475 121.614 17.6
      vertex 6.32011 122.081 16.4
    endloop
  endfacet
  facet normal -0.697427 0.320817 0.640837
    outer loop
      vertex 7.19475 121.614 17.6
      vertex 6.26462 121.989 16.4
      vertex 7.19429 121.613 17.6
    endloop
  endfacet
  facet normal -0.619237 0.459708 0.636564
    outer loop
      vertex 6.96693 121.273 17.6
      vertex 7.08868 121.437 17.6
      vertex 6.20031 121.902 16.4
    endloop
  endfacet
  facet normal -0.661156 0.396996 0.636606
    outer loop
      vertex 7.08921 121.438 17.6
      vertex 7.19429 121.613 17.6
      vertex 6.26462 121.989 16.4
    endloop
  endfacet
  facet normal -0.571583 0.517925 0.636432
    outer loop
      vertex 6.12782 121.822 16.4
      vertex 6.82968 121.122 17.6
      vertex 6.20031 121.902 16.4
    endloop
  endfacet
  facet normal -0.669049 0.401429 0.625483
    outer loop
      vertex 6.82968 121.122 17.6
      vertex 6.12782 121.822 16.4
      vertex 6.82908 121.121 17.6
    endloop
  endfacet
  facet normal -0.113203 0.762837 0.636604
    outer loop
      vertex 5.55503 120.518 17.6
      vertex 5.75719 120.548 17.6
      vertex 5.45782 121.505 16.4
    endloop
  endfacet
  facet normal -0.650451 0.559388 0.513808
    outer loop
      vertex 5.66931 121.547 16.4
      vertex 5.75808 120.548 17.6
      vertex 5.75894 120.549 17.6
    endloop
  endfacet
  facet normal -0.185819 0.748349 0.636746
    outer loop
      vertex 5.75808 120.548 17.6
      vertex 5.66931 121.547 16.4
      vertex 5.5646 121.521 16.4
    endloop
  endfacet
  facet normal -0.26031 0.725963 0.636566
    outer loop
      vertex 5.9572 120.598 17.6
      vertex 6.14963 120.667 17.6
      vertex 5.66931 121.547 16.4
    endloop
  endfacet
  facet normal 0 0.794565 0.60718
    outer loop
      vertex 5.77095 121.584 16.4
      vertex 6.14963 120.667 17.6
      vertex 6.15047 120.667 17.6
    endloop
  endfacet
  facet normal -0.263732 0.724479 0.636848
    outer loop
      vertex 6.14963 120.667 17.6
      vertex 5.77095 121.584 16.4
      vertex 5.66931 121.547 16.4
    endloop
  endfacet
  facet normal -0.646824 0.491586 0.583063
    outer loop
      vertex 5.96113 121.685 16.4
      vertex 6.33604 120.755 17.6
      vertex 6.3368 120.756 17.6
    endloop
  endfacet
  facet normal -0.393779 0.662909 0.636781
    outer loop
      vertex 6.33604 120.755 17.6
      vertex 5.96113 121.685 16.4
      vertex 5.86854 121.63 16.4
    endloop
  endfacet
  facet normal -0.648699 0.428141 0.629194
    outer loop
      vertex 6.12782 121.822 16.4
      vertex 6.82842 121.12 17.6
      vertex 6.82908 121.121 17.6
    endloop
  endfacet
  facet normal -0.515957 0.573214 0.636564
    outer loop
      vertex 6.82842 121.12 17.6
      vertex 6.12782 121.822 16.4
      vertex 6.04783 121.75 16.4
    endloop
  endfacet
  facet normal -0.517306 0.57183 0.636714
    outer loop
      vertex 6.67698 120.983 17.6
      vertex 6.82842 121.12 17.6
      vertex 6.04783 121.75 16.4
    endloop
  endfacet
  facet normal -0.459948 0.618894 0.636724
    outer loop
      vertex 6.51282 120.861 17.6
      vertex 6.67698 120.983 17.6
      vertex 6.04783 121.75 16.4
    endloop
  endfacet
  facet normal 0.762853 0.113257 0.636576
    outer loop
      vertex 3.29833 122.193 17.6
      vertex 4.2553 122.492 16.4
      vertex 3.26834 122.395 17.6
    endloop
  endfacet
  facet normal 0.747846 0.188615 0.636515
    outer loop
      vertex 3.29846 122.192 17.6
      vertex 4.29737 122.281 16.4
      vertex 4.27114 122.385 16.4
    endloop
  endfacet
  facet normal 0.753093 0.15815 0.638623
    outer loop
      vertex 4.29737 122.281 16.4
      vertex 3.29846 122.192 17.6
      vertex 3.29867 122.191 17.6
    endloop
  endfacet
  facet normal 0.726329 0.259145 0.636624
    outer loop
      vertex 3.41719 121.8 17.6
      vertex 4.29737 122.281 16.4
      vertex 3.34833 121.993 17.6
    endloop
  endfacet
  facet normal 0.726415 0.258946 0.636607
    outer loop
      vertex 3.41719 121.8 17.6
      vertex 4.33373 122.179 16.4
      vertex 4.29737 122.281 16.4
    endloop
  endfacet
  facet normal 0 0.953571 0.301169
    outer loop
      vertex 4.33373 122.179 16.4
      vertex 3.41719 121.8 17.6
      vertex 3.41749 121.8 17.6
    endloop
  endfacet
  facet normal 0.660486 0.398374 0.63644
    outer loop
      vertex 3.50525 121.614 17.6
      vertex 4.43538 121.989 16.4
      vertex 4.37989 122.081 16.4
    endloop
  endfacet
  facet normal 0.697427 0.320817 0.640837
    outer loop
      vertex 4.43538 121.989 16.4
      vertex 3.50525 121.614 17.6
      vertex 3.50571 121.613 17.6
    endloop
  endfacet
  facet normal 0.6201 0.458375 0.636685
    outer loop
      vertex 4.43538 121.989 16.4
      vertex 3.61132 121.437 17.6
      vertex 4.49969 121.902 16.4
    endloop
  endfacet
  facet normal 0.682509 0.36173 0.635086
    outer loop
      vertex 3.61132 121.437 17.6
      vertex 4.43538 121.989 16.4
      vertex 3.61079 121.438 17.6
    endloop
  endfacet
  facet normal 0.11427 0.762608 0.636688
    outer loop
      vertex 5.1354 121.521 16.4
      vertex 4.94281 120.548 17.6
      vertex 5.24218 121.505 16.4
    endloop
  endfacet
  facet normal 0 0.776747 0.629813
    outer loop
      vertex 4.94281 120.548 17.6
      vertex 5.1354 121.521 16.4
      vertex 4.94192 120.548 17.6
    endloop
  endfacet
  facet normal 0.185819 0.748349 0.636746
    outer loop
      vertex 5.03069 121.547 16.4
      vertex 4.94192 120.548 17.6
      vertex 5.1354 121.521 16.4
    endloop
  endfacet
  facet normal 0.650451 0.559388 0.513808
    outer loop
      vertex 4.94192 120.548 17.6
      vertex 5.03069 121.547 16.4
      vertex 4.94106 120.549 17.6
    endloop
  endfacet
  facet normal 0.328827 0.697613 0.63656
    outer loop
      vertex 4.83146 121.63 16.4
      vertex 4.36477 120.755 17.6
      vertex 4.92905 121.584 16.4
    endloop
  endfacet
  facet normal 0 0.808008 0.589172
    outer loop
      vertex 4.36477 120.755 17.6
      vertex 4.83146 121.63 16.4
      vertex 4.36396 120.755 17.6
    endloop
  endfacet
  facet normal 0.33155 -0.696105 0.636798
    outer loop
      vertex 4.92905 123.616 16.4
      vertex 4.54953 124.533 17.6
      vertex 4.36477 124.445 17.6
    endloop
  endfacet
  facet normal 0.26031 -0.725963 0.636566
    outer loop
      vertex 5.03069 123.653 16.4
      vertex 4.7428 124.602 17.6
      vertex 4.55037 124.533 17.6
    endloop
  endfacet
  facet normal 0.459948 -0.618894 0.636724
    outer loop
      vertex 4.65217 123.45 16.4
      vertex 4.18718 124.339 17.6
      vertex 4.02302 124.217 17.6
    endloop
  endfacet
  facet normal 0.515957 -0.573214 0.636564
    outer loop
      vertex 3.87158 124.08 17.6
      vertex 4.57218 123.378 16.4
      vertex 4.65217 123.45 16.4
    endloop
  endfacet
  facet normal 0.648699 -0.428141 0.629194
    outer loop
      vertex 4.57218 123.378 16.4
      vertex 3.87158 124.08 17.6
      vertex 3.87092 124.079 17.6
    endloop
  endfacet
  facet normal 0.661156 -0.396996 0.636606
    outer loop
      vertex 4.43538 123.211 16.4
      vertex 3.61079 123.762 17.6
      vertex 3.50571 123.587 17.6
    endloop
  endfacet
  facet normal 0.6201 -0.458375 0.636685
    outer loop
      vertex 3.61132 123.763 17.6
      vertex 4.43538 123.211 16.4
      vertex 4.49969 123.298 16.4
    endloop
  endfacet
  facet normal 0.682509 -0.36173 0.635086
    outer loop
      vertex 4.43538 123.211 16.4
      vertex 3.61132 123.763 17.6
      vertex 3.61079 123.762 17.6
    endloop
  endfacet
  facet normal 0.753093 -0.15815 0.638623
    outer loop
      vertex 3.29846 123.008 17.6
      vertex 4.29737 122.919 16.4
      vertex 3.29867 123.009 17.6
    endloop
  endfacet
  facet normal 0.747846 -0.188615 0.636515
    outer loop
      vertex 4.29737 122.919 16.4
      vertex 3.29846 123.008 17.6
      vertex 4.27114 122.815 16.4
    endloop
  endfacet
  facet normal 0.748019 -0.187609 0.636609
    outer loop
      vertex 4.29737 122.919 16.4
      vertex 3.34833 123.207 17.6
      vertex 3.29867 123.009 17.6
    endloop
  endfacet
  facet normal 0 -0.953571 0.301169
    outer loop
      vertex 3.41719 123.4 17.6
      vertex 4.33373 123.021 16.4
      vertex 3.41749 123.4 17.6
    endloop
  endfacet
  facet normal 0.726415 -0.258946 0.636607
    outer loop
      vertex 4.33373 123.021 16.4
      vertex 3.41719 123.4 17.6
      vertex 4.29737 122.919 16.4
    endloop
  endfacet
  facet normal 0.726329 -0.259145 0.636624
    outer loop
      vertex 4.29737 122.919 16.4
      vertex 3.41719 123.4 17.6
      vertex 3.34833 123.207 17.6
    endloop
  endfacet
  facet normal -0.0357271 -0.770419 0.636537
    outer loop
      vertex 5.45782 123.695 16.4
      vertex 5.55413 124.682 17.6
      vertex 5.35 123.7 16.4
    endloop
  endfacet
  facet normal 0 -0.77232 0.635233
    outer loop
      vertex 5.55413 124.682 17.6
      vertex 5.45782 123.695 16.4
      vertex 5.55503 124.682 17.6
    endloop
  endfacet
  facet normal -0.263732 -0.724479 0.636848
    outer loop
      vertex 5.77095 123.616 16.4
      vertex 6.14963 124.533 17.6
      vertex 5.66931 123.653 16.4
    endloop
  endfacet
  facet normal 0 -0.794565 0.60718
    outer loop
      vertex 6.14963 124.533 17.6
      vertex 5.77095 123.616 16.4
      vertex 6.15047 124.533 17.6
    endloop
  endfacet
  facet normal -0.328827 -0.697613 0.63656
    outer loop
      vertex 5.86854 123.57 16.4
      vertex 6.33523 124.445 17.6
      vertex 5.77095 123.616 16.4
    endloop
  endfacet
  facet normal 0 -0.808008 0.589172
    outer loop
      vertex 6.33523 124.445 17.6
      vertex 5.86854 123.57 16.4
      vertex 6.33604 124.445 17.6
    endloop
  endfacet
  facet normal -0.697389 -0.329394 0.636513
    outer loop
      vertex 7.28251 123.4 17.6
      vertex 7.19513 123.585 17.6
      vertex 6.36627 123.021 16.4
    endloop
  endfacet
  facet normal -0.726329 -0.259145 0.636624
    outer loop
      vertex 7.35167 123.207 17.6
      vertex 7.28281 123.4 17.6
      vertex 6.40263 122.919 16.4
    endloop
  endfacet
  facet normal -0.669049 -0.401429 0.625483
    outer loop
      vertex 6.12782 123.378 16.4
      vertex 6.82968 124.078 17.6
      vertex 6.82908 124.079 17.6
    endloop
  endfacet
  facet normal -0.571583 -0.517925 0.636432
    outer loop
      vertex 6.82968 124.078 17.6
      vertex 6.12782 123.378 16.4
      vertex 6.20031 123.298 16.4
    endloop
  endfacet
  facet normal -0.661156 -0.396996 0.636606
    outer loop
      vertex 7.19429 123.587 17.6
      vertex 7.08921 123.762 17.6
      vertex 6.26462 123.211 16.4
    endloop
  endfacet
  facet normal -0.648699 -0.428141 0.629194
    outer loop
      vertex 6.82842 124.08 17.6
      vertex 6.12782 123.378 16.4
      vertex 6.82908 124.079 17.6
    endloop
  endfacet
  facet normal -0.515957 -0.573214 0.636564
    outer loop
      vertex 6.12782 123.378 16.4
      vertex 6.82842 124.08 17.6
      vertex 6.04783 123.45 16.4
    endloop
  endfacet
  facet normal -0.517306 -0.57183 0.636714
    outer loop
      vertex 6.82842 124.08 17.6
      vertex 6.67698 124.217 17.6
      vertex 6.04783 123.45 16.4
    endloop
  endfacet
  facet normal 0 0.776747 0.629813
    outer loop
      vertex 5.5646 121.521 16.4
      vertex 5.75719 120.548 17.6
      vertex 5.75808 120.548 17.6
    endloop
  endfacet
  facet normal -0.11427 0.762608 0.636688
    outer loop
      vertex 5.75719 120.548 17.6
      vertex 5.5646 121.521 16.4
      vertex 5.45782 121.505 16.4
    endloop
  endfacet
  facet normal 0 0.808008 0.589172
    outer loop
      vertex 5.86854 121.63 16.4
      vertex 6.33523 120.755 17.6
      vertex 6.33604 120.755 17.6
    endloop
  endfacet
  facet normal -0.328827 0.697613 0.63656
    outer loop
      vertex 6.33523 120.755 17.6
      vertex 5.86854 121.63 16.4
      vertex 5.77095 121.584 16.4
    endloop
  endfacet
  facet normal 0.76292 0.112941 0.636551
    outer loop
      vertex 3.29833 122.193 17.6
      vertex 4.27114 122.385 16.4
      vertex 4.2553 122.492 16.4
    endloop
  endfacet
  facet normal 0.765111 0.0994644 0.63617
    outer loop
      vertex 4.27114 122.385 16.4
      vertex 3.29833 122.193 17.6
      vertex 3.29846 122.192 17.6
    endloop
  endfacet
  facet normal 0.697787 0.328672 0.636449
    outer loop
      vertex 3.50487 121.615 17.6
      vertex 4.37989 122.081 16.4
      vertex 4.33373 122.179 16.4
    endloop
  endfacet
  facet normal 0.72299 0.274736 0.633881
    outer loop
      vertex 4.37989 122.081 16.4
      vertex 3.50487 121.615 17.6
      vertex 3.50525 121.614 17.6
    endloop
  endfacet
  facet normal 0.515957 0.573214 0.636564
    outer loop
      vertex 4.57218 121.822 16.4
      vertex 3.87158 121.12 17.6
      vertex 4.65217 121.75 16.4
    endloop
  endfacet
  facet normal 0.648699 0.428141 0.629194
    outer loop
      vertex 3.87158 121.12 17.6
      vertex 4.57218 121.822 16.4
      vertex 3.87092 121.121 17.6
    endloop
  endfacet
  facet normal 0.570727 0.518757 0.636524
    outer loop
      vertex 3.87032 121.122 17.6
      vertex 4.49969 121.902 16.4
      vertex 3.73307 121.273 17.6
    endloop
  endfacet
  facet normal 0 -0.776747 0.629813
    outer loop
      vertex 5.1354 123.679 16.4
      vertex 4.94281 124.652 17.6
      vertex 4.94192 124.652 17.6
    endloop
  endfacet
  facet normal 0.11427 -0.762608 0.636688
    outer loop
      vertex 4.94281 124.652 17.6
      vertex 5.1354 123.679 16.4
      vertex 5.24218 123.695 16.4
    endloop
  endfacet
  facet normal 0 -0.808008 0.589172
    outer loop
      vertex 4.83146 123.57 16.4
      vertex 4.36477 124.445 17.6
      vertex 4.36396 124.445 17.6
    endloop
  endfacet
  facet normal 0.328827 -0.697613 0.63656
    outer loop
      vertex 4.36477 124.445 17.6
      vertex 4.83146 123.57 16.4
      vertex 4.92905 123.616 16.4
    endloop
  endfacet
  facet normal 0 -0.824362 0.566062
    outer loop
      vertex 4.18718 124.339 17.6
      vertex 4.73887 123.515 16.4
      vertex 4.18789 124.339 17.6
    endloop
  endfacet
  facet normal 0.462668 -0.617128 0.636469
    outer loop
      vertex 4.73887 123.515 16.4
      vertex 4.18718 124.339 17.6
      vertex 4.65217 123.45 16.4
    endloop
  endfacet
  facet normal 0.39635 -0.661753 0.636388
    outer loop
      vertex 4.73887 123.515 16.4
      vertex 4.3632 124.444 17.6
      vertex 4.18789 124.339 17.6
    endloop
  endfacet
  facet normal 0.72299 -0.274736 0.633881
    outer loop
      vertex 3.50487 123.585 17.6
      vertex 4.37989 123.119 16.4
      vertex 3.50525 123.586 17.6
    endloop
  endfacet
  facet normal 0.697787 -0.328672 0.636449
    outer loop
      vertex 4.37989 123.119 16.4
      vertex 3.50487 123.585 17.6
      vertex 4.33373 123.021 16.4
    endloop
  endfacet
  facet normal -0.396367 -0.661744 0.636386
    outer loop
      vertex 6.5121 124.339 17.6
      vertex 6.3368 124.444 17.6
      vertex 5.96113 123.515 16.4
    endloop
  endfacet
  facet normal 0 -0.824362 0.566062
    outer loop
      vertex 5.96113 123.515 16.4
      vertex 6.51282 124.339 17.6
      vertex 6.5121 124.339 17.6
    endloop
  endfacet
  facet normal -0.462668 -0.617128 0.636469
    outer loop
      vertex 6.51282 124.339 17.6
      vertex 5.96113 123.515 16.4
      vertex 6.04783 123.45 16.4
    endloop
  endfacet
  facet normal -0.185819 -0.748349 0.636746
    outer loop
      vertex 5.66931 123.653 16.4
      vertex 5.75808 124.652 17.6
      vertex 5.5646 123.679 16.4
    endloop
  endfacet
  facet normal -0.650451 -0.559388 0.513808
    outer loop
      vertex 5.75808 124.652 17.6
      vertex 5.66931 123.653 16.4
      vertex 5.75894 124.651 17.6
    endloop
  endfacet
  facet normal -0.11427 -0.762608 0.636688
    outer loop
      vertex 5.5646 123.679 16.4
      vertex 5.75719 124.652 17.6
      vertex 5.45782 123.695 16.4
    endloop
  endfacet
  facet normal 0 -0.776747 0.629813
    outer loop
      vertex 5.75719 124.652 17.6
      vertex 5.5646 123.679 16.4
      vertex 5.75808 124.652 17.6
    endloop
  endfacet
  facet normal 0 -0.77232 0.635233
    outer loop
      vertex 5.24218 123.695 16.4
      vertex 5.14587 124.682 17.6
      vertex 5.14497 124.682 17.6
    endloop
  endfacet
  facet normal 0.0357271 -0.770419 0.636537
    outer loop
      vertex 5.14587 124.682 17.6
      vertex 5.24218 123.695 16.4
      vertex 5.35 123.7 16.4
    endloop
  endfacet
  facet normal -0.18505 -0.748733 0.636518
    outer loop
      vertex 5.9572 124.602 17.6
      vertex 5.75894 124.651 17.6
      vertex 5.66931 123.653 16.4
    endloop
  endfacet
  facet normal -0.26031 -0.725963 0.636566
    outer loop
      vertex 6.14963 124.533 17.6
      vertex 5.9572 124.602 17.6
      vertex 5.66931 123.653 16.4
    endloop
  endfacet
  facet normal -0.33155 -0.696105 0.636798
    outer loop
      vertex 6.33523 124.445 17.6
      vertex 6.15047 124.533 17.6
      vertex 5.77095 123.616 16.4
    endloop
  endfacet
  facet normal -0.765111 -0.0994644 0.63617
    outer loop
      vertex 6.42886 122.815 16.4
      vertex 7.40167 123.007 17.6
      vertex 7.40154 123.008 17.6
    endloop
  endfacet
  facet normal -0.76292 -0.112941 0.636551
    outer loop
      vertex 7.40167 123.007 17.6
      vertex 6.42886 122.815 16.4
      vertex 6.4447 122.708 16.4
    endloop
  endfacet
  facet normal -0.72299 -0.274736 0.633881
    outer loop
      vertex 6.32011 123.119 16.4
      vertex 7.19513 123.585 17.6
      vertex 7.19475 123.586 17.6
    endloop
  endfacet
  facet normal -0.697787 -0.328672 0.636449
    outer loop
      vertex 7.19513 123.585 17.6
      vertex 6.32011 123.119 16.4
      vertex 6.36627 123.021 16.4
    endloop
  endfacet
  facet normal -0.619237 -0.459708 0.636564
    outer loop
      vertex 7.08868 123.763 17.6
      vertex 6.96693 123.927 17.6
      vertex 6.20031 123.298 16.4
    endloop
  endfacet
  facet normal -0.682509 -0.36173 0.635086
    outer loop
      vertex 7.08868 123.763 17.6
      vertex 6.26462 123.211 16.4
      vertex 7.08921 123.762 17.6
    endloop
  endfacet
  facet normal -0.6201 -0.458375 0.636685
    outer loop
      vertex 6.26462 123.211 16.4
      vertex 7.08868 123.763 17.6
      vertex 6.20031 123.298 16.4
    endloop
  endfacet
  facet normal 0.571583 0.517925 0.636432
    outer loop
      vertex 3.87032 121.122 17.6
      vertex 4.57218 121.822 16.4
      vertex 4.49969 121.902 16.4
    endloop
  endfacet
  facet normal 0.669049 0.401429 0.625483
    outer loop
      vertex 4.57218 121.822 16.4
      vertex 3.87032 121.122 17.6
      vertex 3.87092 121.121 17.6
    endloop
  endfacet
  facet normal -0.393779 -0.662909 0.636781
    outer loop
      vertex 5.96113 123.515 16.4
      vertex 6.33604 124.445 17.6
      vertex 5.86854 123.57 16.4
    endloop
  endfacet
  facet normal -0.646824 -0.491586 0.583063
    outer loop
      vertex 6.33604 124.445 17.6
      vertex 5.96113 123.515 16.4
      vertex 6.3368 124.444 17.6
    endloop
  endfacet
  facet normal 0.0377305 -0.770194 0.636693
    outer loop
      vertex 5.35 123.7 16.4
      vertex 5.35 124.692 17.6
      vertex 5.14587 124.682 17.6
    endloop
  endfacet
  facet normal -0.0377305 -0.770194 0.636693
    outer loop
      vertex 5.55413 124.682 17.6
      vertex 5.35 124.692 17.6
      vertex 5.35 123.7 16.4
    endloop
  endfacet
  facet normal -0.998798 -0.0490151 0
    outer loop
      vertex 36.45 122.6 5.6
      vertex 36.4447 122.708 16.4
      vertex 36.4447 122.708 5.6
    endloop
  endfacet
  facet normal -0.998798 -0.0490151 0
    outer loop
      vertex 36.4447 122.708 16.4
      vertex 36.45 122.6 5.6
      vertex 36.45 122.6 16.4
    endloop
  endfacet
  facet normal 0.998798 -0.0490151 0
    outer loop
      vertex 34.25 122.6 16.4
      vertex 34.2553 122.708 5.6
      vertex 34.2553 122.708 16.4
    endloop
  endfacet
  facet normal 0.998798 -0.0490151 0
    outer loop
      vertex 34.2553 122.708 5.6
      vertex 34.25 122.6 16.4
      vertex 34.25 122.6 5.6
    endloop
  endfacet
  facet normal 0.0463324 -0.998926 0
    outer loop
      vertex 35.2422 123.695 5.6
      vertex 35.35 123.7 16.4
      vertex 35.2422 123.695 16.4
    endloop
  endfacet
  facet normal 0.0463324 -0.998926 0
    outer loop
      vertex 35.35 123.7 16.4
      vertex 35.2422 123.695 5.6
      vertex 35.35 123.7 5.6
    endloop
  endfacet
  facet normal -0.0463324 0.998926 0
    outer loop
      vertex 35.4578 121.505 5.6
      vertex 35.35 121.5 16.4
      vertex 35.4578 121.505 16.4
    endloop
  endfacet
  facet normal -0.0463324 0.998926 0
    outer loop
      vertex 35.35 121.5 16.4
      vertex 35.4578 121.505 5.6
      vertex 35.35 121.5 5.6
    endloop
  endfacet
  facet normal -0.668965 -0.743294 0
    outer loop
      vertex 36.0478 123.45 5.6
      vertex 36.1278 123.378 16.4
      vertex 36.0478 123.45 16.4
    endloop
  endfacet
  facet normal -0.668965 -0.743294 -0
    outer loop
      vertex 36.1278 123.378 16.4
      vertex 36.0478 123.45 5.6
      vertex 36.1278 123.378 5.6
    endloop
  endfacet
  facet normal 0.740987 -0.671519 0
    outer loop
      vertex 34.4997 123.298 16.4
      vertex 34.5722 123.378 5.6
      vertex 34.5722 123.378 16.4
    endloop
  endfacet
  facet normal 0.740987 -0.671519 0
    outer loop
      vertex 34.5722 123.378 5.6
      vertex 34.4997 123.298 16.4
      vertex 34.4997 123.298 5.6
    endloop
  endfacet
  facet normal 0.426333 -0.904566 0
    outer loop
      vertex 34.8315 123.57 5.6
      vertex 34.9291 123.616 16.4
      vertex 34.8315 123.57 16.4
    endloop
  endfacet
  facet normal 0.426333 -0.904566 0
    outer loop
      vertex 34.9291 123.616 16.4
      vertex 34.8315 123.57 5.6
      vertex 34.9291 123.616 5.6
    endloop
  endfacet
  facet normal -0.904526 -0.426419 0
    outer loop
      vertex 36.3663 123.021 5.6
      vertex 36.3201 123.119 16.4
      vertex 36.3201 123.119 5.6
    endloop
  endfacet
  facet normal -0.904526 -0.426419 0
    outer loop
      vertex 36.3201 123.119 16.4
      vertex 36.3663 123.021 5.6
      vertex 36.3663 123.021 16.4
    endloop
  endfacet
  facet normal -0.341891 -0.939739 0
    outer loop
      vertex 35.6693 123.653 5.6
      vertex 35.771 123.616 16.4
      vertex 35.6693 123.653 16.4
    endloop
  endfacet
  facet normal -0.341891 -0.939739 -0
    outer loop
      vertex 35.771 123.616 16.4
      vertex 35.6693 123.653 5.6
      vertex 35.771 123.616 5.6
    endloop
  endfacet
  facet normal -0.510667 -0.859778 0
    outer loop
      vertex 35.8685 123.57 5.6
      vertex 35.9611 123.515 16.4
      vertex 35.8685 123.57 16.4
    endloop
  endfacet
  facet normal -0.510667 -0.859778 -0
    outer loop
      vertex 35.9611 123.515 16.4
      vertex 35.8685 123.57 5.6
      vertex 35.9611 123.515 5.6
    endloop
  endfacet
  facet normal 0.904526 -0.426419 0
    outer loop
      vertex 34.3337 123.021 16.4
      vertex 34.3799 123.119 5.6
      vertex 34.3799 123.119 16.4
    endloop
  endfacet
  facet normal 0.904526 -0.426419 0
    outer loop
      vertex 34.3799 123.119 5.6
      vertex 34.3337 123.021 16.4
      vertex 34.3337 123.021 5.6
    endloop
  endfacet
  facet normal 0.856259 -0.516547 0
    outer loop
      vertex 34.3799 123.119 16.4
      vertex 34.4354 123.211 5.6
      vertex 34.4354 123.211 16.4
    endloop
  endfacet
  facet normal 0.856259 -0.516547 0
    outer loop
      vertex 34.4354 123.211 5.6
      vertex 34.3799 123.119 16.4
      vertex 34.3799 123.119 5.6
    endloop
  endfacet
  facet normal 0.241009 -0.970523 0
    outer loop
      vertex 35.0307 123.653 5.6
      vertex 35.1354 123.679 16.4
      vertex 35.0307 123.653 16.4
    endloop
  endfacet
  facet normal 0.241009 -0.970523 0
    outer loop
      vertex 35.1354 123.679 16.4
      vertex 35.0307 123.653 5.6
      vertex 35.1354 123.679 5.6
    endloop
  endfacet
  facet normal -0.341891 0.939739 0
    outer loop
      vertex 35.771 121.584 5.6
      vertex 35.6693 121.547 16.4
      vertex 35.771 121.584 16.4
    endloop
  endfacet
  facet normal -0.341891 0.939739 0
    outer loop
      vertex 35.6693 121.547 16.4
      vertex 35.771 121.584 5.6
      vertex 35.6693 121.547 5.6
    endloop
  endfacet
  facet normal -0.969481 -0.245167 0
    outer loop
      vertex 36.4289 122.815 5.6
      vertex 36.4026 122.919 16.4
      vertex 36.4026 122.919 5.6
    endloop
  endfacet
  facet normal -0.969481 -0.245167 0
    outer loop
      vertex 36.4026 122.919 16.4
      vertex 36.4289 122.815 5.6
      vertex 36.4289 122.815 16.4
    endloop
  endfacet
  facet normal -0.989273 -0.14608 0
    outer loop
      vertex 36.4447 122.708 5.6
      vertex 36.4289 122.815 16.4
      vertex 36.4289 122.815 5.6
    endloop
  endfacet
  facet normal -0.989273 -0.14608 0
    outer loop
      vertex 36.4289 122.815 16.4
      vertex 36.4447 122.708 5.6
      vertex 36.4447 122.708 16.4
    endloop
  endfacet
  facet normal -0.942117 -0.335283 0
    outer loop
      vertex 36.4026 122.919 5.6
      vertex 36.3663 123.021 16.4
      vertex 36.3663 123.021 5.6
    endloop
  endfacet
  facet normal -0.942117 -0.335283 0
    outer loop
      vertex 36.3663 123.021 16.4
      vertex 36.4026 122.919 5.6
      vertex 36.4026 122.919 16.4
    endloop
  endfacet
  facet normal -0.804195 -0.594365 0
    outer loop
      vertex 36.2646 123.211 5.6
      vertex 36.2003 123.298 16.4
      vertex 36.2003 123.298 5.6
    endloop
  endfacet
  facet normal -0.804195 -0.594365 0
    outer loop
      vertex 36.2003 123.298 16.4
      vertex 36.2646 123.211 5.6
      vertex 36.2646 123.211 16.4
    endloop
  endfacet
  facet normal -0.740987 -0.671519 0
    outer loop
      vertex 36.2003 123.298 5.6
      vertex 36.1278 123.378 16.4
      vertex 36.1278 123.378 5.6
    endloop
  endfacet
  facet normal -0.740987 -0.671519 0
    outer loop
      vertex 36.1278 123.378 16.4
      vertex 36.2003 123.298 5.6
      vertex 36.2003 123.298 16.4
    endloop
  endfacet
  facet normal -0.148159 -0.988964 0
    outer loop
      vertex 35.4578 123.695 5.6
      vertex 35.5646 123.679 16.4
      vertex 35.4578 123.695 16.4
    endloop
  endfacet
  facet normal -0.148159 -0.988964 -0
    outer loop
      vertex 35.5646 123.679 16.4
      vertex 35.4578 123.695 5.6
      vertex 35.5646 123.679 5.6
    endloop
  endfacet
  facet normal -0.0463324 -0.998926 0
    outer loop
      vertex 35.35 123.7 5.6
      vertex 35.4578 123.695 16.4
      vertex 35.35 123.7 16.4
    endloop
  endfacet
  facet normal -0.0463324 -0.998926 -0
    outer loop
      vertex 35.4578 123.695 16.4
      vertex 35.35 123.7 5.6
      vertex 35.4578 123.695 5.6
    endloop
  endfacet
  facet normal -0.42669 -0.904398 0
    outer loop
      vertex 35.771 123.616 5.6
      vertex 35.8685 123.57 16.4
      vertex 35.771 123.616 16.4
    endloop
  endfacet
  facet normal -0.42669 -0.904398 -0
    outer loop
      vertex 35.8685 123.57 16.4
      vertex 35.771 123.616 5.6
      vertex 35.8685 123.57 5.6
    endloop
  endfacet
  facet normal -0.599852 -0.800111 0
    outer loop
      vertex 35.9611 123.515 5.6
      vertex 36.0478 123.45 16.4
      vertex 35.9611 123.515 16.4
    endloop
  endfacet
  facet normal -0.599852 -0.800111 -0
    outer loop
      vertex 36.0478 123.45 16.4
      vertex 35.9611 123.515 5.6
      vertex 36.0478 123.45 5.6
    endloop
  endfacet
  facet normal 0.942117 -0.335283 0
    outer loop
      vertex 34.2974 122.919 16.4
      vertex 34.3337 123.021 5.6
      vertex 34.3337 123.021 16.4
    endloop
  endfacet
  facet normal 0.942117 -0.335283 0
    outer loop
      vertex 34.3337 123.021 5.6
      vertex 34.2974 122.919 16.4
      vertex 34.2974 122.919 5.6
    endloop
  endfacet
  facet normal 0.969481 -0.245167 0
    outer loop
      vertex 34.2711 122.815 16.4
      vertex 34.2974 122.919 5.6
      vertex 34.2974 122.919 16.4
    endloop
  endfacet
  facet normal 0.969481 -0.245167 0
    outer loop
      vertex 34.2974 122.919 5.6
      vertex 34.2711 122.815 16.4
      vertex 34.2711 122.815 5.6
    endloop
  endfacet
  facet normal 0.989273 -0.14608 0
    outer loop
      vertex 34.2553 122.708 16.4
      vertex 34.2711 122.815 5.6
      vertex 34.2711 122.815 16.4
    endloop
  endfacet
  facet normal 0.989273 -0.14608 0
    outer loop
      vertex 34.2711 122.815 5.6
      vertex 34.2553 122.708 16.4
      vertex 34.2553 122.708 5.6
    endloop
  endfacet
  facet normal 0.599852 -0.800111 0
    outer loop
      vertex 34.6522 123.45 5.6
      vertex 34.7389 123.515 16.4
      vertex 34.6522 123.45 16.4
    endloop
  endfacet
  facet normal 0.599852 -0.800111 0
    outer loop
      vertex 34.7389 123.515 16.4
      vertex 34.6522 123.45 5.6
      vertex 34.7389 123.515 5.6
    endloop
  endfacet
  facet normal 0.342189 -0.939631 0
    outer loop
      vertex 34.9291 123.616 5.6
      vertex 35.0307 123.653 16.4
      vertex 34.9291 123.616 16.4
    endloop
  endfacet
  facet normal 0.342189 -0.939631 0
    outer loop
      vertex 35.0307 123.653 16.4
      vertex 34.9291 123.616 5.6
      vertex 35.0307 123.653 5.6
    endloop
  endfacet
  facet normal 0.148159 -0.988964 0
    outer loop
      vertex 35.1354 123.679 5.6
      vertex 35.2422 123.695 16.4
      vertex 35.1354 123.679 16.4
    endloop
  endfacet
  facet normal 0.148159 -0.988964 0
    outer loop
      vertex 35.2422 123.695 16.4
      vertex 35.1354 123.679 5.6
      vertex 35.2422 123.695 5.6
    endloop
  endfacet
  facet normal -0.998798 0.0490151 0
    outer loop
      vertex 36.4447 122.492 5.6
      vertex 36.45 122.6 16.4
      vertex 36.45 122.6 5.6
    endloop
  endfacet
  facet normal -0.998798 0.0490151 0
    outer loop
      vertex 36.45 122.6 16.4
      vertex 36.4447 122.492 5.6
      vertex 36.4447 122.492 16.4
    endloop
  endfacet
  facet normal -0.740987 0.671519 0
    outer loop
      vertex 36.1278 121.822 5.6
      vertex 36.2003 121.902 16.4
      vertex 36.2003 121.902 5.6
    endloop
  endfacet
  facet normal -0.740987 0.671519 0
    outer loop
      vertex 36.2003 121.902 16.4
      vertex 36.1278 121.822 5.6
      vertex 36.1278 121.822 16.4
    endloop
  endfacet
  facet normal 0.342189 0.939631 -0
    outer loop
      vertex 35.0307 121.547 5.6
      vertex 34.9291 121.584 16.4
      vertex 35.0307 121.547 16.4
    endloop
  endfacet
  facet normal 0.342189 0.939631 0
    outer loop
      vertex 34.9291 121.584 16.4
      vertex 35.0307 121.547 5.6
      vertex 34.9291 121.584 5.6
    endloop
  endfacet
  facet normal 0.904526 0.426419 0
    outer loop
      vertex 34.3799 122.081 16.4
      vertex 34.3337 122.179 5.6
      vertex 34.3337 122.179 16.4
    endloop
  endfacet
  facet normal 0.904526 0.426419 0
    outer loop
      vertex 34.3337 122.179 5.6
      vertex 34.3799 122.081 16.4
      vertex 34.3799 122.081 5.6
    endloop
  endfacet
  facet normal -0.42669 0.904398 0
    outer loop
      vertex 35.8685 121.63 5.6
      vertex 35.771 121.584 16.4
      vertex 35.8685 121.63 16.4
    endloop
  endfacet
  facet normal -0.42669 0.904398 0
    outer loop
      vertex 35.771 121.584 16.4
      vertex 35.8685 121.63 5.6
      vertex 35.771 121.584 5.6
    endloop
  endfacet
  facet normal -0.856259 -0.516547 0
    outer loop
      vertex 36.3201 123.119 5.6
      vertex 36.2646 123.211 16.4
      vertex 36.2646 123.211 5.6
    endloop
  endfacet
  facet normal -0.856259 -0.516547 0
    outer loop
      vertex 36.2646 123.211 16.4
      vertex 36.3201 123.119 5.6
      vertex 36.3201 123.119 16.4
    endloop
  endfacet
  facet normal -0.241009 -0.970523 0
    outer loop
      vertex 35.5646 123.679 5.6
      vertex 35.6693 123.653 16.4
      vertex 35.5646 123.679 16.4
    endloop
  endfacet
  facet normal -0.241009 -0.970523 -0
    outer loop
      vertex 35.6693 123.653 16.4
      vertex 35.5646 123.679 5.6
      vertex 35.6693 123.653 5.6
    endloop
  endfacet
  facet normal 0.804195 -0.594365 0
    outer loop
      vertex 34.4354 123.211 16.4
      vertex 34.4997 123.298 5.6
      vertex 34.4997 123.298 16.4
    endloop
  endfacet
  facet normal 0.804195 -0.594365 0
    outer loop
      vertex 34.4997 123.298 5.6
      vertex 34.4354 123.211 16.4
      vertex 34.4354 123.211 5.6
    endloop
  endfacet
  facet normal 0.668965 -0.743294 0
    outer loop
      vertex 34.5722 123.378 5.6
      vertex 34.6522 123.45 16.4
      vertex 34.5722 123.378 16.4
    endloop
  endfacet
  facet normal 0.668965 -0.743294 0
    outer loop
      vertex 34.6522 123.45 16.4
      vertex 34.5722 123.378 5.6
      vertex 34.6522 123.45 5.6
    endloop
  endfacet
  facet normal 0.510667 -0.859778 0
    outer loop
      vertex 34.7389 123.515 5.6
      vertex 34.8315 123.57 16.4
      vertex 34.7389 123.515 16.4
    endloop
  endfacet
  facet normal 0.510667 -0.859778 0
    outer loop
      vertex 34.8315 123.57 16.4
      vertex 34.7389 123.515 5.6
      vertex 34.8315 123.57 5.6
    endloop
  endfacet
  facet normal -0.969481 0.245167 0
    outer loop
      vertex 36.4026 122.281 5.6
      vertex 36.4289 122.385 16.4
      vertex 36.4289 122.385 5.6
    endloop
  endfacet
  facet normal -0.969481 0.245167 0
    outer loop
      vertex 36.4289 122.385 16.4
      vertex 36.4026 122.281 5.6
      vertex 36.4026 122.281 16.4
    endloop
  endfacet
  facet normal -0.989273 0.14608 0
    outer loop
      vertex 36.4289 122.385 5.6
      vertex 36.4447 122.492 16.4
      vertex 36.4447 122.492 5.6
    endloop
  endfacet
  facet normal -0.989273 0.14608 0
    outer loop
      vertex 36.4447 122.492 16.4
      vertex 36.4289 122.385 5.6
      vertex 36.4289 122.385 16.4
    endloop
  endfacet
  facet normal -0.668965 0.743294 0
    outer loop
      vertex 36.1278 121.822 5.6
      vertex 36.0478 121.75 16.4
      vertex 36.1278 121.822 16.4
    endloop
  endfacet
  facet normal -0.668965 0.743294 0
    outer loop
      vertex 36.0478 121.75 16.4
      vertex 36.1278 121.822 5.6
      vertex 36.0478 121.75 5.6
    endloop
  endfacet
  facet normal -0.904526 0.426419 0
    outer loop
      vertex 36.3201 122.081 5.6
      vertex 36.3663 122.179 16.4
      vertex 36.3663 122.179 5.6
    endloop
  endfacet
  facet normal -0.904526 0.426419 0
    outer loop
      vertex 36.3663 122.179 16.4
      vertex 36.3201 122.081 5.6
      vertex 36.3201 122.081 16.4
    endloop
  endfacet
  facet normal -0.804195 0.594365 0
    outer loop
      vertex 36.2003 121.902 5.6
      vertex 36.2646 121.989 16.4
      vertex 36.2646 121.989 5.6
    endloop
  endfacet
  facet normal -0.804195 0.594365 0
    outer loop
      vertex 36.2646 121.989 16.4
      vertex 36.2003 121.902 5.6
      vertex 36.2003 121.902 16.4
    endloop
  endfacet
  facet normal 0.148159 0.988964 -0
    outer loop
      vertex 35.2422 121.505 5.6
      vertex 35.1354 121.521 16.4
      vertex 35.2422 121.505 16.4
    endloop
  endfacet
  facet normal 0.148159 0.988964 0
    outer loop
      vertex 35.1354 121.521 16.4
      vertex 35.2422 121.505 5.6
      vertex 35.1354 121.521 5.6
    endloop
  endfacet
  facet normal 0.740987 0.671519 0
    outer loop
      vertex 34.5722 121.822 16.4
      vertex 34.4997 121.902 5.6
      vertex 34.4997 121.902 16.4
    endloop
  endfacet
  facet normal 0.740987 0.671519 0
    outer loop
      vertex 34.4997 121.902 5.6
      vertex 34.5722 121.822 16.4
      vertex 34.5722 121.822 5.6
    endloop
  endfacet
  facet normal -0.510667 0.859778 0
    outer loop
      vertex 35.9611 121.685 5.6
      vertex 35.8685 121.63 16.4
      vertex 35.9611 121.685 16.4
    endloop
  endfacet
  facet normal -0.510667 0.859778 0
    outer loop
      vertex 35.8685 121.63 16.4
      vertex 35.9611 121.685 5.6
      vertex 35.8685 121.63 5.6
    endloop
  endfacet
  facet normal -0.599852 0.800111 0
    outer loop
      vertex 36.0478 121.75 5.6
      vertex 35.9611 121.685 16.4
      vertex 36.0478 121.75 16.4
    endloop
  endfacet
  facet normal -0.599852 0.800111 0
    outer loop
      vertex 35.9611 121.685 16.4
      vertex 36.0478 121.75 5.6
      vertex 35.9611 121.685 5.6
    endloop
  endfacet
  facet normal -0.942117 0.335283 0
    outer loop
      vertex 36.3663 122.179 5.6
      vertex 36.4026 122.281 16.4
      vertex 36.4026 122.281 5.6
    endloop
  endfacet
  facet normal -0.942117 0.335283 0
    outer loop
      vertex 36.4026 122.281 16.4
      vertex 36.3663 122.179 5.6
      vertex 36.3663 122.179 16.4
    endloop
  endfacet
  facet normal -0.856259 0.516547 0
    outer loop
      vertex 36.2646 121.989 5.6
      vertex 36.3201 122.081 16.4
      vertex 36.3201 122.081 5.6
    endloop
  endfacet
  facet normal -0.856259 0.516547 0
    outer loop
      vertex 36.3201 122.081 16.4
      vertex 36.2646 121.989 5.6
      vertex 36.2646 121.989 16.4
    endloop
  endfacet
  facet normal 0.0463324 0.998926 -0
    outer loop
      vertex 35.35 121.5 5.6
      vertex 35.2422 121.505 16.4
      vertex 35.35 121.5 16.4
    endloop
  endfacet
  facet normal 0.0463324 0.998926 0
    outer loop
      vertex 35.2422 121.505 16.4
      vertex 35.35 121.5 5.6
      vertex 35.2422 121.505 5.6
    endloop
  endfacet
  facet normal 0.668965 0.743294 -0
    outer loop
      vertex 34.6522 121.75 5.6
      vertex 34.5722 121.822 16.4
      vertex 34.6522 121.75 16.4
    endloop
  endfacet
  facet normal 0.668965 0.743294 0
    outer loop
      vertex 34.5722 121.822 16.4
      vertex 34.6522 121.75 5.6
      vertex 34.5722 121.822 5.6
    endloop
  endfacet
  facet normal 0.856259 0.516547 0
    outer loop
      vertex 34.4354 121.989 16.4
      vertex 34.3799 122.081 5.6
      vertex 34.3799 122.081 16.4
    endloop
  endfacet
  facet normal 0.856259 0.516547 0
    outer loop
      vertex 34.3799 122.081 5.6
      vertex 34.4354 121.989 16.4
      vertex 34.4354 121.989 5.6
    endloop
  endfacet
  facet normal 0.942117 0.335283 0
    outer loop
      vertex 34.3337 122.179 16.4
      vertex 34.2974 122.281 5.6
      vertex 34.2974 122.281 16.4
    endloop
  endfacet
  facet normal 0.942117 0.335283 0
    outer loop
      vertex 34.2974 122.281 5.6
      vertex 34.3337 122.179 16.4
      vertex 34.3337 122.179 5.6
    endloop
  endfacet
  facet normal 0.989273 0.14608 0
    outer loop
      vertex 34.2711 122.385 16.4
      vertex 34.2553 122.492 5.6
      vertex 34.2553 122.492 16.4
    endloop
  endfacet
  facet normal 0.989273 0.14608 0
    outer loop
      vertex 34.2553 122.492 5.6
      vertex 34.2711 122.385 16.4
      vertex 34.2711 122.385 5.6
    endloop
  endfacet
  facet normal 0.998798 0.0490151 0
    outer loop
      vertex 34.2553 122.492 16.4
      vertex 34.25 122.6 5.6
      vertex 34.25 122.6 16.4
    endloop
  endfacet
  facet normal 0.998798 0.0490151 0
    outer loop
      vertex 34.25 122.6 5.6
      vertex 34.2553 122.492 16.4
      vertex 34.2553 122.492 5.6
    endloop
  endfacet
  facet normal -0.241009 0.970523 0
    outer loop
      vertex 35.6693 121.547 5.6
      vertex 35.5646 121.521 16.4
      vertex 35.6693 121.547 16.4
    endloop
  endfacet
  facet normal -0.241009 0.970523 0
    outer loop
      vertex 35.5646 121.521 16.4
      vertex 35.6693 121.547 5.6
      vertex 35.5646 121.521 5.6
    endloop
  endfacet
  facet normal -0.148159 0.988964 0
    outer loop
      vertex 35.5646 121.521 5.6
      vertex 35.4578 121.505 16.4
      vertex 35.5646 121.521 16.4
    endloop
  endfacet
  facet normal -0.148159 0.988964 0
    outer loop
      vertex 35.4578 121.505 16.4
      vertex 35.5646 121.521 5.6
      vertex 35.4578 121.505 5.6
    endloop
  endfacet
  facet normal 0.241009 0.970523 -0
    outer loop
      vertex 35.1354 121.521 5.6
      vertex 35.0307 121.547 16.4
      vertex 35.1354 121.521 16.4
    endloop
  endfacet
  facet normal 0.241009 0.970523 0
    outer loop
      vertex 35.0307 121.547 16.4
      vertex 35.1354 121.521 5.6
      vertex 35.0307 121.547 5.6
    endloop
  endfacet
  facet normal 0.599852 0.800111 -0
    outer loop
      vertex 34.7389 121.685 5.6
      vertex 34.6522 121.75 16.4
      vertex 34.7389 121.685 16.4
    endloop
  endfacet
  facet normal 0.599852 0.800111 0
    outer loop
      vertex 34.6522 121.75 16.4
      vertex 34.7389 121.685 5.6
      vertex 34.6522 121.75 5.6
    endloop
  endfacet
  facet normal 0.804195 0.594365 0
    outer loop
      vertex 34.4997 121.902 16.4
      vertex 34.4354 121.989 5.6
      vertex 34.4354 121.989 16.4
    endloop
  endfacet
  facet normal 0.804195 0.594365 0
    outer loop
      vertex 34.4354 121.989 5.6
      vertex 34.4997 121.902 16.4
      vertex 34.4997 121.902 5.6
    endloop
  endfacet
  facet normal 0.969481 0.245167 0
    outer loop
      vertex 34.2974 122.281 16.4
      vertex 34.2711 122.385 5.6
      vertex 34.2711 122.385 16.4
    endloop
  endfacet
  facet normal 0.969481 0.245167 0
    outer loop
      vertex 34.2711 122.385 5.6
      vertex 34.2974 122.281 16.4
      vertex 34.2974 122.281 5.6
    endloop
  endfacet
  facet normal 0.426333 0.904566 -0
    outer loop
      vertex 34.9291 121.584 5.6
      vertex 34.8315 121.63 16.4
      vertex 34.9291 121.584 16.4
    endloop
  endfacet
  facet normal 0.426333 0.904566 0
    outer loop
      vertex 34.8315 121.63 16.4
      vertex 34.9291 121.584 5.6
      vertex 34.8315 121.63 5.6
    endloop
  endfacet
  facet normal 0.510667 0.859778 -0
    outer loop
      vertex 34.8315 121.63 5.6
      vertex 34.7389 121.685 16.4
      vertex 34.8315 121.63 16.4
    endloop
  endfacet
  facet normal 0.510667 0.859778 0
    outer loop
      vertex 34.7389 121.685 16.4
      vertex 34.8315 121.63 5.6
      vertex 34.7389 121.685 5.6
    endloop
  endfacet
  facet normal -0.697371 0.329461 0.636498
    outer loop
      vertex 37.1951 121.615 17.6
      vertex 37.2825 121.8 17.6
      vertex 36.3663 122.179 16.4
    endloop
  endfacet
  facet normal -0.770287 -0.0377592 0.636578
    outer loop
      vertex 37.4417 122.6 17.6
      vertex 37.4317 122.804 17.6
      vertex 36.45 122.6 16.4
    endloop
  endfacet
  facet normal -0.77232 0 0.635233
    outer loop
      vertex 36.4447 122.708 16.4
      vertex 37.4317 122.804 17.6
      vertex 37.4317 122.805 17.6
    endloop
  endfacet
  facet normal -0.770283 -0.0378009 0.636581
    outer loop
      vertex 37.4317 122.804 17.6
      vertex 36.4447 122.708 16.4
      vertex 36.45 122.6 16.4
    endloop
  endfacet
  facet normal 0.619149 -0.459831 0.636561
    outer loop
      vertex 34.4997 123.298 16.4
      vertex 33.7331 123.927 17.6
      vertex 33.6113 123.763 17.6
    endloop
  endfacet
  facet normal -0.726569 0.258573 0.636583
    outer loop
      vertex 36.3663 122.179 16.4
      vertex 37.2828 121.8 17.6
      vertex 36.4026 122.281 16.4
    endloop
  endfacet
  facet normal 0 0.953571 0.301169
    outer loop
      vertex 37.2828 121.8 17.6
      vertex 36.3663 122.179 16.4
      vertex 37.2825 121.8 17.6
    endloop
  endfacet
  facet normal 0.185014 0.748742 0.636518
    outer loop
      vertex 34.9411 120.549 17.6
      vertex 35.0307 121.547 16.4
      vertex 34.7428 120.598 17.6
    endloop
  endfacet
  facet normal 0.697371 0.329461 0.636498
    outer loop
      vertex 33.5049 121.615 17.6
      vertex 34.3337 122.179 16.4
      vertex 33.4175 121.8 17.6
    endloop
  endfacet
  facet normal -0.459872 -0.618942 0.636733
    outer loop
      vertex 36.677 124.217 17.6
      vertex 36.5128 124.339 17.6
      vertex 36.0478 123.45 16.4
    endloop
  endfacet
  facet normal -0.712443 -0.284977 0.641258
    outer loop
      vertex 36.2646 123.211 16.4
      vertex 37.1947 123.586 17.6
      vertex 37.1943 123.587 17.6
    endloop
  endfacet
  facet normal -0.660465 -0.398433 0.636426
    outer loop
      vertex 37.1947 123.586 17.6
      vertex 36.2646 123.211 16.4
      vertex 36.3201 123.119 16.4
    endloop
  endfacet
  facet normal -0.770287 0.0377592 0.636578
    outer loop
      vertex 37.4317 122.396 17.6
      vertex 37.4417 122.6 17.6
      vertex 36.45 122.6 16.4
    endloop
  endfacet
  facet normal -0.748058 0.187392 0.636626
    outer loop
      vertex 37.3517 121.993 17.6
      vertex 37.4013 122.191 17.6
      vertex 36.4026 122.281 16.4
    endloop
  endfacet
  facet normal -0.726267 0.259274 0.636642
    outer loop
      vertex 37.2828 121.8 17.6
      vertex 37.3517 121.993 17.6
      vertex 36.4026 122.281 16.4
    endloop
  endfacet
  facet normal -0.697678 0.328905 0.636448
    outer loop
      vertex 36.3201 122.081 16.4
      vertex 37.1951 121.615 17.6
      vertex 36.3663 122.179 16.4
    endloop
  endfacet
  facet normal -0.717526 0.28701 0.634651
    outer loop
      vertex 37.1951 121.615 17.6
      vertex 36.3201 122.081 16.4
      vertex 37.1947 121.614 17.6
    endloop
  endfacet
  facet normal -0.770283 0.0378009 0.636581
    outer loop
      vertex 36.4447 122.492 16.4
      vertex 37.4317 122.396 17.6
      vertex 36.45 122.6 16.4
    endloop
  endfacet
  facet normal -0.77232 0 0.635233
    outer loop
      vertex 37.4317 122.396 17.6
      vertex 36.4447 122.492 16.4
      vertex 37.4317 122.395 17.6
    endloop
  endfacet
  facet normal -0.762836 0.113292 0.63659
    outer loop
      vertex 37.4017 122.193 17.6
      vertex 37.4317 122.395 17.6
      vertex 36.4447 122.492 16.4
    endloop
  endfacet
  facet normal -0.33164 0.696067 0.636793
    outer loop
      vertex 36.1505 120.667 17.6
      vertex 36.3352 120.755 17.6
      vertex 35.771 121.584 16.4
    endloop
  endfacet
  facet normal 0.462667 0.617126 0.636471
    outer loop
      vertex 34.1872 120.861 17.6
      vertex 34.7389 121.685 16.4
      vertex 34.6522 121.75 16.4
    endloop
  endfacet
  facet normal 0 0.824362 0.566062
    outer loop
      vertex 34.7389 121.685 16.4
      vertex 34.1872 120.861 17.6
      vertex 34.1879 120.861 17.6
    endloop
  endfacet
  facet normal 0.0377361 0.770193 0.636693
    outer loop
      vertex 35.35 120.508 17.6
      vertex 35.35 121.5 16.4
      vertex 35.1459 120.518 17.6
    endloop
  endfacet
  facet normal 0.396365 0.66174 0.636392
    outer loop
      vertex 34.3632 120.756 17.6
      vertex 34.7389 121.685 16.4
      vertex 34.1879 120.861 17.6
    endloop
  endfacet
  facet normal 0.676108 -0.540886 0.50032
    outer loop
      vertex 35.0307 123.653 16.4
      vertex 34.9419 124.652 17.6
      vertex 34.9411 124.651 17.6
    endloop
  endfacet
  facet normal 0.185835 -0.748343 0.636748
    outer loop
      vertex 34.9419 124.652 17.6
      vertex 35.0307 123.653 16.4
      vertex 35.1354 123.679 16.4
    endloop
  endfacet
  facet normal 0.63127 -0.505016 0.588606
    outer loop
      vertex 34.7389 123.515 16.4
      vertex 34.364 124.445 17.6
      vertex 34.3632 124.444 17.6
    endloop
  endfacet
  facet normal 0.393747 -0.662927 0.636782
    outer loop
      vertex 34.364 124.445 17.6
      vertex 34.7389 123.515 16.4
      vertex 34.8315 123.57 16.4
    endloop
  endfacet
  facet normal 0.697371 -0.329461 0.636498
    outer loop
      vertex 34.3337 123.021 16.4
      vertex 33.5049 123.585 17.6
      vertex 33.4175 123.4 17.6
    endloop
  endfacet
  facet normal 0.770287 -0.0377592 0.636578
    outer loop
      vertex 34.25 122.6 16.4
      vertex 33.2683 122.804 17.6
      vertex 33.2583 122.6 17.6
    endloop
  endfacet
  facet normal -0.754243 -0.150849 0.639032
    outer loop
      vertex 36.4026 122.919 16.4
      vertex 37.4015 123.008 17.6
      vertex 37.4013 123.009 17.6
    endloop
  endfacet
  facet normal -0.74776 -0.189097 0.636473
    outer loop
      vertex 37.4015 123.008 17.6
      vertex 36.4026 122.919 16.4
      vertex 36.4289 122.815 16.4
    endloop
  endfacet
  facet normal -0.74776 0.189097 0.636473
    outer loop
      vertex 36.4026 122.281 16.4
      vertex 37.4015 122.192 17.6
      vertex 36.4289 122.385 16.4
    endloop
  endfacet
  facet normal -0.754243 0.150849 0.639032
    outer loop
      vertex 37.4015 122.192 17.6
      vertex 36.4026 122.281 16.4
      vertex 37.4013 122.191 17.6
    endloop
  endfacet
  facet normal -0.691643 0.345822 0.634064
    outer loop
      vertex 36.2646 121.989 16.4
      vertex 37.0887 121.437 17.6
      vertex 37.0892 121.438 17.6
    endloop
  endfacet
  facet normal -0.620125 0.458322 0.636699
    outer loop
      vertex 37.0887 121.437 17.6
      vertex 36.2646 121.989 16.4
      vertex 36.2003 121.902 16.4
    endloop
  endfacet
  facet normal -0.185014 0.748742 0.636518
    outer loop
      vertex 35.7589 120.549 17.6
      vertex 35.9572 120.598 17.6
      vertex 35.6693 121.547 16.4
    endloop
  endfacet
  facet normal 0 0.77232 0.635233
    outer loop
      vertex 35.4578 121.505 16.4
      vertex 35.5541 120.518 17.6
      vertex 35.555 120.518 17.6
    endloop
  endfacet
  facet normal -0.0357337 0.770418 0.636537
    outer loop
      vertex 35.5541 120.518 17.6
      vertex 35.4578 121.505 16.4
      vertex 35.35 121.5 16.4
    endloop
  endfacet
  facet normal -0.462667 0.617126 0.636471
    outer loop
      vertex 35.9611 121.685 16.4
      vertex 36.5128 120.861 17.6
      vertex 36.0478 121.75 16.4
    endloop
  endfacet
  facet normal 0 0.824362 0.566062
    outer loop
      vertex 36.5128 120.861 17.6
      vertex 35.9611 121.685 16.4
      vertex 36.5121 120.861 17.6
    endloop
  endfacet
  facet normal -0.396365 0.66174 0.636392
    outer loop
      vertex 36.3368 120.756 17.6
      vertex 36.5121 120.861 17.6
      vertex 35.9611 121.685 16.4
    endloop
  endfacet
  facet normal -0.570822 0.518654 0.636522
    outer loop
      vertex 36.8297 121.122 17.6
      vertex 36.9669 121.273 17.6
      vertex 36.2003 121.902 16.4
    endloop
  endfacet
  facet normal 0.748058 0.187392 0.636626
    outer loop
      vertex 33.3483 121.993 17.6
      vertex 34.2974 122.281 16.4
      vertex 33.2987 122.191 17.6
    endloop
  endfacet
  facet normal 0.770283 0.0378009 0.636581
    outer loop
      vertex 33.2683 122.396 17.6
      vertex 34.2553 122.492 16.4
      vertex 34.25 122.6 16.4
    endloop
  endfacet
  facet normal 0.77232 0 0.635233
    outer loop
      vertex 34.2553 122.492 16.4
      vertex 33.2683 122.396 17.6
      vertex 33.2683 122.395 17.6
    endloop
  endfacet
  facet normal 0.661119 0.397049 0.636611
    outer loop
      vertex 33.6108 121.438 17.6
      vertex 34.4354 121.989 16.4
      vertex 33.5057 121.613 17.6
    endloop
  endfacet
  facet normal 0.619149 0.459831 0.636561
    outer loop
      vertex 33.7331 121.273 17.6
      vertex 34.4997 121.902 16.4
      vertex 33.6113 121.437 17.6
    endloop
  endfacet
  facet normal 0.459872 0.618942 0.636733
    outer loop
      vertex 34.1872 120.861 17.6
      vertex 34.6522 121.75 16.4
      vertex 34.023 120.983 17.6
    endloop
  endfacet
  facet normal 0.0357337 0.770418 0.636537
    outer loop
      vertex 35.2422 121.505 16.4
      vertex 35.1459 120.518 17.6
      vertex 35.35 121.5 16.4
    endloop
  endfacet
  facet normal 0 0.77232 0.635233
    outer loop
      vertex 35.1459 120.518 17.6
      vertex 35.2422 121.505 16.4
      vertex 35.145 120.518 17.6
    endloop
  endfacet
  facet normal 0.113181 0.76284 0.636604
    outer loop
      vertex 35.145 120.518 17.6
      vertex 35.2422 121.505 16.4
      vertex 34.9428 120.548 17.6
    endloop
  endfacet
  facet normal -0.0377361 0.770193 0.636693
    outer loop
      vertex 35.5541 120.518 17.6
      vertex 35.35 121.5 16.4
      vertex 35.35 120.508 17.6
    endloop
  endfacet
  facet normal 0.263822 0.724442 0.636853
    outer loop
      vertex 34.9291 121.584 16.4
      vertex 34.5504 120.667 17.6
      vertex 35.0307 121.547 16.4
    endloop
  endfacet
  facet normal 0 0.794565 0.60718
    outer loop
      vertex 34.5504 120.667 17.6
      vertex 34.9291 121.584 16.4
      vertex 34.5495 120.667 17.6
    endloop
  endfacet
  facet normal 0.393747 0.662927 0.636782
    outer loop
      vertex 34.7389 121.685 16.4
      vertex 34.364 120.755 17.6
      vertex 34.8315 121.63 16.4
    endloop
  endfacet
  facet normal 0.63127 0.505016 0.588606
    outer loop
      vertex 34.364 120.755 17.6
      vertex 34.7389 121.685 16.4
      vertex 34.3632 120.756 17.6
    endloop
  endfacet
  facet normal 0.331634 0.696055 0.636809
    outer loop
      vertex 34.5495 120.667 17.6
      vertex 34.9291 121.584 16.4
      vertex 34.3648 120.755 17.6
    endloop
  endfacet
  facet normal 0.260346 0.72595 0.636567
    outer loop
      vertex 34.7428 120.598 17.6
      vertex 35.0307 121.547 16.4
      vertex 34.5504 120.667 17.6
    endloop
  endfacet
  facet normal 0.517375 0.571756 0.636724
    outer loop
      vertex 34.023 120.983 17.6
      vertex 34.6522 121.75 16.4
      vertex 33.8716 121.12 17.6
    endloop
  endfacet
  facet normal 0.113181 -0.76284 0.636604
    outer loop
      vertex 35.2422 123.695 16.4
      vertex 35.145 124.682 17.6
      vertex 34.9428 124.652 17.6
    endloop
  endfacet
  facet normal 0.185014 -0.748742 0.636518
    outer loop
      vertex 35.0307 123.653 16.4
      vertex 34.9411 124.651 17.6
      vertex 34.7428 124.602 17.6
    endloop
  endfacet
  facet normal 0.669039 -0.401424 0.625496
    outer loop
      vertex 33.8703 124.078 17.6
      vertex 34.5722 123.378 16.4
      vertex 33.8709 124.079 17.6
    endloop
  endfacet
  facet normal 0.57154 -0.517958 0.636445
    outer loop
      vertex 34.5722 123.378 16.4
      vertex 33.8703 124.078 17.6
      vertex 34.4997 123.298 16.4
    endloop
  endfacet
  facet normal 0.570822 -0.518654 0.636522
    outer loop
      vertex 34.4997 123.298 16.4
      vertex 33.8703 124.078 17.6
      vertex 33.7331 123.927 17.6
    endloop
  endfacet
  facet normal 0 -0.794565 0.60718
    outer loop
      vertex 34.9291 123.616 16.4
      vertex 34.5504 124.533 17.6
      vertex 34.5495 124.533 17.6
    endloop
  endfacet
  facet normal 0.263822 -0.724442 0.636853
    outer loop
      vertex 34.5504 124.533 17.6
      vertex 34.9291 123.616 16.4
      vertex 35.0307 123.653 16.4
    endloop
  endfacet
  facet normal 0.517375 -0.571756 0.636724
    outer loop
      vertex 34.6522 123.45 16.4
      vertex 34.023 124.217 17.6
      vertex 33.8716 124.08 17.6
    endloop
  endfacet
  facet normal 0.712443 -0.284977 0.641258
    outer loop
      vertex 33.5053 123.586 17.6
      vertex 34.4354 123.211 16.4
      vertex 33.5057 123.587 17.6
    endloop
  endfacet
  facet normal 0.660465 -0.398433 0.636426
    outer loop
      vertex 34.4354 123.211 16.4
      vertex 33.5053 123.586 17.6
      vertex 34.3799 123.119 16.4
    endloop
  endfacet
  facet normal 0.77232 -0 0.635233
    outer loop
      vertex 33.2683 122.804 17.6
      vertex 34.2553 122.708 16.4
      vertex 33.2683 122.805 17.6
    endloop
  endfacet
  facet normal 0.770283 -0.0378009 0.636581
    outer loop
      vertex 34.2553 122.708 16.4
      vertex 33.2683 122.804 17.6
      vertex 34.25 122.6 16.4
    endloop
  endfacet
  facet normal 0.762836 -0.113292 0.63659
    outer loop
      vertex 34.2553 122.708 16.4
      vertex 33.2983 123.007 17.6
      vertex 33.2683 122.805 17.6
    endloop
  endfacet
  facet normal 0.75591 -0.151182 0.63698
    outer loop
      vertex 33.2983 123.007 17.6
      vertex 34.2711 122.815 16.4
      vertex 33.2985 123.008 17.6
    endloop
  endfacet
  facet normal 0.76297 -0.112663 0.63654
    outer loop
      vertex 34.2711 122.815 16.4
      vertex 33.2983 123.007 17.6
      vertex 34.2553 122.708 16.4
    endloop
  endfacet
  facet normal 0.770287 0.0377592 0.636578
    outer loop
      vertex 33.2683 122.396 17.6
      vertex 34.25 122.6 16.4
      vertex 33.2583 122.6 17.6
    endloop
  endfacet
  facet normal -0.113181 -0.76284 0.636604
    outer loop
      vertex 35.7572 124.652 17.6
      vertex 35.555 124.682 17.6
      vertex 35.4578 123.695 16.4
    endloop
  endfacet
  facet normal -0.762836 -0.113292 0.63659
    outer loop
      vertex 37.4317 122.805 17.6
      vertex 37.4017 123.007 17.6
      vertex 36.4447 122.708 16.4
    endloop
  endfacet
  facet normal -0.748058 -0.187392 0.636626
    outer loop
      vertex 37.4013 123.009 17.6
      vertex 37.3517 123.207 17.6
      vertex 36.4026 122.919 16.4
    endloop
  endfacet
  facet normal 0 -0.953571 0.301169
    outer loop
      vertex 36.3663 123.021 16.4
      vertex 37.2828 123.4 17.6
      vertex 37.2825 123.4 17.6
    endloop
  endfacet
  facet normal -0.726569 -0.258573 0.636583
    outer loop
      vertex 37.2828 123.4 17.6
      vertex 36.3663 123.021 16.4
      vertex 36.4026 122.919 16.4
    endloop
  endfacet
  facet normal -0.570822 -0.518654 0.636522
    outer loop
      vertex 36.9669 123.927 17.6
      vertex 36.8297 124.078 17.6
      vertex 36.2003 123.298 16.4
    endloop
  endfacet
  facet normal -0.76297 0.112663 0.63654
    outer loop
      vertex 36.4289 122.385 16.4
      vertex 37.4017 122.193 17.6
      vertex 36.4447 122.492 16.4
    endloop
  endfacet
  facet normal -0.75591 0.151182 0.63698
    outer loop
      vertex 37.4017 122.193 17.6
      vertex 36.4289 122.385 16.4
      vertex 37.4015 122.192 17.6
    endloop
  endfacet
  facet normal -0.660465 0.398433 0.636426
    outer loop
      vertex 36.2646 121.989 16.4
      vertex 37.1947 121.614 17.6
      vertex 36.3201 122.081 16.4
    endloop
  endfacet
  facet normal -0.712443 0.284977 0.641258
    outer loop
      vertex 37.1947 121.614 17.6
      vertex 36.2646 121.989 16.4
      vertex 37.1943 121.613 17.6
    endloop
  endfacet
  facet normal -0.619149 0.459831 0.636561
    outer loop
      vertex 36.9669 121.273 17.6
      vertex 37.0887 121.437 17.6
      vertex 36.2003 121.902 16.4
    endloop
  endfacet
  facet normal -0.661119 0.397049 0.636611
    outer loop
      vertex 37.0892 121.438 17.6
      vertex 37.1943 121.613 17.6
      vertex 36.2646 121.989 16.4
    endloop
  endfacet
  facet normal -0.57154 0.517958 0.636445
    outer loop
      vertex 36.1278 121.822 16.4
      vertex 36.8297 121.122 17.6
      vertex 36.2003 121.902 16.4
    endloop
  endfacet
  facet normal -0.669039 0.401424 0.625496
    outer loop
      vertex 36.8297 121.122 17.6
      vertex 36.1278 121.822 16.4
      vertex 36.8291 121.121 17.6
    endloop
  endfacet
  facet normal -0.113181 0.76284 0.636604
    outer loop
      vertex 35.555 120.518 17.6
      vertex 35.7572 120.548 17.6
      vertex 35.4578 121.505 16.4
    endloop
  endfacet
  facet normal -0.676108 0.540886 0.50032
    outer loop
      vertex 35.6693 121.547 16.4
      vertex 35.7581 120.548 17.6
      vertex 35.7589 120.549 17.6
    endloop
  endfacet
  facet normal -0.185835 0.748343 0.636748
    outer loop
      vertex 35.7581 120.548 17.6
      vertex 35.6693 121.547 16.4
      vertex 35.5646 121.521 16.4
    endloop
  endfacet
  facet normal -0.260346 0.72595 0.636567
    outer loop
      vertex 35.9572 120.598 17.6
      vertex 36.1496 120.667 17.6
      vertex 35.6693 121.547 16.4
    endloop
  endfacet
  facet normal 0 0.794565 0.60718
    outer loop
      vertex 35.771 121.584 16.4
      vertex 36.1496 120.667 17.6
      vertex 36.1505 120.667 17.6
    endloop
  endfacet
  facet normal -0.263599 0.72454 0.636834
    outer loop
      vertex 36.1496 120.667 17.6
      vertex 35.771 121.584 16.4
      vertex 35.6693 121.547 16.4
    endloop
  endfacet
  facet normal -0.63127 0.505016 0.588606
    outer loop
      vertex 35.9611 121.685 16.4
      vertex 36.336 120.755 17.6
      vertex 36.3368 120.756 17.6
    endloop
  endfacet
  facet normal -0.393747 0.662927 0.636782
    outer loop
      vertex 36.336 120.755 17.6
      vertex 35.9611 121.685 16.4
      vertex 35.8685 121.63 16.4
    endloop
  endfacet
  facet normal -0.635422 0.444795 0.631186
    outer loop
      vertex 36.1278 121.822 16.4
      vertex 36.8284 121.12 17.6
      vertex 36.8291 121.121 17.6
    endloop
  endfacet
  facet normal -0.515922 0.573247 0.636562
    outer loop
      vertex 36.8284 121.12 17.6
      vertex 36.1278 121.822 16.4
      vertex 36.0478 121.75 16.4
    endloop
  endfacet
  facet normal -0.517375 0.571756 0.636724
    outer loop
      vertex 36.677 120.983 17.6
      vertex 36.8284 121.12 17.6
      vertex 36.0478 121.75 16.4
    endloop
  endfacet
  facet normal -0.459872 0.618942 0.636733
    outer loop
      vertex 36.5128 120.861 17.6
      vertex 36.677 120.983 17.6
      vertex 36.0478 121.75 16.4
    endloop
  endfacet
  facet normal 0.762836 0.113292 0.63659
    outer loop
      vertex 33.2983 122.193 17.6
      vertex 34.2553 122.492 16.4
      vertex 33.2683 122.395 17.6
    endloop
  endfacet
  facet normal 0.74776 0.189097 0.636473
    outer loop
      vertex 33.2985 122.192 17.6
      vertex 34.2974 122.281 16.4
      vertex 34.2711 122.385 16.4
    endloop
  endfacet
  facet normal 0.754243 0.150849 0.639032
    outer loop
      vertex 34.2974 122.281 16.4
      vertex 33.2985 122.192 17.6
      vertex 33.2987 122.191 17.6
    endloop
  endfacet
  facet normal 0.726267 0.259274 0.636642
    outer loop
      vertex 33.4172 121.8 17.6
      vertex 34.2974 122.281 16.4
      vertex 33.3483 121.993 17.6
    endloop
  endfacet
  facet normal 0.726569 0.258573 0.636583
    outer loop
      vertex 33.4172 121.8 17.6
      vertex 34.3337 122.179 16.4
      vertex 34.2974 122.281 16.4
    endloop
  endfacet
  facet normal 0 0.953571 0.301169
    outer loop
      vertex 34.3337 122.179 16.4
      vertex 33.4172 121.8 17.6
      vertex 33.4175 121.8 17.6
    endloop
  endfacet
  facet normal 0.660465 0.398433 0.636426
    outer loop
      vertex 33.5053 121.614 17.6
      vertex 34.4354 121.989 16.4
      vertex 34.3799 122.081 16.4
    endloop
  endfacet
  facet normal 0.712443 0.284977 0.641258
    outer loop
      vertex 34.4354 121.989 16.4
      vertex 33.5053 121.614 17.6
      vertex 33.5057 121.613 17.6
    endloop
  endfacet
  facet normal 0.620125 0.458322 0.636699
    outer loop
      vertex 34.4354 121.989 16.4
      vertex 33.6113 121.437 17.6
      vertex 34.4997 121.902 16.4
    endloop
  endfacet
  facet normal 0.691643 0.345822 0.634064
    outer loop
      vertex 33.6113 121.437 17.6
      vertex 34.4354 121.989 16.4
      vertex 33.6108 121.438 17.6
    endloop
  endfacet
  facet normal 0.114249 0.762611 0.636688
    outer loop
      vertex 35.1354 121.521 16.4
      vertex 34.9428 120.548 17.6
      vertex 35.2422 121.505 16.4
    endloop
  endfacet
  facet normal 0 0.776747 0.629813
    outer loop
      vertex 34.9428 120.548 17.6
      vertex 35.1354 121.521 16.4
      vertex 34.9419 120.548 17.6
    endloop
  endfacet
  facet normal 0.185835 0.748343 0.636748
    outer loop
      vertex 35.0307 121.547 16.4
      vertex 34.9419 120.548 17.6
      vertex 35.1354 121.521 16.4
    endloop
  endfacet
  facet normal 0.676108 0.540886 0.50032
    outer loop
      vertex 34.9419 120.548 17.6
      vertex 35.0307 121.547 16.4
      vertex 34.9411 120.549 17.6
    endloop
  endfacet
  facet normal 0.328799 0.697626 0.636561
    outer loop
      vertex 34.8315 121.63 16.4
      vertex 34.3648 120.755 17.6
      vertex 34.9291 121.584 16.4
    endloop
  endfacet
  facet normal 0 0.808008 0.589172
    outer loop
      vertex 34.3648 120.755 17.6
      vertex 34.8315 121.63 16.4
      vertex 34.364 120.755 17.6
    endloop
  endfacet
  facet normal 0.331634 -0.696055 0.636809
    outer loop
      vertex 34.9291 123.616 16.4
      vertex 34.5495 124.533 17.6
      vertex 34.3648 124.445 17.6
    endloop
  endfacet
  facet normal 0.260346 -0.72595 0.636567
    outer loop
      vertex 35.0307 123.653 16.4
      vertex 34.7428 124.602 17.6
      vertex 34.5504 124.533 17.6
    endloop
  endfacet
  facet normal 0.459872 -0.618942 0.636733
    outer loop
      vertex 34.6522 123.45 16.4
      vertex 34.1872 124.339 17.6
      vertex 34.023 124.217 17.6
    endloop
  endfacet
  facet normal 0.515922 -0.573247 0.636562
    outer loop
      vertex 33.8716 124.08 17.6
      vertex 34.5722 123.378 16.4
      vertex 34.6522 123.45 16.4
    endloop
  endfacet
  facet normal 0.635422 -0.444795 0.631186
    outer loop
      vertex 34.5722 123.378 16.4
      vertex 33.8716 124.08 17.6
      vertex 33.8709 124.079 17.6
    endloop
  endfacet
  facet normal 0.661119 -0.397049 0.636611
    outer loop
      vertex 34.4354 123.211 16.4
      vertex 33.6108 123.762 17.6
      vertex 33.5057 123.587 17.6
    endloop
  endfacet
  facet normal 0.620125 -0.458322 0.636699
    outer loop
      vertex 33.6113 123.763 17.6
      vertex 34.4354 123.211 16.4
      vertex 34.4997 123.298 16.4
    endloop
  endfacet
  facet normal 0.691643 -0.345822 0.634064
    outer loop
      vertex 34.4354 123.211 16.4
      vertex 33.6113 123.763 17.6
      vertex 33.6108 123.762 17.6
    endloop
  endfacet
  facet normal 0.754243 -0.150849 0.639032
    outer loop
      vertex 33.2985 123.008 17.6
      vertex 34.2974 122.919 16.4
      vertex 33.2987 123.009 17.6
    endloop
  endfacet
  facet normal 0.74776 -0.189097 0.636473
    outer loop
      vertex 34.2974 122.919 16.4
      vertex 33.2985 123.008 17.6
      vertex 34.2711 122.815 16.4
    endloop
  endfacet
  facet normal 0.748058 -0.187392 0.636626
    outer loop
      vertex 34.2974 122.919 16.4
      vertex 33.3483 123.207 17.6
      vertex 33.2987 123.009 17.6
    endloop
  endfacet
  facet normal 0 -0.953571 0.301169
    outer loop
      vertex 33.4172 123.4 17.6
      vertex 34.3337 123.021 16.4
      vertex 33.4175 123.4 17.6
    endloop
  endfacet
  facet normal 0.726569 -0.258573 0.636583
    outer loop
      vertex 34.3337 123.021 16.4
      vertex 33.4172 123.4 17.6
      vertex 34.2974 122.919 16.4
    endloop
  endfacet
  facet normal 0.726267 -0.259274 0.636642
    outer loop
      vertex 34.2974 122.919 16.4
      vertex 33.4172 123.4 17.6
      vertex 33.3483 123.207 17.6
    endloop
  endfacet
  facet normal -0.0357337 -0.770418 0.636537
    outer loop
      vertex 35.4578 123.695 16.4
      vertex 35.5541 124.682 17.6
      vertex 35.35 123.7 16.4
    endloop
  endfacet
  facet normal 0 -0.77232 0.635233
    outer loop
      vertex 35.5541 124.682 17.6
      vertex 35.4578 123.695 16.4
      vertex 35.555 124.682 17.6
    endloop
  endfacet
  facet normal -0.263599 -0.72454 0.636834
    outer loop
      vertex 35.771 123.616 16.4
      vertex 36.1496 124.533 17.6
      vertex 35.6693 123.653 16.4
    endloop
  endfacet
  facet normal 0 -0.794565 0.60718
    outer loop
      vertex 36.1496 124.533 17.6
      vertex 35.771 123.616 16.4
      vertex 36.1505 124.533 17.6
    endloop
  endfacet
  facet normal -0.329072 -0.69749 0.636568
    outer loop
      vertex 35.8685 123.57 16.4
      vertex 36.3352 124.445 17.6
      vertex 35.771 123.616 16.4
    endloop
  endfacet
  facet normal 0 -0.808008 0.589172
    outer loop
      vertex 36.3352 124.445 17.6
      vertex 35.8685 123.57 16.4
      vertex 36.336 124.445 17.6
    endloop
  endfacet
  facet normal -0.697371 -0.329461 0.636498
    outer loop
      vertex 37.2825 123.4 17.6
      vertex 37.1951 123.585 17.6
      vertex 36.3663 123.021 16.4
    endloop
  endfacet
  facet normal -0.726267 -0.259274 0.636642
    outer loop
      vertex 37.3517 123.207 17.6
      vertex 37.2828 123.4 17.6
      vertex 36.4026 122.919 16.4
    endloop
  endfacet
  facet normal -0.669039 -0.401424 0.625496
    outer loop
      vertex 36.1278 123.378 16.4
      vertex 36.8297 124.078 17.6
      vertex 36.8291 124.079 17.6
    endloop
  endfacet
  facet normal -0.57154 -0.517958 0.636445
    outer loop
      vertex 36.8297 124.078 17.6
      vertex 36.1278 123.378 16.4
      vertex 36.2003 123.298 16.4
    endloop
  endfacet
  facet normal -0.661119 -0.397049 0.636611
    outer loop
      vertex 37.1943 123.587 17.6
      vertex 37.0892 123.762 17.6
      vertex 36.2646 123.211 16.4
    endloop
  endfacet
  facet normal -0.635422 -0.444795 0.631186
    outer loop
      vertex 36.8284 124.08 17.6
      vertex 36.1278 123.378 16.4
      vertex 36.8291 124.079 17.6
    endloop
  endfacet
  facet normal -0.515922 -0.573247 0.636562
    outer loop
      vertex 36.1278 123.378 16.4
      vertex 36.8284 124.08 17.6
      vertex 36.0478 123.45 16.4
    endloop
  endfacet
  facet normal -0.517375 -0.571756 0.636724
    outer loop
      vertex 36.8284 124.08 17.6
      vertex 36.677 124.217 17.6
      vertex 36.0478 123.45 16.4
    endloop
  endfacet
  facet normal 0 0.776747 0.629813
    outer loop
      vertex 35.5646 121.521 16.4
      vertex 35.7572 120.548 17.6
      vertex 35.7581 120.548 17.6
    endloop
  endfacet
  facet normal -0.114249 0.762611 0.636688
    outer loop
      vertex 35.7572 120.548 17.6
      vertex 35.5646 121.521 16.4
      vertex 35.4578 121.505 16.4
    endloop
  endfacet
  facet normal 0 0.808008 0.589172
    outer loop
      vertex 35.8685 121.63 16.4
      vertex 36.3352 120.755 17.6
      vertex 36.336 120.755 17.6
    endloop
  endfacet
  facet normal -0.329072 0.69749 0.636568
    outer loop
      vertex 36.3352 120.755 17.6
      vertex 35.8685 121.63 16.4
      vertex 35.771 121.584 16.4
    endloop
  endfacet
  facet normal 0.76297 0.112663 0.63654
    outer loop
      vertex 33.2983 122.193 17.6
      vertex 34.2711 122.385 16.4
      vertex 34.2553 122.492 16.4
    endloop
  endfacet
  facet normal 0.75591 0.151182 0.63698
    outer loop
      vertex 34.2711 122.385 16.4
      vertex 33.2983 122.193 17.6
      vertex 33.2985 122.192 17.6
    endloop
  endfacet
  facet normal 0.697678 0.328905 0.636448
    outer loop
      vertex 33.5049 121.615 17.6
      vertex 34.3799 122.081 16.4
      vertex 34.3337 122.179 16.4
    endloop
  endfacet
  facet normal 0.717526 0.28701 0.634651
    outer loop
      vertex 34.3799 122.081 16.4
      vertex 33.5049 121.615 17.6
      vertex 33.5053 121.614 17.6
    endloop
  endfacet
  facet normal 0.515922 0.573247 0.636562
    outer loop
      vertex 34.5722 121.822 16.4
      vertex 33.8716 121.12 17.6
      vertex 34.6522 121.75 16.4
    endloop
  endfacet
  facet normal 0.635422 0.444795 0.631186
    outer loop
      vertex 33.8716 121.12 17.6
      vertex 34.5722 121.822 16.4
      vertex 33.8709 121.121 17.6
    endloop
  endfacet
  facet normal 0.570822 0.518654 0.636522
    outer loop
      vertex 33.8703 121.122 17.6
      vertex 34.4997 121.902 16.4
      vertex 33.7331 121.273 17.6
    endloop
  endfacet
  facet normal 0 -0.776747 0.629813
    outer loop
      vertex 35.1354 123.679 16.4
      vertex 34.9428 124.652 17.6
      vertex 34.9419 124.652 17.6
    endloop
  endfacet
  facet normal 0.114249 -0.762611 0.636688
    outer loop
      vertex 34.9428 124.652 17.6
      vertex 35.1354 123.679 16.4
      vertex 35.2422 123.695 16.4
    endloop
  endfacet
  facet normal 0 -0.808008 0.589172
    outer loop
      vertex 34.8315 123.57 16.4
      vertex 34.3648 124.445 17.6
      vertex 34.364 124.445 17.6
    endloop
  endfacet
  facet normal 0.328799 -0.697626 0.636561
    outer loop
      vertex 34.3648 124.445 17.6
      vertex 34.8315 123.57 16.4
      vertex 34.9291 123.616 16.4
    endloop
  endfacet
  facet normal 0 -0.824362 0.566062
    outer loop
      vertex 34.1872 124.339 17.6
      vertex 34.7389 123.515 16.4
      vertex 34.1879 124.339 17.6
    endloop
  endfacet
  facet normal 0.462667 -0.617126 0.636471
    outer loop
      vertex 34.7389 123.515 16.4
      vertex 34.1872 124.339 17.6
      vertex 34.6522 123.45 16.4
    endloop
  endfacet
  facet normal 0.396365 -0.66174 0.636392
    outer loop
      vertex 34.7389 123.515 16.4
      vertex 34.3632 124.444 17.6
      vertex 34.1879 124.339 17.6
    endloop
  endfacet
  facet normal 0.717526 -0.28701 0.634651
    outer loop
      vertex 33.5049 123.585 17.6
      vertex 34.3799 123.119 16.4
      vertex 33.5053 123.586 17.6
    endloop
  endfacet
  facet normal 0.697678 -0.328905 0.636448
    outer loop
      vertex 34.3799 123.119 16.4
      vertex 33.5049 123.585 17.6
      vertex 34.3337 123.021 16.4
    endloop
  endfacet
  facet normal -0.396365 -0.66174 0.636392
    outer loop
      vertex 36.5121 124.339 17.6
      vertex 36.3368 124.444 17.6
      vertex 35.9611 123.515 16.4
    endloop
  endfacet
  facet normal 0 -0.824362 0.566062
    outer loop
      vertex 35.9611 123.515 16.4
      vertex 36.5128 124.339 17.6
      vertex 36.5121 124.339 17.6
    endloop
  endfacet
  facet normal -0.462667 -0.617126 0.636471
    outer loop
      vertex 36.5128 124.339 17.6
      vertex 35.9611 123.515 16.4
      vertex 36.0478 123.45 16.4
    endloop
  endfacet
  facet normal -0.185835 -0.748343 0.636748
    outer loop
      vertex 35.6693 123.653 16.4
      vertex 35.7581 124.652 17.6
      vertex 35.5646 123.679 16.4
    endloop
  endfacet
  facet normal -0.676108 -0.540886 0.50032
    outer loop
      vertex 35.7581 124.652 17.6
      vertex 35.6693 123.653 16.4
      vertex 35.7589 124.651 17.6
    endloop
  endfacet
  facet normal -0.114249 -0.762611 0.636688
    outer loop
      vertex 35.5646 123.679 16.4
      vertex 35.7572 124.652 17.6
      vertex 35.4578 123.695 16.4
    endloop
  endfacet
  facet normal 0 -0.776747 0.629813
    outer loop
      vertex 35.7572 124.652 17.6
      vertex 35.5646 123.679 16.4
      vertex 35.7581 124.652 17.6
    endloop
  endfacet
  facet normal 0 -0.77232 0.635233
    outer loop
      vertex 35.2422 123.695 16.4
      vertex 35.1459 124.682 17.6
      vertex 35.145 124.682 17.6
    endloop
  endfacet
  facet normal 0.0357337 -0.770418 0.636537
    outer loop
      vertex 35.1459 124.682 17.6
      vertex 35.2422 123.695 16.4
      vertex 35.35 123.7 16.4
    endloop
  endfacet
  facet normal -0.185014 -0.748742 0.636518
    outer loop
      vertex 35.9572 124.602 17.6
      vertex 35.7589 124.651 17.6
      vertex 35.6693 123.653 16.4
    endloop
  endfacet
  facet normal -0.260346 -0.72595 0.636567
    outer loop
      vertex 36.1496 124.533 17.6
      vertex 35.9572 124.602 17.6
      vertex 35.6693 123.653 16.4
    endloop
  endfacet
  facet normal -0.33164 -0.696067 0.636793
    outer loop
      vertex 36.3352 124.445 17.6
      vertex 36.1505 124.533 17.6
      vertex 35.771 123.616 16.4
    endloop
  endfacet
  facet normal -0.75591 -0.151182 0.63698
    outer loop
      vertex 36.4289 122.815 16.4
      vertex 37.4017 123.007 17.6
      vertex 37.4015 123.008 17.6
    endloop
  endfacet
  facet normal -0.76297 -0.112663 0.63654
    outer loop
      vertex 37.4017 123.007 17.6
      vertex 36.4289 122.815 16.4
      vertex 36.4447 122.708 16.4
    endloop
  endfacet
  facet normal -0.717526 -0.28701 0.634651
    outer loop
      vertex 36.3201 123.119 16.4
      vertex 37.1951 123.585 17.6
      vertex 37.1947 123.586 17.6
    endloop
  endfacet
  facet normal -0.697678 -0.328905 0.636448
    outer loop
      vertex 37.1951 123.585 17.6
      vertex 36.3201 123.119 16.4
      vertex 36.3663 123.021 16.4
    endloop
  endfacet
  facet normal -0.619149 -0.459831 0.636561
    outer loop
      vertex 37.0887 123.763 17.6
      vertex 36.9669 123.927 17.6
      vertex 36.2003 123.298 16.4
    endloop
  endfacet
  facet normal -0.691643 -0.345822 0.634064
    outer loop
      vertex 37.0887 123.763 17.6
      vertex 36.2646 123.211 16.4
      vertex 37.0892 123.762 17.6
    endloop
  endfacet
  facet normal -0.620125 -0.458322 0.636699
    outer loop
      vertex 36.2646 123.211 16.4
      vertex 37.0887 123.763 17.6
      vertex 36.2003 123.298 16.4
    endloop
  endfacet
  facet normal 0.57154 0.517958 0.636445
    outer loop
      vertex 33.8703 121.122 17.6
      vertex 34.5722 121.822 16.4
      vertex 34.4997 121.902 16.4
    endloop
  endfacet
  facet normal 0.669039 0.401424 0.625496
    outer loop
      vertex 34.5722 121.822 16.4
      vertex 33.8703 121.122 17.6
      vertex 33.8709 121.121 17.6
    endloop
  endfacet
  facet normal -0.393747 -0.662927 0.636782
    outer loop
      vertex 35.9611 123.515 16.4
      vertex 36.336 124.445 17.6
      vertex 35.8685 123.57 16.4
    endloop
  endfacet
  facet normal -0.63127 -0.505016 0.588606
    outer loop
      vertex 36.336 124.445 17.6
      vertex 35.9611 123.515 16.4
      vertex 36.3368 124.444 17.6
    endloop
  endfacet
  facet normal 0.0377361 -0.770193 0.636693
    outer loop
      vertex 35.35 123.7 16.4
      vertex 35.35 124.692 17.6
      vertex 35.1459 124.682 17.6
    endloop
  endfacet
  facet normal -0.0377361 -0.770193 0.636693
    outer loop
      vertex 35.5541 124.682 17.6
      vertex 35.35 124.692 17.6
      vertex 35.35 123.7 16.4
    endloop
  endfacet
  facet normal 1 -0 0
    outer loop
      vertex 3.8 102.25 16.6
      vertex 3.8 112.35 16.2
      vertex 3.8 112.35 16.6
    endloop
  endfacet
  facet normal 1 0 0
    outer loop
      vertex 3.8 112.35 16.2
      vertex 3.8 102.25 16.6
      vertex 3.8 102.25 16.2
    endloop
  endfacet
  facet normal 0 0 -1
    outer loop
      vertex 3.8 102.25 16.6
      vertex 18 112.35 16.6
      vertex 18 102.25 16.6
    endloop
  endfacet
  facet normal -0 0 -1
    outer loop
      vertex 18 112.35 16.6
      vertex 3.8 102.25 16.6
      vertex 3.8 112.35 16.6
    endloop
  endfacet
  facet normal -1 0 0
    outer loop
      vertex 18 102.25 16.2
      vertex 18 112.35 16.6
      vertex 18 112.35 16.2
    endloop
  endfacet
  facet normal -1 -0 0
    outer loop
      vertex 18 112.35 16.6
      vertex 18 102.25 16.2
      vertex 18 102.25 16.6
    endloop
  endfacet
  facet normal 0 1 -0
    outer loop
      vertex 18 102.25 16.2
      vertex 3.8 102.25 16.6
      vertex 18 102.25 16.6
    endloop
  endfacet
  facet normal 0 1 0
    outer loop
      vertex 3.8 102.25 16.6
      vertex 18 102.25 16.2
      vertex 3.8 102.25 16.2
    endloop
  endfacet
  facet normal 0 -1 0
    outer loop
      vertex 3.8 112.35 16.2
      vertex 18 112.35 16.6
      vertex 3.8 112.35 16.6
    endloop
  endfacet
  facet normal 0 -1 -0
    outer loop
      vertex 18 112.35 16.6
      vertex 3.8 112.35 16.2
      vertex 18 112.35 16.2
    endloop
  endfacet
  facet normal 1 -0 0
    outer loop
      vertex 20.8 102.25 16.6
      vertex 20.8 112.35 16.2
      vertex 20.8 112.35 16.6
    endloop
  endfacet
  facet normal 1 0 0
    outer loop
      vertex 20.8 112.35 16.2
      vertex 20.8 102.25 16.6
      vertex 20.8 102.25 16.2
    endloop
  endfacet
  facet normal 0 0 -1
    outer loop
      vertex 20.8 102.25 16.6
      vertex 35 112.35 16.6
      vertex 35 102.25 16.6
    endloop
  endfacet
  facet normal -0 0 -1
    outer loop
      vertex 35 112.35 16.6
      vertex 20.8 102.25 16.6
      vertex 20.8 112.35 16.6
    endloop
  endfacet
  facet normal -1 0 0
    outer loop
      vertex 35 102.25 16.2
      vertex 35 112.35 16.6
      vertex 35 112.35 16.2
    endloop
  endfacet
  facet normal -1 -0 0
    outer loop
      vertex 35 112.35 16.6
      vertex 35 102.25 16.2
      vertex 35 102.25 16.6
    endloop
  endfacet
  facet normal 0 -1 0
    outer loop
      vertex 20.8 112.35 16.2
      vertex 35 112.35 16.6
      vertex 20.8 112.35 16.6
    endloop
  endfacet
  facet normal 0 -1 -0
    outer loop
      vertex 35 112.35 16.6
      vertex 20.8 112.35 16.2
      vertex 35 112.35 16.2
    endloop
  endfacet
  facet normal 0 1 -0
    outer loop
      vertex 35 102.25 16.2
      vertex 20.8 102.25 16.6
      vertex 35 102.25 16.6
    endloop
  endfacet
  facet normal 0 1 0
    outer loop
      vertex 20.8 102.25 16.6
      vertex 35 102.25 16.2
      vertex 20.8 102.25 16.2
    endloop
  endfacet
  facet normal -0.998803 -0.0489209 0
    outer loop
      vertex 22.35 33.6 16.2
      vertex 22.3404 33.796 17.6
      vertex 22.3404 33.796 16.2
    endloop
  endfacet
  facet normal -0.998803 -0.0489209 0
    outer loop
      vertex 22.3404 33.796 17.6
      vertex 22.35 33.6 16.2
      vertex 22.35 33.6 17.6
    endloop
  endfacet
  facet normal 0.998803 -0.0489209 0
    outer loop
      vertex 18.35 33.6 17.6
      vertex 18.3596 33.796 16.2
      vertex 18.3596 33.796 17.6
    endloop
  endfacet
  facet normal 0.998803 -0.0489209 0
    outer loop
      vertex 18.3596 33.796 16.2
      vertex 18.35 33.6 17.6
      vertex 18.35 33.6 16.2
    endloop
  endfacet
  facet normal 0.0489209 -0.998803 0
    outer loop
      vertex 20.154 35.5904 16.2
      vertex 20.35 35.6 17.6
      vertex 20.154 35.5904 17.6
    endloop
  endfacet
  facet normal 0.0489209 -0.998803 0
    outer loop
      vertex 20.35 35.6 17.6
      vertex 20.154 35.5904 16.2
      vertex 20.35 35.6 16.2
    endloop
  endfacet
  facet normal -0.671607 -0.740908 0
    outer loop
      vertex 21.6188 35.146 16.2
      vertex 21.7642 35.0142 17.6
      vertex 21.6188 35.146 17.6
    endloop
  endfacet
  facet normal -0.671607 -0.740908 -0
    outer loop
      vertex 21.7642 35.0142 17.6
      vertex 21.6188 35.146 16.2
      vertex 21.7642 35.0142 16.2
    endloop
  endfacet
  facet normal 0.671607 -0.740908 0
    outer loop
      vertex 18.9358 35.0142 16.2
      vertex 19.0812 35.146 17.6
      vertex 18.9358 35.0142 17.6
    endloop
  endfacet
  facet normal 0.671607 -0.740908 0
    outer loop
      vertex 19.0812 35.146 17.6
      vertex 18.9358 35.0142 16.2
      vertex 19.0812 35.146 16.2
    endloop
  endfacet
  facet normal 0.427955 -0.9038 0
    outer loop
      vertex 19.4072 35.3638 16.2
      vertex 19.5846 35.4478 17.6
      vertex 19.4072 35.3638 17.6
    endloop
  endfacet
  facet normal 0.427955 -0.9038 0
    outer loop
      vertex 19.5846 35.4478 17.6
      vertex 19.4072 35.3638 16.2
      vertex 19.5846 35.4478 16.2
    endloop
  endfacet
  facet normal -0.9038 -0.427955 0
    outer loop
      vertex 22.1978 34.3654 16.2
      vertex 22.1138 34.5428 17.6
      vertex 22.1138 34.5428 16.2
    endloop
  endfacet
  facet normal -0.9038 -0.427955 0
    outer loop
      vertex 22.1138 34.5428 17.6
      vertex 22.1978 34.3654 16.2
      vertex 22.1978 34.3654 17.6
    endloop
  endfacet
  facet normal -0.336788 -0.94158 0
    outer loop
      vertex 20.9306 35.5139 16.2
      vertex 21.1154 35.4478 17.6
      vertex 20.9306 35.5139 17.6
    endloop
  endfacet
  facet normal -0.336788 -0.94158 -0
    outer loop
      vertex 21.1154 35.4478 17.6
      vertex 20.9306 35.5139 16.2
      vertex 21.1154 35.4478 16.2
    endloop
  endfacet
  facet normal -0.514196 -0.857673 0
    outer loop
      vertex 21.2928 35.3638 16.2
      vertex 21.4611 35.2629 17.6
      vertex 21.2928 35.3638 17.6
    endloop
  endfacet
  facet normal -0.514196 -0.857673 -0
    outer loop
      vertex 21.4611 35.2629 17.6
      vertex 21.2928 35.3638 16.2
      vertex 21.4611 35.2629 16.2
    endloop
  endfacet
  facet normal 0.9038 -0.427955 0
    outer loop
      vertex 18.5022 34.3654 17.6
      vertex 18.5862 34.5428 16.2
      vertex 18.5862 34.5428 17.6
    endloop
  endfacet
  facet normal 0.9038 -0.427955 0
    outer loop
      vertex 18.5862 34.5428 16.2
      vertex 18.5022 34.3654 17.6
      vertex 18.5022 34.3654 16.2
    endloop
  endfacet
  facet normal 0.243015 -0.970023 0
    outer loop
      vertex 19.7694 35.5139 16.2
      vertex 19.9598 35.5616 17.6
      vertex 19.7694 35.5139 17.6
    endloop
  endfacet
  facet normal 0.243015 -0.970023 0
    outer loop
      vertex 19.9598 35.5616 17.6
      vertex 19.7694 35.5139 16.2
      vertex 19.9598 35.5616 16.2
    endloop
  endfacet
  facet normal -0.970023 0.243015 0
    outer loop
      vertex 22.2639 33.0194 16.2
      vertex 22.3116 33.2098 17.6
      vertex 22.3116 33.2098 16.2
    endloop
  endfacet
  facet normal -0.970023 0.243015 0
    outer loop
      vertex 22.3116 33.2098 17.6
      vertex 22.2639 33.0194 16.2
      vertex 22.2639 33.0194 17.6
    endloop
  endfacet
  facet normal 0.0489209 0.998803 -0
    outer loop
      vertex 20.35 31.6 16.2
      vertex 20.154 31.6096 17.6
      vertex 20.35 31.6 17.6
    endloop
  endfacet
  facet normal 0.0489209 0.998803 0
    outer loop
      vertex 20.154 31.6096 17.6
      vertex 20.35 31.6 16.2
      vertex 20.154 31.6096 16.2
    endloop
  endfacet
  facet normal -0.146696 0.989182 0
    outer loop
      vertex 20.7402 31.6384 16.2
      vertex 20.546 31.6096 17.6
      vertex 20.7402 31.6384 17.6
    endloop
  endfacet
  facet normal -0.146696 0.989182 0
    outer loop
      vertex 20.546 31.6096 17.6
      vertex 20.7402 31.6384 16.2
      vertex 20.546 31.6096 16.2
    endloop
  endfacet
  facet normal -0.970023 -0.243015 0
    outer loop
      vertex 22.3116 33.9902 16.2
      vertex 22.2639 34.1806 17.6
      vertex 22.2639 34.1806 16.2
    endloop
  endfacet
  facet normal -0.970023 -0.243015 0
    outer loop
      vertex 22.2639 34.1806 17.6
      vertex 22.3116 33.9902 16.2
      vertex 22.3116 33.9902 17.6
    endloop
  endfacet
  facet normal -0.989182 -0.146696 0
    outer loop
      vertex 22.3404 33.796 16.2
      vertex 22.3116 33.9902 17.6
      vertex 22.3116 33.9902 16.2
    endloop
  endfacet
  facet normal -0.989182 -0.146696 0
    outer loop
      vertex 22.3116 33.9902 17.6
      vertex 22.3404 33.796 16.2
      vertex 22.3404 33.796 17.6
    endloop
  endfacet
  facet normal -0.94158 -0.336788 0
    outer loop
      vertex 22.2639 34.1806 16.2
      vertex 22.1978 34.3654 17.6
      vertex 22.1978 34.3654 16.2
    endloop
  endfacet
  facet normal -0.94158 -0.336788 0
    outer loop
      vertex 22.1978 34.3654 17.6
      vertex 22.2639 34.1806 16.2
      vertex 22.2639 34.1806 17.6
    endloop
  endfacet
  facet normal -0.80335 -0.595508 0
    outer loop
      vertex 22.0129 34.7111 16.2
      vertex 21.896 34.8688 17.6
      vertex 21.896 34.8688 16.2
    endloop
  endfacet
  facet normal -0.80335 -0.595508 0
    outer loop
      vertex 21.896 34.8688 17.6
      vertex 22.0129 34.7111 16.2
      vertex 22.0129 34.7111 17.6
    endloop
  endfacet
  facet normal -0.740908 -0.671607 0
    outer loop
      vertex 21.896 34.8688 16.2
      vertex 21.7642 35.0142 17.6
      vertex 21.7642 35.0142 16.2
    endloop
  endfacet
  facet normal -0.740908 -0.671607 0
    outer loop
      vertex 21.7642 35.0142 17.6
      vertex 21.896 34.8688 16.2
      vertex 21.896 34.8688 17.6
    endloop
  endfacet
  facet normal -0.857673 -0.514196 0
    outer loop
      vertex 22.1138 34.5428 16.2
      vertex 22.0129 34.7111 17.6
      vertex 22.0129 34.7111 16.2
    endloop
  endfacet
  facet normal -0.857673 -0.514196 0
    outer loop
      vertex 22.0129 34.7111 17.6
      vertex 22.1138 34.5428 16.2
      vertex 22.1138 34.5428 17.6
    endloop
  endfacet
  facet normal -0.146696 -0.989182 0
    outer loop
      vertex 20.546 35.5904 16.2
      vertex 20.7402 35.5616 17.6
      vertex 20.546 35.5904 17.6
    endloop
  endfacet
  facet normal -0.146696 -0.989182 -0
    outer loop
      vertex 20.7402 35.5616 17.6
      vertex 20.546 35.5904 16.2
      vertex 20.7402 35.5616 16.2
    endloop
  endfacet
  facet normal -0.243015 -0.970023 0
    outer loop
      vertex 20.7402 35.5616 16.2
      vertex 20.9306 35.5139 17.6
      vertex 20.7402 35.5616 17.6
    endloop
  endfacet
  facet normal -0.243015 -0.970023 -0
    outer loop
      vertex 20.9306 35.5139 17.6
      vertex 20.7402 35.5616 16.2
      vertex 20.9306 35.5139 16.2
    endloop
  endfacet
  facet normal -0.0489209 -0.998803 0
    outer loop
      vertex 20.35 35.6 16.2
      vertex 20.546 35.5904 17.6
      vertex 20.35 35.6 17.6
    endloop
  endfacet
  facet normal -0.0489209 -0.998803 -0
    outer loop
      vertex 20.546 35.5904 17.6
      vertex 20.35 35.6 16.2
      vertex 20.546 35.5904 16.2
    endloop
  endfacet
  facet normal -0.427955 -0.9038 0
    outer loop
      vertex 21.1154 35.4478 16.2
      vertex 21.2928 35.3638 17.6
      vertex 21.1154 35.4478 17.6
    endloop
  endfacet
  facet normal -0.427955 -0.9038 -0
    outer loop
      vertex 21.2928 35.3638 17.6
      vertex 21.1154 35.4478 16.2
      vertex 21.2928 35.3638 16.2
    endloop
  endfacet
  facet normal -0.595508 -0.80335 0
    outer loop
      vertex 21.4611 35.2629 16.2
      vertex 21.6188 35.146 17.6
      vertex 21.4611 35.2629 17.6
    endloop
  endfacet
  facet normal -0.595508 -0.80335 -0
    outer loop
      vertex 21.6188 35.146 17.6
      vertex 21.4611 35.2629 16.2
      vertex 21.6188 35.146 16.2
    endloop
  endfacet
  facet normal 0.970023 -0.243015 0
    outer loop
      vertex 18.3884 33.9902 17.6
      vertex 18.4361 34.1806 16.2
      vertex 18.4361 34.1806 17.6
    endloop
  endfacet
  facet normal 0.970023 -0.243015 0
    outer loop
      vertex 18.4361 34.1806 16.2
      vertex 18.3884 33.9902 17.6
      vertex 18.3884 33.9902 16.2
    endloop
  endfacet
  facet normal 0.80335 -0.595508 0
    outer loop
      vertex 18.6871 34.7111 17.6
      vertex 18.804 34.8688 16.2
      vertex 18.804 34.8688 17.6
    endloop
  endfacet
  facet normal 0.80335 -0.595508 0
    outer loop
      vertex 18.804 34.8688 16.2
      vertex 18.6871 34.7111 17.6
      vertex 18.6871 34.7111 16.2
    endloop
  endfacet
  facet normal 0.740908 -0.671607 0
    outer loop
      vertex 18.804 34.8688 17.6
      vertex 18.9358 35.0142 16.2
      vertex 18.9358 35.0142 17.6
    endloop
  endfacet
  facet normal 0.740908 -0.671607 0
    outer loop
      vertex 18.9358 35.0142 16.2
      vertex 18.804 34.8688 17.6
      vertex 18.804 34.8688 16.2
    endloop
  endfacet
  facet normal 0.857673 -0.514196 0
    outer loop
      vertex 18.5862 34.5428 17.6
      vertex 18.6871 34.7111 16.2
      vertex 18.6871 34.7111 17.6
    endloop
  endfacet
  facet normal 0.857673 -0.514196 0
    outer loop
      vertex 18.6871 34.7111 16.2
      vertex 18.5862 34.5428 17.6
      vertex 18.5862 34.5428 16.2
    endloop
  endfacet
  facet normal 0.94158 -0.336788 0
    outer loop
      vertex 18.4361 34.1806 17.6
      vertex 18.5022 34.3654 16.2
      vertex 18.5022 34.3654 17.6
    endloop
  endfacet
  facet normal 0.94158 -0.336788 0
    outer loop
      vertex 18.5022 34.3654 16.2
      vertex 18.4361 34.1806 17.6
      vertex 18.4361 34.1806 16.2
    endloop
  endfacet
  facet normal 0.989182 -0.146696 0
    outer loop
      vertex 18.3596 33.796 17.6
      vertex 18.3884 33.9902 16.2
      vertex 18.3884 33.9902 17.6
    endloop
  endfacet
  facet normal 0.989182 -0.146696 0
    outer loop
      vertex 18.3884 33.9902 16.2
      vertex 18.3596 33.796 17.6
      vertex 18.3596 33.796 16.2
    endloop
  endfacet
  facet normal 0.514196 -0.857673 0
    outer loop
      vertex 19.2389 35.2629 16.2
      vertex 19.4072 35.3638 17.6
      vertex 19.2389 35.2629 17.6
    endloop
  endfacet
  facet normal 0.514196 -0.857673 0
    outer loop
      vertex 19.4072 35.3638 17.6
      vertex 19.2389 35.2629 16.2
      vertex 19.4072 35.3638 16.2
    endloop
  endfacet
  facet normal 0.595508 -0.80335 0
    outer loop
      vertex 19.0812 35.146 16.2
      vertex 19.2389 35.2629 17.6
      vertex 19.0812 35.146 17.6
    endloop
  endfacet
  facet normal 0.595508 -0.80335 0
    outer loop
      vertex 19.2389 35.2629 17.6
      vertex 19.0812 35.146 16.2
      vertex 19.2389 35.2629 16.2
    endloop
  endfacet
  facet normal 0.336788 -0.94158 0
    outer loop
      vertex 19.5846 35.4478 16.2
      vertex 19.7694 35.5139 17.6
      vertex 19.5846 35.4478 17.6
    endloop
  endfacet
  facet normal 0.336788 -0.94158 0
    outer loop
      vertex 19.7694 35.5139 17.6
      vertex 19.5846 35.4478 16.2
      vertex 19.7694 35.5139 16.2
    endloop
  endfacet
  facet normal 0.146696 -0.989182 0
    outer loop
      vertex 19.9598 35.5616 16.2
      vertex 20.154 35.5904 17.6
      vertex 19.9598 35.5616 17.6
    endloop
  endfacet
  facet normal 0.146696 -0.989182 0
    outer loop
      vertex 20.154 35.5904 17.6
      vertex 19.9598 35.5616 16.2
      vertex 20.154 35.5904 16.2
    endloop
  endfacet
  facet normal -0.998803 0.0489209 0
    outer loop
      vertex 22.3404 33.404 16.2
      vertex 22.35 33.6 17.6
      vertex 22.35 33.6 16.2
    endloop
  endfacet
  facet normal -0.998803 0.0489209 0
    outer loop
      vertex 22.35 33.6 17.6
      vertex 22.3404 33.404 16.2
      vertex 22.3404 33.404 17.6
    endloop
  endfacet
  facet normal -0.514196 0.857673 0
    outer loop
      vertex 21.4611 31.9371 16.2
      vertex 21.2928 31.8362 17.6
      vertex 21.4611 31.9371 17.6
    endloop
  endfacet
  facet normal -0.514196 0.857673 0
    outer loop
      vertex 21.2928 31.8362 17.6
      vertex 21.4611 31.9371 16.2
      vertex 21.2928 31.8362 16.2
    endloop
  endfacet
  facet normal 0.740908 0.671607 0
    outer loop
      vertex 18.9358 32.1858 17.6
      vertex 18.804 32.3312 16.2
      vertex 18.804 32.3312 17.6
    endloop
  endfacet
  facet normal 0.740908 0.671607 0
    outer loop
      vertex 18.804 32.3312 16.2
      vertex 18.9358 32.1858 17.6
      vertex 18.9358 32.1858 16.2
    endloop
  endfacet
  facet normal -0.9038 0.427955 0
    outer loop
      vertex 22.1138 32.6572 16.2
      vertex 22.1978 32.8346 17.6
      vertex 22.1978 32.8346 16.2
    endloop
  endfacet
  facet normal -0.9038 0.427955 0
    outer loop
      vertex 22.1978 32.8346 17.6
      vertex 22.1138 32.6572 16.2
      vertex 22.1138 32.6572 17.6
    endloop
  endfacet
  facet normal -0.94158 0.336788 0
    outer loop
      vertex 22.1978 32.8346 16.2
      vertex 22.2639 33.0194 17.6
      vertex 22.2639 33.0194 16.2
    endloop
  endfacet
  facet normal -0.94158 0.336788 0
    outer loop
      vertex 22.2639 33.0194 17.6
      vertex 22.1978 32.8346 16.2
      vertex 22.1978 32.8346 17.6
    endloop
  endfacet
  facet normal -0.989182 0.146696 0
    outer loop
      vertex 22.3116 33.2098 16.2
      vertex 22.3404 33.404 17.6
      vertex 22.3404 33.404 16.2
    endloop
  endfacet
  facet normal -0.989182 0.146696 0
    outer loop
      vertex 22.3404 33.404 17.6
      vertex 22.3116 33.2098 16.2
      vertex 22.3116 33.2098 17.6
    endloop
  endfacet
  facet normal -0.740908 0.671607 0
    outer loop
      vertex 21.7642 32.1858 16.2
      vertex 21.896 32.3312 17.6
      vertex 21.896 32.3312 16.2
    endloop
  endfacet
  facet normal -0.740908 0.671607 0
    outer loop
      vertex 21.896 32.3312 17.6
      vertex 21.7642 32.1858 16.2
      vertex 21.7642 32.1858 17.6
    endloop
  endfacet
  facet normal -0.595508 0.80335 0
    outer loop
      vertex 21.6188 32.054 16.2
      vertex 21.4611 31.9371 17.6
      vertex 21.6188 32.054 17.6
    endloop
  endfacet
  facet normal -0.595508 0.80335 0
    outer loop
      vertex 21.4611 31.9371 17.6
      vertex 21.6188 32.054 16.2
      vertex 21.4611 31.9371 16.2
    endloop
  endfacet
  facet normal -0.857673 0.514196 0
    outer loop
      vertex 22.0129 32.4889 16.2
      vertex 22.1138 32.6572 17.6
      vertex 22.1138 32.6572 16.2
    endloop
  endfacet
  facet normal -0.857673 0.514196 0
    outer loop
      vertex 22.1138 32.6572 17.6
      vertex 22.0129 32.4889 16.2
      vertex 22.0129 32.4889 17.6
    endloop
  endfacet
  facet normal -0.80335 0.595508 0
    outer loop
      vertex 21.896 32.3312 16.2
      vertex 22.0129 32.4889 17.6
      vertex 22.0129 32.4889 16.2
    endloop
  endfacet
  facet normal -0.80335 0.595508 0
    outer loop
      vertex 22.0129 32.4889 17.6
      vertex 21.896 32.3312 16.2
      vertex 21.896 32.3312 17.6
    endloop
  endfacet
  facet normal 0.80335 0.595508 0
    outer loop
      vertex 18.804 32.3312 17.6
      vertex 18.6871 32.4889 16.2
      vertex 18.6871 32.4889 17.6
    endloop
  endfacet
  facet normal 0.80335 0.595508 0
    outer loop
      vertex 18.6871 32.4889 16.2
      vertex 18.804 32.3312 17.6
      vertex 18.804 32.3312 16.2
    endloop
  endfacet
  facet normal 0.998803 0.0489209 0
    outer loop
      vertex 18.3596 33.404 17.6
      vertex 18.35 33.6 16.2
      vertex 18.35 33.6 17.6
    endloop
  endfacet
  facet normal 0.998803 0.0489209 0
    outer loop
      vertex 18.35 33.6 16.2
      vertex 18.3596 33.404 17.6
      vertex 18.3596 33.404 16.2
    endloop
  endfacet
  facet normal 0.989182 0.146696 0
    outer loop
      vertex 18.3884 33.2098 17.6
      vertex 18.3596 33.404 16.2
      vertex 18.3596 33.404 17.6
    endloop
  endfacet
  facet normal 0.989182 0.146696 0
    outer loop
      vertex 18.3596 33.404 16.2
      vertex 18.3884 33.2098 17.6
      vertex 18.3884 33.2098 16.2
    endloop
  endfacet
  facet normal -0.427955 0.9038 0
    outer loop
      vertex 21.2928 31.8362 16.2
      vertex 21.1154 31.7522 17.6
      vertex 21.2928 31.8362 17.6
    endloop
  endfacet
  facet normal -0.427955 0.9038 0
    outer loop
      vertex 21.1154 31.7522 17.6
      vertex 21.2928 31.8362 16.2
      vertex 21.1154 31.7522 16.2
    endloop
  endfacet
  facet normal -0.671607 0.740908 0
    outer loop
      vertex 21.7642 32.1858 16.2
      vertex 21.6188 32.054 17.6
      vertex 21.7642 32.1858 17.6
    endloop
  endfacet
  facet normal -0.671607 0.740908 0
    outer loop
      vertex 21.6188 32.054 17.6
      vertex 21.7642 32.1858 16.2
      vertex 21.6188 32.054 16.2
    endloop
  endfacet
  facet normal -0.0489209 0.998803 0
    outer loop
      vertex 20.546 31.6096 16.2
      vertex 20.35 31.6 17.6
      vertex 20.546 31.6096 17.6
    endloop
  endfacet
  facet normal -0.0489209 0.998803 0
    outer loop
      vertex 20.35 31.6 17.6
      vertex 20.546 31.6096 16.2
      vertex 20.35 31.6 16.2
    endloop
  endfacet
  facet normal 0.146696 0.989182 -0
    outer loop
      vertex 20.154 31.6096 16.2
      vertex 19.9598 31.6384 17.6
      vertex 20.154 31.6096 17.6
    endloop
  endfacet
  facet normal 0.146696 0.989182 0
    outer loop
      vertex 19.9598 31.6384 17.6
      vertex 20.154 31.6096 16.2
      vertex 19.9598 31.6384 16.2
    endloop
  endfacet
  facet normal 0.336788 0.94158 -0
    outer loop
      vertex 19.7694 31.6861 16.2
      vertex 19.5846 31.7522 17.6
      vertex 19.7694 31.6861 17.6
    endloop
  endfacet
  facet normal 0.336788 0.94158 0
    outer loop
      vertex 19.5846 31.7522 17.6
      vertex 19.7694 31.6861 16.2
      vertex 19.5846 31.7522 16.2
    endloop
  endfacet
  facet normal 0.671607 0.740908 -0
    outer loop
      vertex 19.0812 32.054 16.2
      vertex 18.9358 32.1858 17.6
      vertex 19.0812 32.054 17.6
    endloop
  endfacet
  facet normal 0.671607 0.740908 0
    outer loop
      vertex 18.9358 32.1858 17.6
      vertex 19.0812 32.054 16.2
      vertex 18.9358 32.1858 16.2
    endloop
  endfacet
  facet normal 0.857673 0.514196 0
    outer loop
      vertex 18.6871 32.4889 17.6
      vertex 18.5862 32.6572 16.2
      vertex 18.5862 32.6572 17.6
    endloop
  endfacet
  facet normal 0.857673 0.514196 0
    outer loop
      vertex 18.5862 32.6572 16.2
      vertex 18.6871 32.4889 17.6
      vertex 18.6871 32.4889 16.2
    endloop
  endfacet
  facet normal 0.9038 0.427955 0
    outer loop
      vertex 18.5862 32.6572 17.6
      vertex 18.5022 32.8346 16.2
      vertex 18.5022 32.8346 17.6
    endloop
  endfacet
  facet normal 0.9038 0.427955 0
    outer loop
      vertex 18.5022 32.8346 16.2
      vertex 18.5862 32.6572 17.6
      vertex 18.5862 32.6572 16.2
    endloop
  endfacet
  facet normal 0.243015 0.970023 -0
    outer loop
      vertex 19.9598 31.6384 16.2
      vertex 19.7694 31.6861 17.6
      vertex 19.9598 31.6384 17.6
    endloop
  endfacet
  facet normal 0.243015 0.970023 0
    outer loop
      vertex 19.7694 31.6861 17.6
      vertex 19.9598 31.6384 16.2
      vertex 19.7694 31.6861 16.2
    endloop
  endfacet
  facet normal 0.595508 0.80335 -0
    outer loop
      vertex 19.2389 31.9371 16.2
      vertex 19.0812 32.054 17.6
      vertex 19.2389 31.9371 17.6
    endloop
  endfacet
  facet normal 0.595508 0.80335 0
    outer loop
      vertex 19.0812 32.054 17.6
      vertex 19.2389 31.9371 16.2
      vertex 19.0812 32.054 16.2
    endloop
  endfacet
  facet normal 0.94158 0.336788 0
    outer loop
      vertex 18.5022 32.8346 17.6
      vertex 18.4361 33.0194 16.2
      vertex 18.4361 33.0194 17.6
    endloop
  endfacet
  facet normal 0.94158 0.336788 0
    outer loop
      vertex 18.4361 33.0194 16.2
      vertex 18.5022 32.8346 17.6
      vertex 18.5022 32.8346 16.2
    endloop
  endfacet
  facet normal 0.970023 0.243015 0
    outer loop
      vertex 18.4361 33.0194 17.6
      vertex 18.3884 33.2098 16.2
      vertex 18.3884 33.2098 17.6
    endloop
  endfacet
  facet normal 0.970023 0.243015 0
    outer loop
      vertex 18.3884 33.2098 16.2
      vertex 18.4361 33.0194 17.6
      vertex 18.4361 33.0194 16.2
    endloop
  endfacet
  facet normal -0.336788 0.94158 0
    outer loop
      vertex 21.1154 31.7522 16.2
      vertex 20.9306 31.6861 17.6
      vertex 21.1154 31.7522 17.6
    endloop
  endfacet
  facet normal -0.336788 0.94158 0
    outer loop
      vertex 20.9306 31.6861 17.6
      vertex 21.1154 31.7522 16.2
      vertex 20.9306 31.6861 16.2
    endloop
  endfacet
  facet normal -0.243015 0.970023 0
    outer loop
      vertex 20.9306 31.6861 16.2
      vertex 20.7402 31.6384 17.6
      vertex 20.9306 31.6861 17.6
    endloop
  endfacet
  facet normal -0.243015 0.970023 0
    outer loop
      vertex 20.7402 31.6384 17.6
      vertex 20.9306 31.6861 16.2
      vertex 20.7402 31.6384 16.2
    endloop
  endfacet
  facet normal 0.427955 0.9038 -0
    outer loop
      vertex 19.5846 31.7522 16.2
      vertex 19.4072 31.8362 17.6
      vertex 19.5846 31.7522 17.6
    endloop
  endfacet
  facet normal 0.427955 0.9038 0
    outer loop
      vertex 19.4072 31.8362 17.6
      vertex 19.5846 31.7522 16.2
      vertex 19.4072 31.8362 16.2
    endloop
  endfacet
  facet normal 0.514196 0.857673 -0
    outer loop
      vertex 19.4072 31.8362 16.2
      vertex 19.2389 31.9371 17.6
      vertex 19.4072 31.8362 17.6
    endloop
  endfacet
  facet normal 0.514196 0.857673 0
    outer loop
      vertex 19.2389 31.9371 17.6
      vertex 19.4072 31.8362 16.2
      vertex 19.2389 31.9371 16.2
    endloop
  endfacet
endsolid OpenSCAD_Model
